
> dipportfolio.github.io@1.0.0 dev:server
> tsx watch server/src/index.ts

◇ injected env (9) from .env // tip: ◈ secrets for agents [www.dotenvx.com]
{"ts":"2026-09-03T16:35:10.635Z","level":"info","service":"portfolio-api","message":"Connected to MongoDB database: portfolio_db"}
{"ts":"2026-09-03T16:35:11.011Z","level":"info","service":"portfolio-api","message":"Connected to MongoDB with 26 collections."}
{"ts":"2026-09-03T16:35:11.016Z","level":"info","service":"portfolio-api","message":"Server running on port 5000","meta":{"environment":"development"}}
{"ts":"2026-09-03T16:35:23.923Z","level":"info","service":"portfolio-api","message":"request","meta":{"method":"GET","path":"/api/settings","status":200}}
{"ts":"2026-09-03T16:35:24.135Z","level":"info","service":"portfolio-api","message":"request","meta":{"method":"GET","path":"/api/research-interests","status":200}}
{"ts":"2026-09-03T16:35:24.340Z","level":"info","service":"portfolio-api","message":"request","meta":{"method":"GET","path":"/api/about","status":200}}
{"ts":"2026-09-03T16:35:24.540Z","level":"info","service":"portfolio-api","message":"request","meta":{"method":"GET","path":"/api/publications","status":200}}
{"ts":"2026-09-03T16:35:39.944Z","level":"info","service":"portfolio-api","message":"request","meta":{"method":"GET","path":"/api/settings","status":200}}
{"ts":"2026-09-03T16:35:40.343Z","level":"info","service":"portfolio-api","message":"request","meta":{"method":"GET","path":"/api/research-interests","status":200}}
{"ts":"2026-09-03T16:35:40.346Z","level":"info","service":"portfolio-api","message":"request","meta":{"method":"GET","path":"/api/projects","status":200}}
{"ts":"2026-09-03T16:35:40.349Z","level":"info","service":"portfolio-api","message":"request","meta":{"method":"GET","path":"/api/publications","status":200}}
{"ts":"2026-09-03T16:35:40.353Z","level":"info","service":"portfolio-api","message":"request","meta":{"method":"GET","path":"/api/education","status":200}}
{"ts":"2026-09-03T16:35:40.355Z","level":"info","service":"portfolio-api","message":"request","meta":{"method":"GET","path":"/api/experience","status":200}}
{"ts":"2026-09-03T16:35:40.648Z","level":"info","service":"portfolio-api","message":"request","meta":{"method":"GET","path":"/api/internships","status":200}}
{"ts":"2026-09-03T16:35:40.839Z","level":"info","service":"portfolio-api","message":"request","meta":{"method":"GET","path":"/api/research-experience","status":200}}
{"ts":"2026-09-03T16:35:41.028Z","level":"info","service":"portfolio-api","message":"request","meta":{"method":"GET","path":"/api/skills","status":200}}
{"ts":"2026-09-03T16:35:41.219Z","level":"info","service":"portfolio-api","message":"request","meta":{"method":"GET","path":"/api/conferences","status":200}}
{"ts":"2026-09-03T16:35:41.435Z","level":"info","service":"portfolio-api","message":"request","meta":{"method":"GET","path":"/api/training","status":200}}
{"ts":"2026-09-03T16:35:41.638Z","level":"info","service":"portfolio-api","message":"request","meta":{"method":"GET","path":"/api/memberships","status":200}}
{"ts":"2026-09-03T16:35:41.831Z","level":"info","service":"portfolio-api","message":"request","meta":{"method":"GET","path":"/api/languages","status":200}}
{"ts":"2026-09-03T16:35:41.874Z","level":"info","service":"portfolio-api","message":"request","meta":{"method":"GET","path":"/api/hobbies","status":200}}
{"ts":"2026-09-03T16:35:41.876Z","level":"info","service":"portfolio-api","message":"request","meta":{"method":"GET","path":"/api/recommendations","status":200}}
{"ts":"2026-09-03T16:35:42.156Z","level":"info","service":"portfolio-api","message":"request","meta":{"method":"GET","path":"/api/about","status":200}}
{"ts":"2026-09-03T16:35:42.362Z","level":"info","service":"portfolio-api","message":"request","meta":{"method":"GET","path":"/api/media","status":200}}
{"ts":"2026-09-03T16:35:42.400Z","level":"info","service":"portfolio-api","message":"request","meta":{"method":"GET","path":"/uploads/screenshot-2026-09-03-201917-1788446147662-e69a59b6.png","status":200}}
{"ts":"2026-09-03T16:35:42.406Z","level":"info","service":"portfolio-api","message":"request","meta":{"method":"GET","path":"/uploads/screenshot-2026-09-03-202157-1788446263884-997f71d1.png","status":200}}
{"ts":"2026-09-03T16:35:42.694Z","level":"info","service":"portfolio-api","message":"request","meta":{"method":"GET","path":"/uploads/screenshot-2026-09-03-202410-1788446389925-e3fb8384.png","status":200}}
{"ts":"2026-09-03T16:35:53.406Z","level":"info","service":"portfolio-api","message":"request","meta":{"method":"GET","path":"/api/settings","status":200}}
{"ts":"2026-09-03T16:36:26.099Z","level":"info","service":"portfolio-api","message":"request","meta":{"method":"GET","path":"/api/settings","status":200}}
{"ts":"2026-09-03T16:36:26.250Z","level":"info","service":"portfolio-api","message":"request","meta":{"method":"GET","path":"/api/research-interests","status":200}}
{"ts":"2026-09-03T16:36:26.251Z","level":"info","service":"portfolio-api","message":"request","meta":{"method":"GET","path":"/api/projects","status":200}}
{"ts":"2026-09-03T16:36:26.252Z","level":"info","service":"portfolio-api","message":"request","meta":{"method":"GET","path":"/api/publications","status":200}}
{"ts":"2026-09-03T16:36:26.253Z","level":"info","service":"portfolio-api","message":"request","meta":{"method":"GET","path":"/api/education","status":200}}
{"ts":"2026-09-03T16:36:26.255Z","level":"info","service":"portfolio-api","message":"request","meta":{"method":"GET","path":"/api/experience","status":200}}
{"ts":"2026-09-03T16:36:26.598Z","level":"info","service":"portfolio-api","message":"request","meta":{"method":"GET","path":"/api/internships","status":200}}
{"ts":"2026-09-03T16:36:26.735Z","level":"info","service":"portfolio-api","message":"request","meta":{"method":"GET","path":"/api/research-experience","status":200}}
{"ts":"2026-09-03T16:36:26.756Z","level":"info","service":"portfolio-api","message":"request","meta":{"method":"GET","path":"/api/skills","status":200}}
{"ts":"2026-09-03T16:36:26.758Z","level":"info","service":"portfolio-api","message":"request","meta":{"method":"GET","path":"/api/conferences","status":200}}
{"ts":"2026-09-03T16:36:26.760Z","level":"info","service":"portfolio-api","message":"request","meta":{"method":"GET","path":"/api/training","status":200}}
{"ts":"2026-09-03T16:36:27.095Z","level":"info","service":"portfolio-api","message":"request","meta":{"method":"GET","path":"/api/memberships","status":200}}
{"ts":"2026-09-03T16:36:27.237Z","level":"info","service":"portfolio-api","message":"request","meta":{"method":"GET","path":"/api/languages","status":200}}
{"ts":"2026-09-03T16:36:27.258Z","level":"info","service":"portfolio-api","message":"request","meta":{"method":"GET","path":"/api/hobbies","status":200}}
{"ts":"2026-09-03T16:36:27.261Z","level":"info","service":"portfolio-api","message":"request","meta":{"method":"GET","path":"/api/recommendations","status":200}}
{"ts":"2026-09-03T16:36:27.263Z","level":"info","service":"portfolio-api","message":"request","meta":{"method":"GET","path":"/api/about","status":200}}
{"ts":"2026-09-03T16:36:27.593Z","level":"info","service":"portfolio-api","message":"request","meta":{"method":"GET","path":"/api/media","status":200}}
{"ts":"2026-09-03T16:36:27.695Z","level":"info","service":"portfolio-api","message":"request","meta":{"method":"GET","path":"/api/auth/me","status":200}}
{"ts":"2026-09-03T16:36:27.903Z","level":"info","service":"portfolio-api","message":"request","meta":{"method":"GET","path":"/api/auth/me","status":200}}
{"ts":"2026-09-03T16:37:03.169Z","level":"info","service":"portfolio-api","message":"request","meta":{"method":"GET","path":"/api/research-interests","status":200}}
{"ts":"2026-09-03T16:37:03.171Z","level":"info","service":"portfolio-api","message":"request","meta":{"method":"GET","path":"/api/projects","status":200}}
{"ts":"2026-09-03T16:37:03.173Z","level":"info","service":"portfolio-api","message":"request","meta":{"method":"GET","path":"/api/publications","status":200}}
{"ts":"2026-09-03T16:37:03.175Z","level":"info","service":"portfolio-api","message":"request","meta":{"method":"GET","path":"/api/education","status":200}}
{"ts":"2026-09-03T16:37:03.177Z","level":"info","service":"portfolio-api","message":"request","meta":{"method":"GET","path":"/api/settings","status":200}}
{"ts":"2026-09-03T16:37:03.179Z","level":"info","service":"portfolio-api","message":"request","meta":{"method":"GET","path":"/api/about","status":200}}
{"ts":"2026-09-03T16:37:03.660Z","level":"info","service":"portfolio-api","message":"request","meta":{"method":"GET","path":"/api/experience","status":200}}
{"ts":"2026-09-03T16:37:03.684Z","level":"info","service":"portfolio-api","message":"request","meta":{"method":"GET","path":"/api/internships","status":200}}
{"ts":"2026-09-03T16:37:03.685Z","level":"info","service":"portfolio-api","message":"request","meta":{"method":"GET","path":"/api/research-experience","status":200}}
{"ts":"2026-09-03T16:37:03.687Z","level":"info","service":"portfolio-api","message":"request","meta":{"method":"GET","path":"/api/skills","status":200}}
{"ts":"2026-09-03T16:37:03.689Z","level":"info","service":"portfolio-api","message":"request","meta":{"method":"GET","path":"/api/conferences","status":200}}
{"ts":"2026-09-03T16:37:03.690Z","level":"info","service":"portfolio-api","message":"request","meta":{"method":"GET","path":"/api/training","status":200}}
{"ts":"2026-09-03T16:37:04.162Z","level":"info","service":"portfolio-api","message":"request","meta":{"method":"GET","path":"/api/memberships","status":200}}
{"ts":"2026-09-03T16:37:04.185Z","level":"info","service":"portfolio-api","message":"request","meta":{"method":"GET","path":"/api/languages","status":200}}
{"ts":"2026-09-03T16:37:04.187Z","level":"info","service":"portfolio-api","message":"request","meta":{"method":"GET","path":"/api/hobbies","status":200}}
{"ts":"2026-09-03T16:37:04.189Z","level":"info","service":"portfolio-api","message":"request","meta":{"method":"GET","path":"/api/recommendations","status":200}}
{"ts":"2026-09-03T16:37:49.613Z","level":"info","service":"portfolio-api","message":"request","meta":{"method":"GET","path":"/api/settings","status":200}}
{"ts":"2026-09-03T16:37:49.759Z","level":"info","service":"portfolio-api","message":"request","meta":{"method":"GET","path":"/api/research-interests","status":200}}
{"ts":"2026-09-03T16:37:49.759Z","level":"info","service":"portfolio-api","message":"request","meta":{"method":"GET","path":"/api/projects","status":200}}
{"ts":"2026-09-03T16:37:49.760Z","level":"info","service":"portfolio-api","message":"request","meta":{"method":"GET","path":"/api/publications","status":200}}
{"ts":"2026-09-03T16:37:49.761Z","level":"info","service":"portfolio-api","message":"request","meta":{"method":"GET","path":"/api/education","status":200}}
{"ts":"2026-09-03T16:37:49.761Z","level":"info","service":"portfolio-api","message":"request","meta":{"method":"GET","path":"/api/experience","status":200}}
{"ts":"2026-09-03T16:37:50.110Z","level":"info","service":"portfolio-api","message":"request","meta":{"method":"GET","path":"/api/internships","status":200}}
{"ts":"2026-09-03T16:37:50.262Z","level":"info","service":"portfolio-api","message":"request","meta":{"method":"GET","path":"/api/research-experience","status":200}}
{"ts":"2026-09-03T16:37:50.264Z","level":"info","service":"portfolio-api","message":"request","meta":{"method":"GET","path":"/api/skills","status":200}}
{"ts":"2026-09-03T16:37:50.266Z","level":"info","service":"portfolio-api","message":"request","meta":{"method":"GET","path":"/api/conferences","status":200}}
{"ts":"2026-09-03T16:37:50.267Z","level":"info","service":"portfolio-api","message":"request","meta":{"method":"GET","path":"/api/training","status":200}}
{"ts":"2026-09-03T16:37:50.269Z","level":"info","service":"portfolio-api","message":"request","meta":{"method":"GET","path":"/api/memberships","status":200}}
{"ts":"2026-09-03T16:37:50.612Z","level":"info","service":"portfolio-api","message":"request","meta":{"method":"GET","path":"/api/languages","status":200}}
{"ts":"2026-09-03T16:37:50.761Z","level":"info","service":"portfolio-api","message":"request","meta":{"method":"GET","path":"/api/hobbies","status":200}}
{"ts":"2026-09-03T16:37:50.763Z","level":"info","service":"portfolio-api","message":"request","meta":{"method":"GET","path":"/api/recommendations","status":200}}
{"ts":"2026-09-03T16:37:50.764Z","level":"info","service":"portfolio-api","message":"request","meta":{"method":"GET","path":"/api/about","status":200}}
{"ts":"2026-09-03T16:37:50.767Z","level":"info","service":"portfolio-api","message":"request","meta":{"method":"GET","path":"/api/media","status":200}}
{"ts":"2026-09-03T16:37:50.768Z","level":"info","service":"portfolio-api","message":"request","meta":{"method":"GET","path":"/uploads/screenshot-2026-09-03-201917-1788446147662-e69a59b6.png","status":200}}
{"ts":"2026-09-03T16:37:51.089Z","level":"info","service":"portfolio-api","message":"request","meta":{"method":"GET","path":"/uploads/screenshot-2026-09-03-202157-1788446263884-997f71d1.png","status":200}}
{"ts":"2026-09-03T16:37:51.121Z","level":"info","service":"portfolio-api","message":"request","meta":{"method":"GET","path":"/uploads/screenshot-2026-09-03-202410-1788446389925-e3fb8384.png","status":200}}
{"ts":"2026-09-03T16:37:59.474Z","level":"info","service":"portfolio-api","message":"request","meta":{"method":"GET","path":"/api/settings","status":200}}
{"ts":"2026-09-03T16:37:59.631Z","level":"info","service":"portfolio-api","message":"request","meta":{"method":"GET","path":"/api/research-interests","status":200}}
{"ts":"2026-09-03T16:37:59.632Z","level":"info","service":"portfolio-api","message":"request","meta":{"method":"GET","path":"/api/projects","status":200}}
{"ts":"2026-09-03T16:37:59.633Z","level":"info","service":"portfolio-api","message":"request","meta":{"method":"GET","path":"/api/publications","status":200}}
{"ts":"2026-09-03T16:37:59.634Z","level":"info","service":"portfolio-api","message":"request","meta":{"method":"GET","path":"/api/education","status":200}}
{"ts":"2026-09-03T16:37:59.635Z","level":"info","service":"portfolio-api","message":"request","meta":{"method":"GET","path":"/api/experience","status":200}}
{"ts":"2026-09-03T16:37:59.966Z","level":"info","service":"portfolio-api","message":"request","meta":{"method":"GET","path":"/api/internships","status":200}}
{"ts":"2026-09-03T16:38:00.109Z","level":"info","service":"portfolio-api","message":"request","meta":{"method":"GET","path":"/api/research-experience","status":200}}
{"ts":"2026-09-03T16:38:00.132Z","level":"info","service":"portfolio-api","message":"request","meta":{"method":"GET","path":"/api/skills","status":200}}
{"ts":"2026-09-03T16:38:00.133Z","level":"info","service":"portfolio-api","message":"request","meta":{"method":"GET","path":"/api/conferences","status":200}}
{"ts":"2026-09-03T16:38:00.173Z","level":"info","service":"portfolio-api","message":"request","meta":{"method":"GET","path":"/api/training","status":200}}
{"ts":"2026-09-03T16:38:00.173Z","level":"info","service":"portfolio-api","message":"request","meta":{"method":"GET","path":"/api/memberships","status":200}}
{"ts":"2026-09-03T16:38:00.479Z","level":"info","service":"portfolio-api","message":"request","meta":{"method":"GET","path":"/api/languages","status":200}}
{"ts":"2026-09-03T16:38:00.637Z","level":"info","service":"portfolio-api","message":"request","meta":{"method":"GET","path":"/api/hobbies","status":200}}
{"ts":"2026-09-03T16:38:00.638Z","level":"info","service":"portfolio-api","message":"request","meta":{"method":"GET","path":"/api/recommendations","status":200}}
{"ts":"2026-09-03T16:38:00.643Z","level":"info","service":"portfolio-api","message":"request","meta":{"method":"GET","path":"/api/about","status":200}}
{"ts":"2026-09-03T16:38:00.669Z","level":"info","service":"portfolio-api","message":"request","meta":{"method":"GET","path":"/api/media","status":200}}
{"ts":"2026-09-03T16:38:00.731Z","level":"info","service":"portfolio-api","message":"request","meta":{"method":"GET","path":"/uploads/screenshot-2026-09-03-201917-1788446147662-e69a59b6.png","status":200}}
{"ts":"2026-09-03T16:38:00.994Z","level":"info","service":"portfolio-api","message":"request","meta":{"method":"GET","path":"/uploads/screenshot-2026-09-03-202157-1788446263884-997f71d1.png","status":200}}
{"ts":"2026-09-03T16:38:01.074Z","level":"info","service":"portfolio-api","message":"request","meta":{"method":"GET","path":"/uploads/screenshot-2026-09-03-202410-1788446389925-e3fb8384.png","status":200}}
{"ts":"2026-09-03T16:38:01.119Z","level":"info","service":"portfolio-api","message":"request","meta":{"method":"GET","path":"/uploads/screenshot-2026-09-03-202541-1788446455775-f9e447c5.png","status":200}}
{"ts":"2026-09-03T16:38:43.144Z","level":"info","service":"portfolio-api","message":"request","meta":{"method":"GET","path":"/api/settings","status":200}}
{"ts":"2026-09-03T16:38:43.281Z","level":"info","service":"portfolio-api","message":"request","meta":{"method":"GET","path":"/api/research-interests","status":200}}
{"ts":"2026-09-03T16:38:43.281Z","level":"info","service":"portfolio-api","message":"request","meta":{"method":"GET","path":"/api/projects","status":200}}
{"ts":"2026-09-03T16:38:43.282Z","level":"info","service":"portfolio-api","message":"request","meta":{"method":"GET","path":"/api/publications","status":200}}
{"ts":"2026-09-03T16:38:43.283Z","level":"info","service":"portfolio-api","message":"request","meta":{"method":"GET","path":"/api/education","status":200}}
{"ts":"2026-09-03T16:38:43.284Z","level":"info","service":"portfolio-api","message":"request","meta":{"method":"GET","path":"/api/experience","status":200}}
{"ts":"2026-09-03T16:38:43.644Z","level":"info","service":"portfolio-api","message":"request","meta":{"method":"GET","path":"/api/internships","status":200}}
{"ts":"2026-09-03T16:38:43.771Z","level":"info","service":"portfolio-api","message":"request","meta":{"method":"GET","path":"/api/research-experience","status":200}}
{"ts":"2026-09-03T16:38:43.773Z","level":"info","service":"portfolio-api","message":"request","meta":{"method":"GET","path":"/api/skills","status":200}}
{"ts":"2026-09-03T16:38:43.775Z","level":"info","service":"portfolio-api","message":"request","meta":{"method":"GET","path":"/api/conferences","status":200}}
{"ts":"2026-09-03T16:38:43.776Z","level":"info","service":"portfolio-api","message":"request","meta":{"method":"GET","path":"/api/training","status":200}}
{"ts":"2026-09-03T16:38:43.782Z","level":"info","service":"portfolio-api","message":"request","meta":{"method":"GET","path":"/api/memberships","status":200}}
{"ts":"2026-09-03T16:38:44.152Z","level":"info","service":"portfolio-api","message":"request","meta":{"method":"GET","path":"/api/languages","status":200}}
{"ts":"2026-09-03T16:38:44.253Z","level":"info","service":"portfolio-api","message":"request","meta":{"method":"GET","path":"/api/hobbies","status":200}}
{"ts":"2026-09-03T16:38:44.261Z","level":"info","service":"portfolio-api","message":"request","meta":{"method":"GET","path":"/api/recommendations","status":200}}
{"ts":"2026-09-03T16:38:44.270Z","level":"info","service":"portfolio-api","message":"request","meta":{"method":"GET","path":"/api/about","status":200}}
{"ts":"2026-09-03T16:38:44.276Z","level":"info","service":"portfolio-api","message":"request","meta":{"method":"GET","path":"/api/media","status":200}}
{"ts":"2026-09-03T16:38:44.286Z","level":"info","service":"portfolio-api","message":"request","meta":{"method":"GET","path":"/api/auth/me","status":200}}
{"ts":"2026-09-03T16:38:44.797Z","level":"info","service":"portfolio-api","message":"request","meta":{"method":"GET","path":"/api/auth/me","status":200}}
{"ts":"2026-09-03T16:38:51.456Z","level":"info","service":"portfolio-api","message":"request","meta":{"method":"GET","path":"/api/settings","status":200}}
{"ts":"2026-09-03T16:38:51.509Z","level":"info","service":"portfolio-api","message":"request","meta":{"method":"GET","path":"/api/research-interests","status":200}}
{"ts":"2026-09-03T16:38:51.510Z","level":"info","service":"portfolio-api","message":"request","meta":{"method":"GET","path":"/api/projects","status":200}}
{"ts":"2026-09-03T16:38:51.548Z","level":"info","service":"portfolio-api","message":"request","meta":{"method":"GET","path":"/api/publications","status":200}}
{"ts":"2026-09-03T16:38:51.550Z","level":"info","service":"portfolio-api","message":"request","meta":{"method":"GET","path":"/api/education","status":200}}
{"ts":"2026-09-03T16:38:51.551Z","level":"info","service":"portfolio-api","message":"request","meta":{"method":"GET","path":"/api/experience","status":200}}
{"ts":"2026-09-03T16:38:51.950Z","level":"info","service":"portfolio-api","message":"request","meta":{"method":"GET","path":"/api/internships","status":200}}
{"ts":"2026-09-03T16:38:51.996Z","level":"info","service":"portfolio-api","message":"request","meta":{"method":"GET","path":"/api/research-experience","status":200}}
{"ts":"2026-09-03T16:38:51.997Z","level":"info","service":"portfolio-api","message":"request","meta":{"method":"GET","path":"/api/skills","status":200}}
{"ts":"2026-09-03T16:38:52.037Z","level":"info","service":"portfolio-api","message":"request","meta":{"method":"GET","path":"/api/conferences","status":200}}
{"ts":"2026-09-03T16:38:52.039Z","level":"info","service":"portfolio-api","message":"request","meta":{"method":"GET","path":"/api/training","status":200}}
{"ts":"2026-09-03T16:38:52.047Z","level":"info","service":"portfolio-api","message":"request","meta":{"method":"GET","path":"/api/memberships","status":200}}
{"ts":"2026-09-03T16:38:52.446Z","level":"info","service":"portfolio-api","message":"request","meta":{"method":"GET","path":"/api/languages","status":200}}
{"ts":"2026-09-03T16:38:52.488Z","level":"info","service":"portfolio-api","message":"request","meta":{"method":"GET","path":"/api/hobbies","status":200}}
{"ts":"2026-09-03T16:38:52.489Z","level":"info","service":"portfolio-api","message":"request","meta":{"method":"GET","path":"/api/recommendations","status":200}}
{"ts":"2026-09-03T16:38:52.515Z","level":"info","service":"portfolio-api","message":"request","meta":{"method":"GET","path":"/api/about","status":200}}
{"ts":"2026-09-03T16:38:52.522Z","level":"info","service":"portfolio-api","message":"request","meta":{"method":"GET","path":"/api/media","status":200}}
{"ts":"2026-09-03T16:38:52.541Z","level":"info","service":"portfolio-api","message":"request","meta":{"method":"GET","path":"/api/auth/me","status":200}}
{"ts":"2026-09-03T16:38:52.951Z","level":"info","service":"portfolio-api","message":"request","meta":{"method":"GET","path":"/api/auth/me","status":200}}
{"ts":"2026-09-03T16:41:00.816Z","level":"info","service":"portfolio-api","message":"request","meta":{"method":"GET","path":"/api/settings","status":200}}
{"ts":"2026-09-03T16:41:00.958Z","level":"info","service":"portfolio-api","message":"request","meta":{"method":"GET","path":"/api/research-interests","status":200}}
{"ts":"2026-09-03T16:41:00.959Z","level":"info","service":"portfolio-api","message":"request","meta":{"method":"GET","path":"/api/projects","status":200}}
{"ts":"2026-09-03T16:41:00.959Z","level":"info","service":"portfolio-api","message":"request","meta":{"method":"GET","path":"/api/publications","status":200}}
{"ts":"2026-09-03T16:41:00.960Z","level":"info","service":"portfolio-api","message":"request","meta":{"method":"GET","path":"/api/education","status":200}}
{"ts":"2026-09-03T16:41:00.960Z","level":"info","service":"portfolio-api","message":"request","meta":{"method":"GET","path":"/api/experience","status":200}}
{"ts":"2026-09-03T16:41:01.314Z","level":"info","service":"portfolio-api","message":"request","meta":{"method":"GET","path":"/api/internships","status":200}}
{"ts":"2026-09-03T16:41:01.459Z","level":"info","service":"portfolio-api","message":"request","meta":{"method":"GET","path":"/api/research-experience","status":200}}
{"ts":"2026-09-03T16:41:01.460Z","level":"info","service":"portfolio-api","message":"request","meta":{"method":"GET","path":"/api/skills","status":200}}
{"ts":"2026-09-03T16:41:01.461Z","level":"info","service":"portfolio-api","message":"request","meta":{"method":"GET","path":"/api/conferences","status":200}}
{"ts":"2026-09-03T16:41:01.463Z","level":"info","service":"portfolio-api","message":"request","meta":{"method":"GET","path":"/api/training","status":200}}
{"ts":"2026-09-03T16:41:01.466Z","level":"info","service":"portfolio-api","message":"request","meta":{"method":"GET","path":"/api/memberships","status":200}}
{"ts":"2026-09-03T16:41:01.811Z","level":"info","service":"portfolio-api","message":"request","meta":{"method":"GET","path":"/api/languages","status":200}}
{"ts":"2026-09-03T16:41:01.945Z","level":"info","service":"portfolio-api","message":"request","meta":{"method":"GET","path":"/api/hobbies","status":200}}
{"ts":"2026-09-03T16:41:01.947Z","level":"info","service":"portfolio-api","message":"request","meta":{"method":"GET","path":"/api/recommendations","status":200}}
{"ts":"2026-09-03T16:41:01.972Z","level":"info","service":"portfolio-api","message":"request","meta":{"method":"GET","path":"/api/about","status":200}}
{"ts":"2026-09-03T16:41:01.973Z","level":"info","service":"portfolio-api","message":"request","meta":{"method":"GET","path":"/api/media","status":200}}
{"ts":"2026-09-03T16:41:01.977Z","level":"info","service":"portfolio-api","message":"request","meta":{"method":"GET","path":"/uploads/screenshot-2026-09-03-201917-1788446147662-e69a59b6.png","status":200}}
{"ts":"2026-09-03T16:41:02.674Z","level":"info","service":"portfolio-api","message":"request","meta":{"method":"GET","path":"/uploads/screenshot-2026-09-03-202157-1788446263884-997f71d1.png","status":200}}
{"ts":"2026-09-03T16:41:02.675Z","level":"info","service":"portfolio-api","message":"request","meta":{"method":"GET","path":"/uploads/screenshot-2026-09-03-202410-1788446389925-e3fb8384.png","status":200}}
{"ts":"2026-09-03T16:41:02.676Z","level":"info","service":"portfolio-api","message":"request","meta":{"method":"GET","path":"/uploads/screenshot-2026-09-03-202541-1788446455775-f9e447c5.png","status":200}}
{"ts":"2026-09-03T16:42:01.367Z","level":"info","service":"portfolio-api","message":"request","meta":{"method":"GET","path":"/api/settings","status":200}}
{"ts":"2026-09-03T16:42:01.544Z","level":"info","service":"portfolio-api","message":"request","meta":{"method":"GET","path":"/api/research-interests","status":200}}
{"ts":"2026-09-03T16:42:01.552Z","level":"info","service":"portfolio-api","message":"request","meta":{"method":"GET","path":"/api/projects","status":200}}
{"ts":"2026-09-03T16:42:01.553Z","level":"info","service":"portfolio-api","message":"request","meta":{"method":"GET","path":"/api/publications","status":200}}
{"ts":"2026-09-03T16:42:01.554Z","level":"info","service":"portfolio-api","message":"request","meta":{"method":"GET","path":"/api/education","status":200}}
{"ts":"2026-09-03T16:42:01.555Z","level":"info","service":"portfolio-api","message":"request","meta":{"method":"GET","path":"/api/experience","status":200}}
{"ts":"2026-09-03T16:42:01.857Z","level":"info","service":"portfolio-api","message":"request","meta":{"method":"GET","path":"/api/internships","status":200}}
{"ts":"2026-09-03T16:42:02.031Z","level":"info","service":"portfolio-api","message":"request","meta":{"method":"GET","path":"/api/research-experience","status":200}}
{"ts":"2026-09-03T16:42:02.040Z","level":"info","service":"portfolio-api","message":"request","meta":{"method":"GET","path":"/api/skills","status":200}}
{"ts":"2026-09-03T16:42:02.064Z","level":"info","service":"portfolio-api","message":"request","meta":{"method":"GET","path":"/api/conferences","status":200}}
{"ts":"2026-09-03T16:42:02.066Z","level":"info","service":"portfolio-api","message":"request","meta":{"method":"GET","path":"/api/training","status":200}}
{"ts":"2026-09-03T16:42:02.068Z","level":"info","service":"portfolio-api","message":"request","meta":{"method":"GET","path":"/api/memberships","status":200}}
{"ts":"2026-09-03T16:42:02.357Z","level":"info","service":"portfolio-api","message":"request","meta":{"method":"GET","path":"/api/languages","status":200}}
{"ts":"2026-09-03T16:42:02.523Z","level":"info","service":"portfolio-api","message":"request","meta":{"method":"GET","path":"/api/hobbies","status":200}}
{"ts":"2026-09-03T16:42:02.531Z","level":"info","service":"portfolio-api","message":"request","meta":{"method":"GET","path":"/api/recommendations","status":200}}
{"ts":"2026-09-03T16:42:02.557Z","level":"info","service":"portfolio-api","message":"request","meta":{"method":"GET","path":"/api/about","status":200}}
{"ts":"2026-09-03T16:42:02.560Z","level":"info","service":"portfolio-api","message":"request","meta":{"method":"GET","path":"/api/media","status":200}}
{"ts":"2026-09-03T16:42:02.575Z","level":"info","service":"portfolio-api","message":"request","meta":{"method":"GET","path":"/uploads/screenshot-2026-09-03-201917-1788446147662-e69a59b6.png","status":200}}
{"ts":"2026-09-03T16:42:02.857Z","level":"info","service":"portfolio-api","message":"request","meta":{"method":"GET","path":"/uploads/screenshot-2026-09-03-202157-1788446263884-997f71d1.png","status":200}}
{"ts":"2026-09-03T16:42:02.888Z","level":"info","service":"portfolio-api","message":"request","meta":{"method":"GET","path":"/uploads/screenshot-2026-09-03-202410-1788446389925-e3fb8384.png","status":200}}
{"ts":"2026-09-03T16:42:03.017Z","level":"info","service":"portfolio-api","message":"request","meta":{"method":"GET","path":"/uploads/screenshot-2026-09-03-202541-1788446455775-f9e447c5.png","status":200}}
{"ts":"2026-09-03T16:43:35.434Z","level":"info","service":"portfolio-api","message":"request","meta":{"method":"GET","path":"/api/settings","status":200}}
{"ts":"2026-09-03T16:43:35.548Z","level":"info","service":"portfolio-api","message":"request","meta":{"method":"GET","path":"/api/research-interests","status":200}}
{"ts":"2026-09-03T16:43:35.549Z","level":"info","service":"portfolio-api","message":"request","meta":{"method":"GET","path":"/api/projects","status":200}}
{"ts":"2026-09-03T16:43:35.550Z","level":"info","service":"portfolio-api","message":"request","meta":{"method":"GET","path":"/api/publications","status":200}}
{"ts":"2026-09-03T16:43:35.551Z","level":"info","service":"portfolio-api","message":"request","meta":{"method":"GET","path":"/api/education","status":200}}
{"ts":"2026-09-03T16:43:35.552Z","level":"info","service":"portfolio-api","message":"request","meta":{"method":"GET","path":"/api/experience","status":200}}
{"ts":"2026-09-03T16:43:35.928Z","level":"info","service":"portfolio-api","message":"request","meta":{"method":"GET","path":"/api/internships","status":200}}
{"ts":"2026-09-03T16:43:36.027Z","level":"info","service":"portfolio-api","message":"request","meta":{"method":"GET","path":"/api/research-experience","status":200}}
{"ts":"2026-09-03T16:43:36.049Z","level":"info","service":"portfolio-api","message":"request","meta":{"method":"GET","path":"/api/skills","status":200}}
{"ts":"2026-09-03T16:43:36.050Z","level":"info","service":"portfolio-api","message":"request","meta":{"method":"GET","path":"/api/conferences","status":200}}
{"ts":"2026-09-03T16:43:36.052Z","level":"info","service":"portfolio-api","message":"request","meta":{"method":"GET","path":"/api/training","status":200}}
{"ts":"2026-09-03T16:43:36.058Z","level":"info","service":"portfolio-api","message":"request","meta":{"method":"GET","path":"/api/memberships","status":200}}
{"ts":"2026-09-03T16:43:36.428Z","level":"info","service":"portfolio-api","message":"request","meta":{"method":"GET","path":"/api/languages","status":200}}
{"ts":"2026-09-03T16:43:36.525Z","level":"info","service":"portfolio-api","message":"request","meta":{"method":"GET","path":"/api/hobbies","status":200}}
{"ts":"2026-09-03T16:43:36.542Z","level":"info","service":"portfolio-api","message":"request","meta":{"method":"GET","path":"/api/about","status":200}}
{"ts":"2026-09-03T16:43:36.544Z","level":"info","service":"portfolio-api","message":"request","meta":{"method":"GET","path":"/api/recommendations","status":200}}
{"ts":"2026-09-03T16:43:36.561Z","level":"info","service":"portfolio-api","message":"request","meta":{"method":"GET","path":"/api/media","status":200}}
{"ts":"2026-09-03T16:43:36.568Z","level":"info","service":"portfolio-api","message":"request","meta":{"method":"GET","path":"/uploads/screenshot-2026-09-03-201917-1788446147662-e69a59b6.png","status":200}}
{"ts":"2026-09-03T16:43:36.887Z","level":"info","service":"portfolio-api","message":"request","meta":{"method":"GET","path":"/uploads/screenshot-2026-09-03-202157-1788446263884-997f71d1.png","status":200}}
{"ts":"2026-09-03T16:43:36.921Z","level":"info","service":"portfolio-api","message":"request","meta":{"method":"GET","path":"/uploads/screenshot-2026-09-03-202410-1788446389925-e3fb8384.png","status":200}}
{"ts":"2026-09-03T16:43:37.024Z","level":"info","service":"portfolio-api","message":"request","meta":{"method":"GET","path":"/uploads/screenshot-2026-09-03-202541-1788446455775-f9e447c5.png","status":200}}
{"ts":"2026-09-03T16:46:02.908Z","level":"info","service":"portfolio-api","message":"request","meta":{"method":"GET","path":"/api/settings","status":200}}
{"ts":"2026-09-03T16:46:03.018Z","level":"info","service":"portfolio-api","message":"request","meta":{"method":"GET","path":"/api/research-interests","status":200}}
{"ts":"2026-09-03T16:46:03.018Z","level":"info","service":"portfolio-api","message":"request","meta":{"method":"GET","path":"/api/projects","status":200}}
{"ts":"2026-09-03T16:46:03.019Z","level":"info","service":"portfolio-api","message":"request","meta":{"method":"GET","path":"/api/publications","status":200}}
{"ts":"2026-09-03T16:46:03.019Z","level":"info","service":"portfolio-api","message":"request","meta":{"method":"GET","path":"/api/education","status":200}}
{"ts":"2026-09-03T16:46:03.020Z","level":"info","service":"portfolio-api","message":"request","meta":{"method":"GET","path":"/api/experience","status":200}}
{"ts":"2026-09-03T16:46:03.399Z","level":"info","service":"portfolio-api","message":"request","meta":{"method":"GET","path":"/api/internships","status":200}}
{"ts":"2026-09-03T16:46:03.513Z","level":"info","service":"portfolio-api","message":"request","meta":{"method":"GET","path":"/api/research-experience","status":200}}
{"ts":"2026-09-03T16:46:03.514Z","level":"info","service":"portfolio-api","message":"request","meta":{"method":"GET","path":"/api/skills","status":200}}
{"ts":"2026-09-03T16:46:03.516Z","level":"info","service":"portfolio-api","message":"request","meta":{"method":"GET","path":"/api/conferences","status":200}}
{"ts":"2026-09-03T16:46:03.517Z","level":"info","service":"portfolio-api","message":"request","meta":{"method":"GET","path":"/api/memberships","status":200}}
{"ts":"2026-09-03T16:46:03.518Z","level":"info","service":"portfolio-api","message":"request","meta":{"method":"GET","path":"/api/training","status":200}}
{"ts":"2026-09-03T16:46:03.896Z","level":"info","service":"portfolio-api","message":"request","meta":{"method":"GET","path":"/api/languages","status":200}}
{"ts":"2026-09-03T16:46:03.994Z","level":"info","service":"portfolio-api","message":"request","meta":{"method":"GET","path":"/api/hobbies","status":200}}
{"ts":"2026-09-03T16:46:04.010Z","level":"info","service":"portfolio-api","message":"request","meta":{"method":"GET","path":"/api/recommendations","status":200}}
{"ts":"2026-09-03T16:46:04.012Z","level":"info","service":"portfolio-api","message":"request","meta":{"method":"GET","path":"/api/about","status":200}}
{"ts":"2026-09-03T16:46:04.013Z","level":"info","service":"portfolio-api","message":"request","meta":{"method":"GET","path":"/api/media","status":200}}
{"ts":"2026-09-03T16:46:04.037Z","level":"info","service":"portfolio-api","message":"request","meta":{"method":"GET","path":"/uploads/screenshot-2026-09-03-201917-1788446147662-e69a59b6.png","status":200}}
{"ts":"2026-09-03T16:46:04.759Z","level":"info","service":"portfolio-api","message":"request","meta":{"method":"GET","path":"/uploads/screenshot-2026-09-03-202157-1788446263884-997f71d1.png","status":200}}
{"ts":"2026-09-03T16:46:04.760Z","level":"info","service":"portfolio-api","message":"request","meta":{"method":"GET","path":"/uploads/screenshot-2026-09-03-202410-1788446389925-e3fb8384.png","status":200}}
{"ts":"2026-09-03T16:46:04.760Z","level":"info","service":"portfolio-api","message":"request","meta":{"method":"GET","path":"/uploads/screenshot-2026-09-03-202541-1788446455775-f9e447c5.png","status":200}}
{"ts":"2026-09-03T16:46:14.735Z","level":"info","service":"portfolio-api","message":"request","meta":{"method":"GET","path":"/api/about","status":200}}
{"ts":"2026-09-03T16:46:16.457Z","level":"info","service":"portfolio-api","message":"request","meta":{"method":"GET","path":"/api/research-interests","status":200}}
{"ts":"2026-09-03T16:46:16.458Z","level":"info","service":"portfolio-api","message":"request","meta":{"method":"GET","path":"/api/projects","status":200}}
{"ts":"2026-09-03T16:46:16.769Z","level":"info","service":"portfolio-api","message":"request","meta":{"method":"GET","path":"/api/publications","status":200}}
{"ts":"2026-09-03T16:46:16.771Z","level":"info","service":"portfolio-api","message":"request","meta":{"method":"GET","path":"/api/education","status":200}}
{"ts":"2026-09-03T16:46:16.772Z","level":"info","service":"portfolio-api","message":"request","meta":{"method":"GET","path":"/api/experience","status":200}}
{"ts":"2026-09-03T16:46:16.774Z","level":"info","service":"portfolio-api","message":"request","meta":{"method":"GET","path":"/api/internships","status":200}}
{"ts":"2026-09-03T16:46:16.949Z","level":"info","service":"portfolio-api","message":"request","meta":{"method":"GET","path":"/api/research-experience","status":200}}
{"ts":"2026-09-03T16:46:16.952Z","level":"info","service":"portfolio-api","message":"request","meta":{"method":"GET","path":"/api/skills","status":200}}
{"ts":"2026-09-03T16:46:17.253Z","level":"info","service":"portfolio-api","message":"request","meta":{"method":"GET","path":"/api/conferences","status":200}}
{"ts":"2026-09-03T16:46:17.256Z","level":"info","service":"portfolio-api","message":"request","meta":{"method":"GET","path":"/api/training","status":200}}
{"ts":"2026-09-03T16:46:17.261Z","level":"info","service":"portfolio-api","message":"request","meta":{"method":"GET","path":"/api/memberships","status":200}}
{"ts":"2026-09-03T16:46:17.274Z","level":"info","service":"portfolio-api","message":"request","meta":{"method":"GET","path":"/api/languages","status":200}}
{"ts":"2026-09-03T16:46:17.433Z","level":"info","service":"portfolio-api","message":"request","meta":{"method":"GET","path":"/api/hobbies","status":200}}
{"ts":"2026-09-03T16:46:17.435Z","level":"info","service":"portfolio-api","message":"request","meta":{"method":"GET","path":"/api/recommendations","status":200}}
{"ts":"2026-09-03T16:46:17.740Z","level":"info","service":"portfolio-api","message":"request","meta":{"method":"GET","path":"/api/about","status":200}}
{"ts":"2026-09-03T16:46:17.741Z","level":"info","service":"portfolio-api","message":"request","meta":{"method":"GET","path":"/api/settings","status":200}}
{"ts":"2026-09-03T16:46:44.562Z","level":"info","service":"portfolio-api","message":"request","meta":{"method":"GET","path":"/api/settings","status":200}}
{"ts":"2026-09-03T16:46:44.564Z","level":"info","service":"portfolio-api","message":"request","meta":{"method":"GET","path":"/api/about","status":200}}
{"ts":"2026-09-03T16:46:44.565Z","level":"info","service":"portfolio-api","message":"request","meta":{"method":"GET","path":"/api/research-interests","status":200}}
{"ts":"2026-09-03T16:46:44.566Z","level":"info","service":"portfolio-api","message":"request","meta":{"method":"GET","path":"/api/projects","status":200}}
{"ts":"2026-09-03T16:46:44.567Z","level":"info","service":"portfolio-api","message":"request","meta":{"method":"GET","path":"/api/publications","status":200}}
{"ts":"2026-09-03T16:46:44.568Z","level":"info","service":"portfolio-api","message":"request","meta":{"method":"GET","path":"/api/education","status":200}}
{"ts":"2026-09-03T16:46:45.063Z","level":"info","service":"portfolio-api","message":"request","meta":{"method":"GET","path":"/api/experience","status":200}}
{"ts":"2026-09-03T16:46:45.065Z","level":"info","service":"portfolio-api","message":"request","meta":{"method":"GET","path":"/api/internships","status":200}}
{"ts":"2026-09-03T16:46:45.066Z","level":"info","service":"portfolio-api","message":"request","meta":{"method":"GET","path":"/api/research-experience","status":200}}
{"ts":"2026-09-03T16:46:45.067Z","level":"info","service":"portfolio-api","message":"request","meta":{"method":"GET","path":"/api/skills","status":200}}
{"ts":"2026-09-03T16:46:45.076Z","level":"info","service":"portfolio-api","message":"request","meta":{"method":"GET","path":"/api/conferences","status":200}}
{"ts":"2026-09-03T16:46:45.077Z","level":"info","service":"portfolio-api","message":"request","meta":{"method":"GET","path":"/api/training","status":200}}
{"ts":"2026-09-03T16:46:45.573Z","level":"info","service":"portfolio-api","message":"request","meta":{"method":"GET","path":"/api/memberships","status":200}}
{"ts":"2026-09-03T16:46:45.575Z","level":"info","service":"portfolio-api","message":"request","meta":{"method":"GET","path":"/api/languages","status":200}}
{"ts":"2026-09-03T16:46:45.576Z","level":"info","service":"portfolio-api","message":"request","meta":{"method":"GET","path":"/api/hobbies","status":200}}
{"ts":"2026-09-03T16:46:45.578Z","level":"info","service":"portfolio-api","message":"request","meta":{"method":"GET","path":"/api/recommendations","status":200}}
{"ts":"2026-09-03T16:49:12.537Z","level":"info","service":"portfolio-api","message":"request","meta":{"method":"GET","path":"/api/settings","status":200}}
{"ts":"2026-09-03T16:49:12.539Z","level":"info","service":"portfolio-api","message":"request","meta":{"method":"GET","path":"/api/education","status":200}}
{"ts":"2026-09-03T16:49:12.540Z","level":"info","service":"portfolio-api","message":"request","meta":{"method":"GET","path":"/api/about","status":200}}
{"ts":"2026-09-03T16:49:12.542Z","level":"info","service":"portfolio-api","message":"request","meta":{"method":"GET","path":"/api/research-interests","status":200}}
{"ts":"2026-09-03T16:49:12.543Z","level":"info","service":"portfolio-api","message":"request","meta":{"method":"GET","path":"/api/projects","status":200}}
{"ts":"2026-09-03T16:49:12.544Z","level":"info","service":"portfolio-api","message":"request","meta":{"method":"GET","path":"/api/publications","status":200}}
{"ts":"2026-09-03T16:49:13.026Z","level":"info","service":"portfolio-api","message":"request","meta":{"method":"GET","path":"/api/experience","status":200}}
{"ts":"2026-09-03T16:49:13.028Z","level":"info","service":"portfolio-api","message":"request","meta":{"method":"GET","path":"/api/internships","status":200}}
{"ts":"2026-09-03T16:49:13.046Z","level":"info","service":"portfolio-api","message":"request","meta":{"method":"GET","path":"/api/research-experience","status":200}}
{"ts":"2026-09-03T16:49:13.048Z","level":"info","service":"portfolio-api","message":"request","meta":{"method":"GET","path":"/api/skills","status":200}}
{"ts":"2026-09-03T16:49:13.049Z","level":"info","service":"portfolio-api","message":"request","meta":{"method":"GET","path":"/api/conferences","status":200}}
{"ts":"2026-09-03T16:49:13.050Z","level":"info","service":"portfolio-api","message":"request","meta":{"method":"GET","path":"/api/training","status":200}}
{"ts":"2026-09-03T16:49:13.519Z","level":"info","service":"portfolio-api","message":"request","meta":{"method":"GET","path":"/api/memberships","status":200}}
{"ts":"2026-09-03T16:49:13.539Z","level":"info","service":"portfolio-api","message":"request","meta":{"method":"GET","path":"/api/languages","status":200}}
{"ts":"2026-09-03T16:49:13.541Z","level":"info","service":"portfolio-api","message":"request","meta":{"method":"GET","path":"/api/hobbies","status":200}}
{"ts":"2026-09-03T16:49:13.542Z","level":"info","service":"portfolio-api","message":"request","meta":{"method":"GET","path":"/api/recommendations","status":200}}
{"ts":"2026-09-03T16:50:16.524Z","level":"info","service":"portfolio-api","message":"request","meta":{"method":"GET","path":"/api/settings","status":200}}
{"ts":"2026-09-03T16:50:16.526Z","level":"info","service":"portfolio-api","message":"request","meta":{"method":"GET","path":"/api/about","status":200}}
{"ts":"2026-09-03T16:50:16.527Z","level":"info","service":"portfolio-api","message":"request","meta":{"method":"GET","path":"/api/research-interests","status":200}}
{"ts":"2026-09-03T16:50:16.528Z","level":"info","service":"portfolio-api","message":"request","meta":{"method":"GET","path":"/api/projects","status":200}}
{"ts":"2026-09-03T16:50:16.530Z","level":"info","service":"portfolio-api","message":"request","meta":{"method":"GET","path":"/api/publications","status":200}}
{"ts":"2026-09-03T16:50:16.531Z","level":"info","service":"portfolio-api","message":"request","meta":{"method":"GET","path":"/api/education","status":200}}
{"ts":"2026-09-03T16:50:17.021Z","level":"info","service":"portfolio-api","message":"request","meta":{"method":"GET","path":"/api/experience","status":200}}
{"ts":"2026-09-03T16:50:17.023Z","level":"info","service":"portfolio-api","message":"request","meta":{"method":"GET","path":"/api/internships","status":200}}
{"ts":"2026-09-03T16:50:17.024Z","level":"info","service":"portfolio-api","message":"request","meta":{"method":"GET","path":"/api/research-experience","status":200}}
{"ts":"2026-09-03T16:50:17.025Z","level":"info","service":"portfolio-api","message":"request","meta":{"method":"GET","path":"/api/skills","status":200}}
{"ts":"2026-09-03T16:50:17.029Z","level":"info","service":"portfolio-api","message":"request","meta":{"method":"GET","path":"/api/conferences","status":200}}
{"ts":"2026-09-03T16:50:17.030Z","level":"info","service":"portfolio-api","message":"request","meta":{"method":"GET","path":"/api/training","status":200}}
{"ts":"2026-09-03T16:50:17.528Z","level":"info","service":"portfolio-api","message":"request","meta":{"method":"GET","path":"/api/memberships","status":200}}
{"ts":"2026-09-03T16:50:17.529Z","level":"info","service":"portfolio-api","message":"request","meta":{"method":"GET","path":"/api/languages","status":200}}
{"ts":"2026-09-03T16:50:17.530Z","level":"info","service":"portfolio-api","message":"request","meta":{"method":"GET","path":"/api/hobbies","status":200}}
{"ts":"2026-09-03T16:50:17.531Z","level":"info","service":"portfolio-api","message":"request","meta":{"method":"GET","path":"/api/recommendations","status":200}}
{"ts":"2026-09-03T16:50:17.902Z","level":"info","service":"portfolio-api","message":"request","meta":{"method":"GET","path":"/api/settings","status":200}}
{"ts":"2026-09-03T16:50:23.884Z","level":"info","service":"portfolio-api","message":"request","meta":{"method":"GET","path":"/api/settings","status":200}}
{"ts":"2026-09-03T16:50:24.587Z","level":"info","service":"portfolio-api","message":"request","meta":{"method":"GET","path":"/api/settings","status":200}}
{"ts":"2026-09-03T16:50:24.893Z","level":"info","service":"portfolio-api","message":"request","meta":{"method":"GET","path":"/api/about","status":200}}
{"ts":"2026-09-03T16:50:24.894Z","level":"info","service":"portfolio-api","message":"request","meta":{"method":"GET","path":"/api/research-interests","status":200}}
{"ts":"2026-09-03T16:50:24.895Z","level":"info","service":"portfolio-api","message":"request","meta":{"method":"GET","path":"/api/projects","status":200}}
{"ts":"2026-09-03T16:50:24.896Z","level":"info","service":"portfolio-api","message":"request","meta":{"method":"GET","path":"/api/publications","status":200}}
{"ts":"2026-09-03T16:50:24.897Z","level":"info","service":"portfolio-api","message":"request","meta":{"method":"GET","path":"/api/education","status":200}}
{"ts":"2026-09-03T16:50:25.084Z","level":"info","service":"portfolio-api","message":"request","meta":{"method":"GET","path":"/api/experience","status":200}}
{"ts":"2026-09-03T16:50:25.397Z","level":"info","service":"portfolio-api","message":"request","meta":{"method":"GET","path":"/api/internships","status":200}}
{"ts":"2026-09-03T16:50:25.398Z","level":"info","service":"portfolio-api","message":"request","meta":{"method":"GET","path":"/api/research-experience","status":200}}
{"ts":"2026-09-03T16:50:25.400Z","level":"info","service":"portfolio-api","message":"request","meta":{"method":"GET","path":"/api/skills","status":200}}
{"ts":"2026-09-03T16:50:25.401Z","level":"info","service":"portfolio-api","message":"request","meta":{"method":"GET","path":"/api/conferences","status":200}}
{"ts":"2026-09-03T16:50:25.402Z","level":"info","service":"portfolio-api","message":"request","meta":{"method":"GET","path":"/api/training","status":200}}
{"ts":"2026-09-03T16:50:25.582Z","level":"info","service":"portfolio-api","message":"request","meta":{"method":"GET","path":"/api/memberships","status":200}}
{"ts":"2026-09-03T16:50:25.903Z","level":"info","service":"portfolio-api","message":"request","meta":{"method":"GET","path":"/api/languages","status":200}}
{"ts":"2026-09-03T16:50:25.904Z","level":"info","service":"portfolio-api","message":"request","meta":{"method":"GET","path":"/api/hobbies","status":200}}
{"ts":"2026-09-03T16:50:25.906Z","level":"info","service":"portfolio-api","message":"request","meta":{"method":"GET","path":"/api/recommendations","status":200}}
{"ts":"2026-09-03T16:50:51.396Z","level":"info","service":"portfolio-api","message":"request","meta":{"method":"GET","path":"/api/settings","status":200}}
{"ts":"2026-09-03T16:50:51.551Z","level":"info","service":"portfolio-api","message":"request","meta":{"method":"GET","path":"/api/research-interests","status":200}}
{"ts":"2026-09-03T16:50:51.554Z","level":"info","service":"portfolio-api","message":"request","meta":{"method":"GET","path":"/api/projects","status":200}}
{"ts":"2026-09-03T16:50:51.557Z","level":"info","service":"portfolio-api","message":"request","meta":{"method":"GET","path":"/api/publications","status":200}}
{"ts":"2026-09-03T16:50:51.558Z","level":"info","service":"portfolio-api","message":"request","meta":{"method":"GET","path":"/api/education","status":200}}
{"ts":"2026-09-03T16:50:51.559Z","level":"info","service":"portfolio-api","message":"request","meta":{"method":"GET","path":"/api/experience","status":200}}
{"ts":"2026-09-03T16:50:51.900Z","level":"info","service":"portfolio-api","message":"request","meta":{"method":"GET","path":"/api/internships","status":200}}
{"ts":"2026-09-03T16:50:52.038Z","level":"info","service":"portfolio-api","message":"request","meta":{"method":"GET","path":"/api/research-experience","status":200}}
{"ts":"2026-09-03T16:50:52.049Z","level":"info","service":"portfolio-api","message":"request","meta":{"method":"GET","path":"/api/skills","status":200}}
{"ts":"2026-09-03T16:50:52.052Z","level":"info","service":"portfolio-api","message":"request","meta":{"method":"GET","path":"/api/conferences","status":200}}
{"ts":"2026-09-03T16:50:52.057Z","level":"info","service":"portfolio-api","message":"request","meta":{"method":"GET","path":"/api/training","status":200}}
{"ts":"2026-09-03T16:50:52.060Z","level":"info","service":"portfolio-api","message":"request","meta":{"method":"GET","path":"/api/memberships","status":200}}
{"ts":"2026-09-03T16:50:52.399Z","level":"info","service":"portfolio-api","message":"request","meta":{"method":"GET","path":"/api/languages","status":200}}
{"ts":"2026-09-03T16:50:52.530Z","level":"info","service":"portfolio-api","message":"request","meta":{"method":"GET","path":"/api/hobbies","status":200}}
{"ts":"2026-09-03T16:50:52.540Z","level":"info","service":"portfolio-api","message":"request","meta":{"method":"GET","path":"/api/recommendations","status":200}}
{"ts":"2026-09-03T16:50:52.542Z","level":"info","service":"portfolio-api","message":"request","meta":{"method":"GET","path":"/api/about","status":200}}
{"ts":"2026-09-03T16:50:52.553Z","level":"info","service":"portfolio-api","message":"request","meta":{"method":"GET","path":"/api/media","status":200}}
{"ts":"2026-09-03T16:50:52.575Z","level":"info","service":"portfolio-api","message":"request","meta":{"method":"GET","path":"/uploads/screenshot-2026-09-03-201917-1788446147662-e69a59b6.png","status":200}}
{"ts":"2026-09-03T16:50:52.893Z","level":"info","service":"portfolio-api","message":"request","meta":{"method":"GET","path":"/uploads/screenshot-2026-09-03-202157-1788446263884-997f71d1.png","status":200}}
{"ts":"2026-09-03T16:50:52.902Z","level":"info","service":"portfolio-api","message":"request","meta":{"method":"GET","path":"/uploads/screenshot-2026-09-03-202410-1788446389925-e3fb8384.png","status":200}}
{"ts":"2026-09-03T16:50:53.024Z","level":"info","service":"portfolio-api","message":"request","meta":{"method":"GET","path":"/uploads/screenshot-2026-09-03-202541-1788446455775-f9e447c5.png","status":200}}
{"ts":"2026-09-03T16:51:46.626Z","level":"info","service":"portfolio-api","message":"request","meta":{"method":"GET","path":"/api/settings","status":200}}
{"ts":"2026-09-03T16:51:47.086Z","level":"info","service":"portfolio-api","message":"request","meta":{"method":"GET","path":"/api/research-interests","status":200}}
{"ts":"2026-09-03T16:51:47.087Z","level":"info","service":"portfolio-api","message":"request","meta":{"method":"GET","path":"/api/projects","status":200}}
{"ts":"2026-09-03T16:51:47.090Z","level":"info","service":"portfolio-api","message":"request","meta":{"method":"GET","path":"/api/publications","status":200}}
{"ts":"2026-09-03T16:51:47.091Z","level":"info","service":"portfolio-api","message":"request","meta":{"method":"GET","path":"/api/education","status":200}}
{"ts":"2026-09-03T16:51:47.092Z","level":"info","service":"portfolio-api","message":"request","meta":{"method":"GET","path":"/api/experience","status":200}}
{"ts":"2026-09-03T16:51:47.389Z","level":"info","service":"portfolio-api","message":"request","meta":{"method":"GET","path":"/api/internships","status":200}}
{"ts":"2026-09-03T16:51:47.574Z","level":"info","service":"portfolio-api","message":"request","meta":{"method":"GET","path":"/api/research-experience","status":200}}
{"ts":"2026-09-03T16:51:47.575Z","level":"info","service":"portfolio-api","message":"request","meta":{"method":"GET","path":"/api/skills","status":200}}
{"ts":"2026-09-03T16:51:47.588Z","level":"info","service":"portfolio-api","message":"request","meta":{"method":"GET","path":"/api/memberships","status":200}}
{"ts":"2026-09-03T16:51:47.590Z","level":"info","service":"portfolio-api","message":"request","meta":{"method":"GET","path":"/api/conferences","status":200}}
{"ts":"2026-09-03T16:51:47.591Z","level":"info","service":"portfolio-api","message":"request","meta":{"method":"GET","path":"/api/training","status":200}}
{"ts":"2026-09-03T16:51:47.899Z","level":"info","service":"portfolio-api","message":"request","meta":{"method":"GET","path":"/api/languages","status":200}}
{"ts":"2026-09-03T16:51:48.074Z","level":"info","service":"portfolio-api","message":"request","meta":{"method":"GET","path":"/api/hobbies","status":200}}
{"ts":"2026-09-03T16:51:48.076Z","level":"info","service":"portfolio-api","message":"request","meta":{"method":"GET","path":"/api/recommendations","status":200}}
{"ts":"2026-09-03T16:51:48.078Z","level":"info","service":"portfolio-api","message":"request","meta":{"method":"GET","path":"/api/about","status":200}}
{"ts":"2026-09-03T16:51:48.080Z","level":"info","service":"portfolio-api","message":"request","meta":{"method":"GET","path":"/api/media","status":200}}
{"ts":"2026-09-03T16:52:32.805Z","level":"info","service":"portfolio-api","message":"request","meta":{"method":"POST","path":"/api/auth/login","status":200}}
{"ts":"2026-09-03T16:52:34.214Z","level":"info","service":"portfolio-api","message":"request","meta":{"method":"GET","path":"/api/projects/all","status":200}}
{"ts":"2026-09-03T16:52:34.217Z","level":"info","service":"portfolio-api","message":"request","meta":{"method":"GET","path":"/api/publications/all","status":200}}
{"ts":"2026-09-03T16:52:34.219Z","level":"info","service":"portfolio-api","message":"request","meta":{"method":"GET","path":"/api/education/all","status":200}}
{"ts":"2026-09-03T16:52:34.222Z","level":"info","service":"portfolio-api","message":"request","meta":{"method":"GET","path":"/api/experience/all","status":200}}
{"ts":"2026-09-03T16:52:34.224Z","level":"info","service":"portfolio-api","message":"request","meta":{"method":"GET","path":"/api/skills/all","status":200}}
{"ts":"2026-09-03T16:52:34.225Z","level":"info","service":"portfolio-api","message":"request","meta":{"method":"GET","path":"/api/contact","status":200}}
{"ts":"2026-09-03T16:52:34.706Z","level":"info","service":"portfolio-api","message":"request","meta":{"method":"GET","path":"/api/media","status":200}}
{"ts":"2026-09-03T16:52:34.708Z","level":"info","service":"portfolio-api","message":"request","meta":{"method":"GET","path":"/api/cv","status":200}}
{"ts":"2026-09-03T16:52:34.712Z","level":"info","service":"portfolio-api","message":"request","meta":{"method":"GET","path":"/api/audit-logs","status":200}}
{"ts":"2026-09-03T16:52:36.925Z","level":"info","service":"portfolio-api","message":"request","meta":{"method":"GET","path":"/api/cv","status":200}}
{"ts":"2026-09-03T16:52:39.442Z","level":"info","service":"portfolio-api","message":"request","meta":{"method":"GET","path":"/api/projects/all","status":200}}
{"ts":"2026-09-03T16:52:39.757Z","level":"info","service":"portfolio-api","message":"request","meta":{"method":"GET","path":"/api/publications/all","status":200}}
{"ts":"2026-09-03T16:52:39.759Z","level":"info","service":"portfolio-api","message":"request","meta":{"method":"GET","path":"/api/education/all","status":200}}
{"ts":"2026-09-03T16:52:39.761Z","level":"info","service":"portfolio-api","message":"request","meta":{"method":"GET","path":"/api/experience/all","status":200}}
{"ts":"2026-09-03T16:52:39.763Z","level":"info","service":"portfolio-api","message":"request","meta":{"method":"GET","path":"/api/skills/all","status":200}}
{"ts":"2026-09-03T16:52:39.765Z","level":"info","service":"portfolio-api","message":"request","meta":{"method":"GET","path":"/api/media","status":200}}
{"ts":"2026-09-03T16:52:39.937Z","level":"info","service":"portfolio-api","message":"request","meta":{"method":"GET","path":"/api/cv","status":200}}
{"ts":"2026-09-03T16:52:49.287Z","level":"info","service":"portfolio-api","message":"request","meta":{"method":"GET","path":"/api/settings","status":200}}
{"ts":"2026-09-03T16:52:49.349Z","level":"info","service":"portfolio-api","message":"request","meta":{"method":"GET","path":"/api/research-interests","status":200}}
{"ts":"2026-09-03T16:52:49.350Z","level":"info","service":"portfolio-api","message":"request","meta":{"method":"GET","path":"/api/projects","status":200}}
{"ts":"2026-09-03T16:52:49.384Z","level":"info","service":"portfolio-api","message":"request","meta":{"method":"GET","path":"/api/publications","status":200}}
{"ts":"2026-09-03T16:52:49.384Z","level":"info","service":"portfolio-api","message":"request","meta":{"method":"GET","path":"/api/education","status":200}}
{"ts":"2026-09-03T16:52:49.385Z","level":"info","service":"portfolio-api","message":"request","meta":{"method":"GET","path":"/api/experience","status":200}}
{"ts":"2026-09-03T16:52:49.778Z","level":"info","service":"portfolio-api","message":"request","meta":{"method":"GET","path":"/api/internships","status":200}}
{"ts":"2026-09-03T16:52:49.850Z","level":"info","service":"portfolio-api","message":"request","meta":{"method":"GET","path":"/api/research-experience","status":200}}
{"ts":"2026-09-03T16:52:49.852Z","level":"info","service":"portfolio-api","message":"request","meta":{"method":"GET","path":"/api/skills","status":200}}
{"ts":"2026-09-03T16:52:49.881Z","level":"info","service":"portfolio-api","message":"request","meta":{"method":"GET","path":"/api/conferences","status":200}}
{"ts":"2026-09-03T16:52:49.883Z","level":"info","service":"portfolio-api","message":"request","meta":{"method":"GET","path":"/api/training","status":200}}
{"ts":"2026-09-03T16:52:49.884Z","level":"info","service":"portfolio-api","message":"request","meta":{"method":"GET","path":"/api/memberships","status":200}}
{"ts":"2026-09-03T16:52:50.283Z","level":"info","service":"portfolio-api","message":"request","meta":{"method":"GET","path":"/api/languages","status":200}}
{"ts":"2026-09-03T16:52:50.349Z","level":"info","service":"portfolio-api","message":"request","meta":{"method":"GET","path":"/api/hobbies","status":200}}
{"ts":"2026-09-03T16:52:50.351Z","level":"info","service":"portfolio-api","message":"request","meta":{"method":"GET","path":"/api/recommendations","status":200}}
{"ts":"2026-09-03T16:52:50.379Z","level":"info","service":"portfolio-api","message":"request","meta":{"method":"GET","path":"/api/about","status":200}}
{"ts":"2026-09-03T16:52:50.381Z","level":"info","service":"portfolio-api","message":"request","meta":{"method":"GET","path":"/api/media","status":200}}
{"ts":"2026-09-03T16:52:50.395Z","level":"info","service":"portfolio-api","message":"request","meta":{"method":"GET","path":"/api/auth/me","status":200}}
{"ts":"2026-09-03T16:52:50.891Z","level":"info","service":"portfolio-api","message":"request","meta":{"method":"GET","path":"/api/auth/me","status":200}}
{"ts":"2026-09-03T16:52:50.905Z","level":"info","service":"portfolio-api","message":"request","meta":{"method":"GET","path":"/api/projects/all","status":200}}
{"ts":"2026-09-03T16:52:51.075Z","level":"info","service":"portfolio-api","message":"request","meta":{"method":"GET","path":"/api/publications/all","status":200}}
{"ts":"2026-09-03T16:52:51.077Z","level":"info","service":"portfolio-api","message":"request","meta":{"method":"GET","path":"/api/education/all","status":200}}
{"ts":"2026-09-03T16:52:51.079Z","level":"info","service":"portfolio-api","message":"request","meta":{"method":"GET","path":"/api/experience/all","status":200}}
{"ts":"2026-09-03T16:52:51.081Z","level":"info","service":"portfolio-api","message":"request","meta":{"method":"GET","path":"/api/skills/all","status":200}}
{"ts":"2026-09-03T16:52:51.397Z","level":"info","service":"portfolio-api","message":"request","meta":{"method":"GET","path":"/api/contact","status":200}}
{"ts":"2026-09-03T16:52:51.401Z","level":"info","service":"portfolio-api","message":"request","meta":{"method":"GET","path":"/api/media","status":200}}
{"ts":"2026-09-03T16:52:51.563Z","level":"info","service":"portfolio-api","message":"request","meta":{"method":"GET","path":"/api/cv","status":200}}
{"ts":"2026-09-03T16:52:51.568Z","level":"info","service":"portfolio-api","message":"request","meta":{"method":"GET","path":"/api/audit-logs","status":200}}
{"ts":"2026-09-03T16:53:01.665Z","level":"info","service":"portfolio-api","message":"request","meta":{"method":"POST","path":"/api/auth/logout","status":200}}
{"ts":"2026-09-03T17:00:14.456Z","level":"info","service":"portfolio-api","message":"request","meta":{"method":"GET","path":"/api/settings","status":200}}
{"ts":"2026-09-03T17:00:14.607Z","level":"info","service":"portfolio-api","message":"request","meta":{"method":"GET","path":"/api/research-interests","status":200}}
{"ts":"2026-09-03T17:00:14.609Z","level":"info","service":"portfolio-api","message":"request","meta":{"method":"GET","path":"/api/projects","status":200}}
{"ts":"2026-09-03T17:00:14.612Z","level":"info","service":"portfolio-api","message":"request","meta":{"method":"GET","path":"/api/publications","status":200}}
{"ts":"2026-09-03T17:00:14.616Z","level":"info","service":"portfolio-api","message":"request","meta":{"method":"GET","path":"/api/education","status":200}}
{"ts":"2026-09-03T17:00:14.620Z","level":"info","service":"portfolio-api","message":"request","meta":{"method":"GET","path":"/api/experience","status":200}}
{"ts":"2026-09-03T17:00:14.940Z","level":"info","service":"portfolio-api","message":"request","meta":{"method":"GET","path":"/api/internships","status":200}}
{"ts":"2026-09-03T17:00:15.101Z","level":"info","service":"portfolio-api","message":"request","meta":{"method":"GET","path":"/api/research-experience","status":200}}
{"ts":"2026-09-03T17:00:15.102Z","level":"info","service":"portfolio-api","message":"request","meta":{"method":"GET","path":"/api/skills","status":200}}
{"ts":"2026-09-03T17:00:15.112Z","level":"info","service":"portfolio-api","message":"request","meta":{"method":"GET","path":"/api/conferences","status":200}}
{"ts":"2026-09-03T17:00:15.113Z","level":"info","service":"portfolio-api","message":"request","meta":{"method":"GET","path":"/api/training","status":200}}
{"ts":"2026-09-03T17:00:15.113Z","level":"info","service":"portfolio-api","message":"request","meta":{"method":"GET","path":"/api/memberships","status":200}}
{"ts":"2026-09-03T17:00:15.430Z","level":"info","service":"portfolio-api","message":"request","meta":{"method":"GET","path":"/api/languages","status":200}}
{"ts":"2026-09-03T17:00:15.595Z","level":"info","service":"portfolio-api","message":"request","meta":{"method":"GET","path":"/api/hobbies","status":200}}
{"ts":"2026-09-03T17:00:15.597Z","level":"info","service":"portfolio-api","message":"request","meta":{"method":"GET","path":"/api/recommendations","status":200}}
{"ts":"2026-09-03T17:00:15.601Z","level":"info","service":"portfolio-api","message":"request","meta":{"method":"GET","path":"/api/about","status":200}}
{"ts":"2026-09-03T17:00:15.602Z","level":"info","service":"portfolio-api","message":"request","meta":{"method":"GET","path":"/api/media","status":200}}
{"ts":"2026-09-03T17:00:15.603Z","level":"info","service":"portfolio-api","message":"request","meta":{"method":"GET","path":"/api/auth/me","status":200}}
{"ts":"2026-09-03T17:00:16.332Z","level":"info","service":"portfolio-api","message":"request","meta":{"method":"GET","path":"/api/auth/me","status":200}}
{"ts":"2026-09-03T17:00:16.333Z","level":"info","service":"portfolio-api","message":"request","meta":{"method":"GET","path":"/uploads/screenshot-2026-09-03-201917-1788446147662-e69a59b6.png","status":200}}
{"ts":"2026-09-03T17:00:16.334Z","level":"info","service":"portfolio-api","message":"request","meta":{"method":"GET","path":"/uploads/screenshot-2026-09-03-202157-1788446263884-997f71d1.png","status":200}}
{"ts":"2026-09-03T17:00:16.334Z","level":"info","service":"portfolio-api","message":"request","meta":{"method":"GET","path":"/uploads/screenshot-2026-09-03-202410-1788446389925-e3fb8384.png","status":200}}
{"ts":"2026-09-03T17:00:16.334Z","level":"info","service":"portfolio-api","message":"request","meta":{"method":"GET","path":"/uploads/screenshot-2026-09-03-202541-1788446455775-f9e447c5.png","status":200}}
{"ts":"2026-09-03T17:00:42.760Z","level":"info","service":"portfolio-api","message":"request","meta":{"method":"GET","path":"/api/projects/all","status":200}}
{"ts":"2026-09-03T17:00:42.875Z","level":"info","service":"portfolio-api","message":"request","meta":{"method":"GET","path":"/api/publications/all","status":200}}
{"ts":"2026-09-03T17:00:42.876Z","level":"info","service":"portfolio-api","message":"request","meta":{"method":"GET","path":"/api/education/all","status":200}}
{"ts":"2026-09-03T17:00:42.877Z","level":"info","service":"portfolio-api","message":"request","meta":{"method":"GET","path":"/api/experience/all","status":200}}
{"ts":"2026-09-03T17:00:42.879Z","level":"info","service":"portfolio-api","message":"request","meta":{"method":"GET","path":"/api/skills/all","status":200}}
{"ts":"2026-09-03T17:00:42.879Z","level":"info","service":"portfolio-api","message":"request","meta":{"method":"GET","path":"/api/contact","status":200}}
{"ts":"2026-09-03T17:00:43.257Z","level":"info","service":"portfolio-api","message":"request","meta":{"method":"GET","path":"/api/media","status":200}}
{"ts":"2026-09-03T17:00:43.370Z","level":"info","service":"portfolio-api","message":"request","meta":{"method":"GET","path":"/api/audit-logs","status":200}}
{"ts":"2026-09-03T17:00:43.371Z","level":"info","service":"portfolio-api","message":"request","meta":{"method":"GET","path":"/api/cv","status":200}}
{"ts":"2026-09-03T17:01:03.176Z","level":"info","service":"portfolio-api","message":"request","meta":{"method":"GET","path":"/api/settings","status":200}}
{"ts":"2026-09-03T17:01:03.240Z","level":"info","service":"portfolio-api","message":"request","meta":{"method":"GET","path":"/api/research-interests","status":200}}
{"ts":"2026-09-03T17:01:03.242Z","level":"info","service":"portfolio-api","message":"request","meta":{"method":"GET","path":"/api/projects","status":200}}
{"ts":"2026-09-03T17:01:03.243Z","level":"info","service":"portfolio-api","message":"request","meta":{"method":"GET","path":"/api/publications","status":200}}
{"ts":"2026-09-03T17:01:03.244Z","level":"info","service":"portfolio-api","message":"request","meta":{"method":"GET","path":"/api/education","status":200}}
{"ts":"2026-09-03T17:01:03.245Z","level":"info","service":"portfolio-api","message":"request","meta":{"method":"GET","path":"/api/experience","status":200}}
{"ts":"2026-09-03T17:01:03.668Z","level":"info","service":"portfolio-api","message":"request","meta":{"method":"GET","path":"/api/internships","status":200}}
{"ts":"2026-09-03T17:01:03.741Z","level":"info","service":"portfolio-api","message":"request","meta":{"method":"GET","path":"/api/training","status":200}}
{"ts":"2026-09-03T17:01:03.742Z","level":"info","service":"portfolio-api","message":"request","meta":{"method":"GET","path":"/api/memberships","status":200}}
{"ts":"2026-09-03T17:01:03.742Z","level":"info","service":"portfolio-api","message":"request","meta":{"method":"GET","path":"/api/research-experience","status":200}}
{"ts":"2026-09-03T17:01:03.743Z","level":"info","service":"portfolio-api","message":"request","meta":{"method":"GET","path":"/api/skills","status":200}}
{"ts":"2026-09-03T17:01:03.743Z","level":"info","service":"portfolio-api","message":"request","meta":{"method":"GET","path":"/api/conferences","status":200}}
{"ts":"2026-09-03T17:01:04.162Z","level":"info","service":"portfolio-api","message":"request","meta":{"method":"GET","path":"/api/languages","status":200}}
{"ts":"2026-09-03T17:01:04.227Z","level":"info","service":"portfolio-api","message":"request","meta":{"method":"GET","path":"/api/hobbies","status":200}}
{"ts":"2026-09-03T17:01:04.228Z","level":"info","service":"portfolio-api","message":"request","meta":{"method":"GET","path":"/api/recommendations","status":200}}
{"ts":"2026-09-03T17:01:04.239Z","level":"info","service":"portfolio-api","message":"request","meta":{"method":"GET","path":"/api/about","status":200}}
{"ts":"2026-09-03T17:01:42.490Z","level":"info","service":"portfolio-api","message":"request","meta":{"method":"GET","path":"/uploads/certificates/awards-p34-X27.jpg","status":200}}
{"ts":"2026-09-03T17:01:43.818Z","level":"info","service":"portfolio-api","message":"request","meta":{"method":"GET","path":"/api/settings","status":200}}
{"ts":"2026-09-03T17:01:43.819Z","level":"info","service":"portfolio-api","message":"request","meta":{"method":"GET","path":"/api/about","status":200}}
{"ts":"2026-09-03T17:01:44.130Z","level":"info","service":"portfolio-api","message":"request","meta":{"method":"GET","path":"/api/research-interests","status":200}}
{"ts":"2026-09-03T17:01:44.131Z","level":"info","service":"portfolio-api","message":"request","meta":{"method":"GET","path":"/api/projects","status":200}}
{"ts":"2026-09-03T17:01:44.132Z","level":"info","service":"portfolio-api","message":"request","meta":{"method":"GET","path":"/api/publications","status":200}}
{"ts":"2026-09-03T17:01:44.133Z","level":"info","service":"portfolio-api","message":"request","meta":{"method":"GET","path":"/api/education","status":200}}
{"ts":"2026-09-03T17:01:44.304Z","level":"info","service":"portfolio-api","message":"request","meta":{"method":"GET","path":"/api/experience","status":200}}
{"ts":"2026-09-03T17:01:44.321Z","level":"info","service":"portfolio-api","message":"request","meta":{"method":"GET","path":"/api/internships","status":200}}
{"ts":"2026-09-03T17:01:44.628Z","level":"info","service":"portfolio-api","message":"request","meta":{"method":"GET","path":"/api/conferences","status":200}}
{"ts":"2026-09-03T17:01:44.628Z","level":"info","service":"portfolio-api","message":"request","meta":{"method":"GET","path":"/api/research-experience","status":200}}
{"ts":"2026-09-03T17:01:44.630Z","level":"info","service":"portfolio-api","message":"request","meta":{"method":"GET","path":"/api/skills","status":200}}
{"ts":"2026-09-03T17:01:44.634Z","level":"info","service":"portfolio-api","message":"request","meta":{"method":"GET","path":"/api/training","status":200}}
{"ts":"2026-09-03T17:01:44.782Z","level":"info","service":"portfolio-api","message":"request","meta":{"method":"GET","path":"/api/memberships","status":200}}
{"ts":"2026-09-03T17:01:44.821Z","level":"info","service":"portfolio-api","message":"request","meta":{"method":"GET","path":"/api/languages","status":200}}
{"ts":"2026-09-03T17:01:45.109Z","level":"info","service":"portfolio-api","message":"request","meta":{"method":"GET","path":"/api/hobbies","status":200}}
{"ts":"2026-09-03T17:01:45.125Z","level":"info","service":"portfolio-api","message":"request","meta":{"method":"GET","path":"/api/recommendations","status":200}}
{"ts":"2026-09-03T17:05:59.222Z","level":"info","service":"portfolio-api","message":"request","meta":{"method":"GET","path":"/api/settings","status":200}}
{"ts":"2026-09-03T17:05:59.384Z","level":"info","service":"portfolio-api","message":"request","meta":{"method":"GET","path":"/api/research-interests","status":200}}
{"ts":"2026-09-03T17:05:59.385Z","level":"info","service":"portfolio-api","message":"request","meta":{"method":"GET","path":"/api/projects","status":200}}
{"ts":"2026-09-03T17:05:59.388Z","level":"info","service":"portfolio-api","message":"request","meta":{"method":"GET","path":"/api/publications","status":200}}
{"ts":"2026-09-03T17:05:59.389Z","level":"info","service":"portfolio-api","message":"request","meta":{"method":"GET","path":"/api/education","status":200}}
{"ts":"2026-09-03T17:05:59.391Z","level":"info","service":"portfolio-api","message":"request","meta":{"method":"GET","path":"/api/experience","status":200}}
{"ts":"2026-09-03T17:05:59.709Z","level":"info","service":"portfolio-api","message":"request","meta":{"method":"GET","path":"/api/internships","status":200}}
{"ts":"2026-09-03T17:05:59.894Z","level":"info","service":"portfolio-api","message":"request","meta":{"method":"GET","path":"/api/research-experience","status":200}}
{"ts":"2026-09-03T17:05:59.895Z","level":"info","service":"portfolio-api","message":"request","meta":{"method":"GET","path":"/api/skills","status":200}}
{"ts":"2026-09-03T17:05:59.896Z","level":"info","service":"portfolio-api","message":"request","meta":{"method":"GET","path":"/api/conferences","status":200}}
{"ts":"2026-09-03T17:05:59.897Z","level":"info","service":"portfolio-api","message":"request","meta":{"method":"GET","path":"/api/training","status":200}}
{"ts":"2026-09-03T17:05:59.900Z","level":"info","service":"portfolio-api","message":"request","meta":{"method":"GET","path":"/api/memberships","status":200}}
{"ts":"2026-09-03T17:06:00.204Z","level":"info","service":"portfolio-api","message":"request","meta":{"method":"GET","path":"/api/languages","status":200}}
{"ts":"2026-09-03T17:06:00.399Z","level":"info","service":"portfolio-api","message":"request","meta":{"method":"GET","path":"/api/hobbies","status":200}}
{"ts":"2026-09-03T17:06:00.401Z","level":"info","service":"portfolio-api","message":"request","meta":{"method":"GET","path":"/api/recommendations","status":200}}
{"ts":"2026-09-03T17:06:00.403Z","level":"info","service":"portfolio-api","message":"request","meta":{"method":"GET","path":"/api/about","status":200}}
{"ts":"2026-09-03T17:06:00.404Z","level":"info","service":"portfolio-api","message":"request","meta":{"method":"GET","path":"/api/media","status":200}}
{"ts":"2026-09-03T17:06:00.406Z","level":"info","service":"portfolio-api","message":"request","meta":{"method":"GET","path":"/api/auth/me","status":200}}
{"ts":"2026-09-03T17:06:01.100Z","level":"info","service":"portfolio-api","message":"request","meta":{"method":"GET","path":"/api/auth/me","status":200}}
{"ts":"2026-09-03T17:06:10.045Z","level":"info","service":"portfolio-api","message":"request","meta":{"method":"GET","path":"/api/projects/all","status":200}}
{"ts":"2026-09-03T17:06:10.146Z","level":"info","service":"portfolio-api","message":"request","meta":{"method":"GET","path":"/api/contact","status":200}}
{"ts":"2026-09-03T17:06:10.147Z","level":"info","service":"portfolio-api","message":"request","meta":{"method":"GET","path":"/api/publications/all","status":200}}
{"ts":"2026-09-03T17:06:10.148Z","level":"info","service":"portfolio-api","message":"request","meta":{"method":"GET","path":"/api/education/all","status":200}}
{"ts":"2026-09-03T17:06:10.151Z","level":"info","service":"portfolio-api","message":"request","meta":{"method":"GET","path":"/api/experience/all","status":200}}
{"ts":"2026-09-03T17:06:10.154Z","level":"info","service":"portfolio-api","message":"request","meta":{"method":"GET","path":"/api/skills/all","status":200}}
{"ts":"2026-09-03T17:06:10.543Z","level":"info","service":"portfolio-api","message":"request","meta":{"method":"GET","path":"/api/media","status":200}}
{"ts":"2026-09-03T17:06:10.643Z","level":"info","service":"portfolio-api","message":"request","meta":{"method":"GET","path":"/api/cv","status":200}}
{"ts":"2026-09-03T17:06:10.645Z","level":"info","service":"portfolio-api","message":"request","meta":{"method":"GET","path":"/api/audit-logs","status":200}}
{"ts":"2026-09-03T17:06:52.552Z","level":"info","service":"portfolio-api","message":"request","meta":{"method":"POST","path":"/api/auth/logout","status":200}}
{"ts":"2026-09-03T17:07:12.418Z","level":"info","service":"portfolio-api","message":"request","meta":{"method":"POST","path":"/api/auth/login","status":200}}
{"ts":"2026-09-03T17:07:14.098Z","level":"info","service":"portfolio-api","message":"request","meta":{"method":"GET","path":"/api/projects/all","status":200}}
{"ts":"2026-09-03T17:07:14.100Z","level":"info","service":"portfolio-api","message":"request","meta":{"method":"GET","path":"/api/publications/all","status":200}}
{"ts":"2026-09-03T17:07:14.101Z","level":"info","service":"portfolio-api","message":"request","meta":{"method":"GET","path":"/api/education/all","status":200}}
{"ts":"2026-09-03T17:07:14.103Z","level":"info","service":"portfolio-api","message":"request","meta":{"method":"GET","path":"/api/experience/all","status":200}}
{"ts":"2026-09-03T17:07:14.105Z","level":"info","service":"portfolio-api","message":"request","meta":{"method":"GET","path":"/api/skills/all","status":200}}
{"ts":"2026-09-03T17:07:14.106Z","level":"info","service":"portfolio-api","message":"request","meta":{"method":"GET","path":"/api/media","status":200}}
{"ts":"2026-09-03T17:07:14.587Z","level":"info","service":"portfolio-api","message":"request","meta":{"method":"GET","path":"/api/cv","status":200}}
{"ts":"2026-09-03T17:07:19.372Z","level":"info","service":"portfolio-api","message":"request","meta":{"method":"GET","path":"/api/settings","status":200}}
{"ts":"2026-09-03T17:07:19.434Z","level":"info","service":"portfolio-api","message":"request","meta":{"method":"GET","path":"/api/research-interests","status":200}}
{"ts":"2026-09-03T17:07:19.435Z","level":"info","service":"portfolio-api","message":"request","meta":{"method":"GET","path":"/api/projects","status":200}}
{"ts":"2026-09-03T17:07:19.435Z","level":"info","service":"portfolio-api","message":"request","meta":{"method":"GET","path":"/api/publications","status":200}}
{"ts":"2026-09-03T17:07:19.436Z","level":"info","service":"portfolio-api","message":"request","meta":{"method":"GET","path":"/api/education","status":200}}
{"ts":"2026-09-03T17:07:19.436Z","level":"info","service":"portfolio-api","message":"request","meta":{"method":"GET","path":"/api/experience","status":200}}
{"ts":"2026-09-03T17:07:19.867Z","level":"info","service":"portfolio-api","message":"request","meta":{"method":"GET","path":"/api/internships","status":200}}
{"ts":"2026-09-03T17:07:19.915Z","level":"info","service":"portfolio-api","message":"request","meta":{"method":"GET","path":"/api/research-experience","status":200}}
{"ts":"2026-09-03T17:07:19.916Z","level":"info","service":"portfolio-api","message":"request","meta":{"method":"GET","path":"/api/skills","status":200}}
{"ts":"2026-09-03T17:07:19.932Z","level":"info","service":"portfolio-api","message":"request","meta":{"method":"GET","path":"/api/conferences","status":200}}
{"ts":"2026-09-03T17:07:19.933Z","level":"info","service":"portfolio-api","message":"request","meta":{"method":"GET","path":"/api/training","status":200}}
{"ts":"2026-09-03T17:07:19.934Z","level":"info","service":"portfolio-api","message":"request","meta":{"method":"GET","path":"/api/memberships","status":200}}
{"ts":"2026-09-03T17:07:20.365Z","level":"info","service":"portfolio-api","message":"request","meta":{"method":"GET","path":"/api/languages","status":200}}
{"ts":"2026-09-03T17:07:20.410Z","level":"info","service":"portfolio-api","message":"request","meta":{"method":"GET","path":"/api/hobbies","status":200}}
{"ts":"2026-09-03T17:07:20.412Z","level":"info","service":"portfolio-api","message":"request","meta":{"method":"GET","path":"/api/recommendations","status":200}}
{"ts":"2026-09-03T17:07:20.417Z","level":"info","service":"portfolio-api","message":"request","meta":{"method":"GET","path":"/api/about","status":200}}
{"ts":"2026-09-03T17:07:20.418Z","level":"info","service":"portfolio-api","message":"request","meta":{"method":"GET","path":"/api/media","status":200}}
{"ts":"2026-09-03T17:07:20.428Z","level":"info","service":"portfolio-api","message":"request","meta":{"method":"GET","path":"/api/auth/me","status":200}}
{"ts":"2026-09-03T17:07:20.921Z","level":"info","service":"portfolio-api","message":"request","meta":{"method":"GET","path":"/api/auth/me","status":200}}
{"ts":"2026-09-03T17:07:22.161Z","level":"info","service":"portfolio-api","message":"request","meta":{"method":"GET","path":"/api/auth/me","status":200}}
{"ts":"2026-09-03T17:07:22.241Z","level":"info","service":"portfolio-api","message":"request","meta":{"method":"GET","path":"/api/settings","status":200}}
{"ts":"2026-09-03T17:07:22.353Z","level":"info","service":"portfolio-api","message":"request","meta":{"method":"GET","path":"/api/auth/me","status":200}}
{"ts":"2026-09-03T17:07:22.415Z","level":"info","service":"portfolio-api","message":"request","meta":{"method":"GET","path":"/api/projects/all","status":200}}
{"ts":"2026-09-03T17:07:22.416Z","level":"info","service":"portfolio-api","message":"request","meta":{"method":"GET","path":"/api/publications/all","status":200}}
{"ts":"2026-09-03T17:07:22.417Z","level":"info","service":"portfolio-api","message":"request","meta":{"method":"GET","path":"/api/education/all","status":200}}
{"ts":"2026-09-03T17:07:22.721Z","level":"info","service":"portfolio-api","message":"request","meta":{"method":"GET","path":"/api/experience/all","status":200}}
{"ts":"2026-09-03T17:07:22.748Z","level":"info","service":"portfolio-api","message":"request","meta":{"method":"GET","path":"/api/skills/all","status":200}}
{"ts":"2026-09-03T17:07:22.852Z","level":"info","service":"portfolio-api","message":"request","meta":{"method":"GET","path":"/api/contact","status":200}}
{"ts":"2026-09-03T17:07:22.903Z","level":"info","service":"portfolio-api","message":"request","meta":{"method":"GET","path":"/api/cv","status":200}}
{"ts":"2026-09-03T17:07:22.905Z","level":"info","service":"portfolio-api","message":"request","meta":{"method":"GET","path":"/api/media","status":200}}
{"ts":"2026-09-03T17:07:22.910Z","level":"info","service":"portfolio-api","message":"request","meta":{"method":"GET","path":"/api/audit-logs","status":200}}
{"ts":"2026-09-03T17:07:31.099Z","level":"info","service":"portfolio-api","message":"request","meta":{"method":"GET","path":"/api/settings","status":200}}
{"ts":"2026-09-03T17:07:31.100Z","level":"info","service":"portfolio-api","message":"request","meta":{"method":"GET","path":"/api/about","status":200}}
{"ts":"2026-09-03T17:07:31.100Z","level":"info","service":"portfolio-api","message":"request","meta":{"method":"GET","path":"/api/research-interests","status":200}}
{"ts":"2026-09-03T17:07:31.101Z","level":"info","service":"portfolio-api","message":"request","meta":{"method":"GET","path":"/api/projects","status":200}}
{"ts":"2026-09-03T17:07:31.101Z","level":"info","service":"portfolio-api","message":"request","meta":{"method":"GET","path":"/api/publications","status":200}}
{"ts":"2026-09-03T17:07:31.101Z","level":"info","service":"portfolio-api","message":"request","meta":{"method":"GET","path":"/api/education","status":200}}
{"ts":"2026-09-03T17:07:31.586Z","level":"info","service":"portfolio-api","message":"request","meta":{"method":"GET","path":"/api/settings","status":200}}
{"ts":"2026-09-03T17:07:31.586Z","level":"info","service":"portfolio-api","message":"request","meta":{"method":"GET","path":"/api/media","status":200}}
{"ts":"2026-09-03T17:07:31.601Z","level":"info","service":"portfolio-api","message":"request","meta":{"method":"GET","path":"/api/cv","status":200}}
{"ts":"2026-09-03T17:08:17.660Z","level":"info","service":"portfolio-api","message":"request","meta":{"method":"GET","path":"/api/settings","status":200}}
{"ts":"2026-09-03T17:08:17.738Z","level":"info","service":"portfolio-api","message":"request","meta":{"method":"GET","path":"/api/research-interests","status":200}}
{"ts":"2026-09-03T17:08:17.739Z","level":"info","service":"portfolio-api","message":"request","meta":{"method":"GET","path":"/api/projects","status":200}}
{"ts":"2026-09-03T17:08:17.792Z","level":"info","service":"portfolio-api","message":"request","meta":{"method":"GET","path":"/api/education","status":200}}
{"ts":"2026-09-03T17:08:17.792Z","level":"info","service":"portfolio-api","message":"request","meta":{"method":"GET","path":"/api/experience","status":200}}
{"ts":"2026-09-03T17:08:17.793Z","level":"info","service":"portfolio-api","message":"request","meta":{"method":"GET","path":"/api/publications","status":200}}
{"ts":"2026-09-03T17:08:18.155Z","level":"info","service":"portfolio-api","message":"request","meta":{"method":"GET","path":"/api/internships","status":200}}
{"ts":"2026-09-03T17:08:18.233Z","level":"info","service":"portfolio-api","message":"request","meta":{"method":"GET","path":"/api/research-experience","status":200}}
{"ts":"2026-09-03T17:08:18.233Z","level":"info","service":"portfolio-api","message":"request","meta":{"method":"GET","path":"/api/skills","status":200}}
{"ts":"2026-09-03T17:08:18.274Z","level":"info","service":"portfolio-api","message":"request","meta":{"method":"GET","path":"/api/conferences","status":200}}
{"ts":"2026-09-03T17:08:18.275Z","level":"info","service":"portfolio-api","message":"request","meta":{"method":"GET","path":"/api/training","status":200}}
{"ts":"2026-09-03T17:08:18.287Z","level":"info","service":"portfolio-api","message":"request","meta":{"method":"GET","path":"/api/memberships","status":200}}
{"ts":"2026-09-03T17:08:18.655Z","level":"info","service":"portfolio-api","message":"request","meta":{"method":"GET","path":"/api/languages","status":200}}
{"ts":"2026-09-03T17:08:18.711Z","level":"info","service":"portfolio-api","message":"request","meta":{"method":"GET","path":"/api/hobbies","status":200}}
{"ts":"2026-09-03T17:08:18.717Z","level":"info","service":"portfolio-api","message":"request","meta":{"method":"GET","path":"/api/recommendations","status":200}}
{"ts":"2026-09-03T17:08:18.768Z","level":"info","service":"portfolio-api","message":"request","meta":{"method":"GET","path":"/api/about","status":200}}
{"ts":"2026-09-03T17:08:18.768Z","level":"info","service":"portfolio-api","message":"request","meta":{"method":"GET","path":"/api/media","status":200}}
{"ts":"2026-09-03T17:08:18.773Z","level":"info","service":"portfolio-api","message":"request","meta":{"method":"GET","path":"/api/auth/me","status":200}}
{"ts":"2026-09-03T17:08:19.268Z","level":"info","service":"portfolio-api","message":"request","meta":{"method":"GET","path":"/api/auth/me","status":200}}
{"ts":"2026-09-03T17:08:22.492Z","level":"info","service":"portfolio-api","message":"request","meta":{"method":"GET","path":"/api/settings","status":200}}
{"ts":"2026-09-03T17:08:22.801Z","level":"info","service":"portfolio-api","message":"request","meta":{"method":"GET","path":"/api/media","status":200}}
{"ts":"2026-09-03T17:08:22.802Z","level":"info","service":"portfolio-api","message":"request","meta":{"method":"GET","path":"/api/cv","status":200}}
{"ts":"2026-09-03T17:11:43.638Z","level":"info","service":"portfolio-api","message":"request","meta":{"method":"GET","path":"/api/settings","status":200}}
{"ts":"2026-09-03T17:11:43.702Z","level":"info","service":"portfolio-api","message":"request","meta":{"method":"GET","path":"/api/research-interests","status":200}}
{"ts":"2026-09-03T17:11:43.702Z","level":"info","service":"portfolio-api","message":"request","meta":{"method":"GET","path":"/api/projects","status":200}}
{"ts":"2026-09-03T17:11:43.703Z","level":"info","service":"portfolio-api","message":"request","meta":{"method":"GET","path":"/api/publications","status":200}}
{"ts":"2026-09-03T17:11:43.703Z","level":"info","service":"portfolio-api","message":"request","meta":{"method":"GET","path":"/api/education","status":200}}
{"ts":"2026-09-03T17:11:43.703Z","level":"info","service":"portfolio-api","message":"request","meta":{"method":"GET","path":"/api/experience","status":200}}
{"ts":"2026-09-03T17:11:44.134Z","level":"info","service":"portfolio-api","message":"request","meta":{"method":"GET","path":"/api/internships","status":200}}
{"ts":"2026-09-03T17:11:44.184Z","level":"info","service":"portfolio-api","message":"request","meta":{"method":"GET","path":"/api/research-experience","status":200}}
{"ts":"2026-09-03T17:11:44.185Z","level":"info","service":"portfolio-api","message":"request","meta":{"method":"GET","path":"/api/skills","status":200}}
{"ts":"2026-09-03T17:11:44.201Z","level":"info","service":"portfolio-api","message":"request","meta":{"method":"GET","path":"/api/conferences","status":200}}
{"ts":"2026-09-03T17:11:44.202Z","level":"info","service":"portfolio-api","message":"request","meta":{"method":"GET","path":"/api/training","status":200}}
{"ts":"2026-09-03T17:11:44.202Z","level":"info","service":"portfolio-api","message":"request","meta":{"method":"GET","path":"/api/memberships","status":200}}
{"ts":"2026-09-03T17:11:44.640Z","level":"info","service":"portfolio-api","message":"request","meta":{"method":"GET","path":"/api/languages","status":200}}
{"ts":"2026-09-03T17:11:44.675Z","level":"info","service":"portfolio-api","message":"request","meta":{"method":"GET","path":"/api/hobbies","status":200}}
{"ts":"2026-09-03T17:11:44.676Z","level":"info","service":"portfolio-api","message":"request","meta":{"method":"GET","path":"/api/recommendations","status":200}}
{"ts":"2026-09-03T17:11:44.689Z","level":"info","service":"portfolio-api","message":"request","meta":{"method":"GET","path":"/api/about","status":200}}
{"ts":"2026-09-03T17:11:44.690Z","level":"info","service":"portfolio-api","message":"request","meta":{"method":"GET","path":"/api/media","status":200}}
{"ts":"2026-09-03T17:11:44.695Z","level":"info","service":"portfolio-api","message":"request","meta":{"method":"GET","path":"/api/auth/me","status":200}}
{"ts":"2026-09-03T17:11:45.188Z","level":"info","service":"portfolio-api","message":"request","meta":{"method":"GET","path":"/api/auth/me","status":200}}
{"ts":"2026-09-03T17:12:41.915Z","level":"info","service":"portfolio-api","message":"request","meta":{"method":"GET","path":"/api/settings","status":200}}
{"ts":"2026-09-03T17:12:41.971Z","level":"info","service":"portfolio-api","message":"request","meta":{"method":"GET","path":"/api/research-interests","status":200}}
{"ts":"2026-09-03T17:12:41.971Z","level":"info","service":"portfolio-api","message":"request","meta":{"method":"GET","path":"/api/projects","status":200}}
{"ts":"2026-09-03T17:12:42.026Z","level":"info","service":"portfolio-api","message":"request","meta":{"method":"GET","path":"/api/publications","status":200}}
{"ts":"2026-09-03T17:12:42.027Z","level":"info","service":"portfolio-api","message":"request","meta":{"method":"GET","path":"/api/education","status":200}}
{"ts":"2026-09-03T17:12:42.027Z","level":"info","service":"portfolio-api","message":"request","meta":{"method":"GET","path":"/api/experience","status":200}}
{"ts":"2026-09-03T17:12:42.408Z","level":"info","service":"portfolio-api","message":"request","meta":{"method":"GET","path":"/api/internships","status":200}}
{"ts":"2026-09-03T17:12:42.466Z","level":"info","service":"portfolio-api","message":"request","meta":{"method":"GET","path":"/api/research-experience","status":200}}
{"ts":"2026-09-03T17:12:42.482Z","level":"info","service":"portfolio-api","message":"request","meta":{"method":"GET","path":"/api/skills","status":200}}
{"ts":"2026-09-03T17:12:42.514Z","level":"info","service":"portfolio-api","message":"request","meta":{"method":"GET","path":"/api/conferences","status":200}}
{"ts":"2026-09-03T17:12:42.514Z","level":"info","service":"portfolio-api","message":"request","meta":{"method":"GET","path":"/api/training","status":200}}
{"ts":"2026-09-03T17:12:42.529Z","level":"info","service":"portfolio-api","message":"request","meta":{"method":"GET","path":"/api/memberships","status":200}}
{"ts":"2026-09-03T17:12:42.899Z","level":"info","service":"portfolio-api","message":"request","meta":{"method":"GET","path":"/api/languages","status":200}}
{"ts":"2026-09-03T17:12:42.945Z","level":"info","service":"portfolio-api","message":"request","meta":{"method":"GET","path":"/api/hobbies","status":200}}
{"ts":"2026-09-03T17:12:42.960Z","level":"info","service":"portfolio-api","message":"request","meta":{"method":"GET","path":"/api/recommendations","status":200}}
{"ts":"2026-09-03T17:12:43.010Z","level":"info","service":"portfolio-api","message":"request","meta":{"method":"GET","path":"/api/about","status":200}}
{"ts":"2026-09-03T17:12:43.010Z","level":"info","service":"portfolio-api","message":"request","meta":{"method":"GET","path":"/api/media","status":200}}
{"ts":"2026-09-03T17:12:43.026Z","level":"info","service":"portfolio-api","message":"request","meta":{"method":"GET","path":"/api/auth/me","status":200}}
{"ts":"2026-09-03T17:12:43.391Z","level":"info","service":"portfolio-api","message":"request","meta":{"method":"GET","path":"/api/auth/me","status":200}}
{"ts":"2026-09-03T17:17:18.985Z","level":"info","service":"portfolio-api","message":"request","meta":{"method":"GET","path":"/api/settings","status":200}}
{"ts":"2026-09-03T17:17:18.986Z","level":"info","service":"portfolio-api","message":"request","meta":{"method":"GET","path":"/api/projects/539285a298c501d8321c612c","status":200}}
{"ts":"2026-09-03T17:17:18.988Z","level":"info","service":"portfolio-api","message":"request","meta":{"method":"GET","path":"/api/publications","status":200}}
{"ts":"2026-09-03T17:17:19.043Z","level":"info","service":"portfolio-api","message":"request","meta":{"method":"GET","path":"/api/auth/me","status":200}}
{"ts":"2026-09-03T17:17:19.230Z","level":"info","service":"portfolio-api","message":"request","meta":{"method":"GET","path":"/api/auth/me","status":200}}
{"ts":"2026-09-03T17:17:21.347Z","level":"info","service":"portfolio-api","message":"request","meta":{"method":"GET","path":"/api/settings","status":200}}
{"ts":"2026-09-03T17:17:21.659Z","level":"info","service":"portfolio-api","message":"request","meta":{"method":"GET","path":"/api/about","status":200}}
{"ts":"2026-09-03T17:17:21.660Z","level":"info","service":"portfolio-api","message":"request","meta":{"method":"GET","path":"/api/research-interests","status":200}}
{"ts":"2026-09-03T17:17:21.660Z","level":"info","service":"portfolio-api","message":"request","meta":{"method":"GET","path":"/api/projects","status":200}}
{"ts":"2026-09-03T17:17:21.661Z","level":"info","service":"portfolio-api","message":"request","meta":{"method":"GET","path":"/api/publications","status":200}}
{"ts":"2026-09-03T17:17:21.661Z","level":"info","service":"portfolio-api","message":"request","meta":{"method":"GET","path":"/api/education","status":200}}
{"ts":"2026-09-03T17:17:21.840Z","level":"info","service":"portfolio-api","message":"request","meta":{"method":"GET","path":"/api/experience","status":200}}
{"ts":"2026-09-03T17:17:22.162Z","level":"info","service":"portfolio-api","message":"request","meta":{"method":"GET","path":"/api/internships","status":200}}
{"ts":"2026-09-03T17:17:22.163Z","level":"info","service":"portfolio-api","message":"request","meta":{"method":"GET","path":"/api/research-experience","status":200}}
{"ts":"2026-09-03T17:17:22.164Z","level":"info","service":"portfolio-api","message":"request","meta":{"method":"GET","path":"/api/skills","status":200}}
{"ts":"2026-09-03T17:17:22.166Z","level":"info","service":"portfolio-api","message":"request","meta":{"method":"GET","path":"/api/conferences","status":200}}
{"ts":"2026-09-03T17:17:22.169Z","level":"info","service":"portfolio-api","message":"request","meta":{"method":"GET","path":"/api/training","status":200}}
{"ts":"2026-09-03T17:17:22.325Z","level":"info","service":"portfolio-api","message":"request","meta":{"method":"GET","path":"/api/memberships","status":200}}
{"ts":"2026-09-03T17:17:22.663Z","level":"info","service":"portfolio-api","message":"request","meta":{"method":"GET","path":"/api/languages","status":200}}
{"ts":"2026-09-03T17:17:22.665Z","level":"info","service":"portfolio-api","message":"request","meta":{"method":"GET","path":"/api/hobbies","status":200}}
{"ts":"2026-09-03T17:17:22.667Z","level":"info","service":"portfolio-api","message":"request","meta":{"method":"GET","path":"/api/recommendations","status":200}}
{"ts":"2026-09-03T17:17:26.746Z","level":"info","service":"portfolio-api","message":"request","meta":{"method":"GET","path":"/api/settings","status":200}}
{"ts":"2026-09-03T17:17:26.747Z","level":"info","service":"portfolio-api","message":"request","meta":{"method":"GET","path":"/api/media","status":200}}
{"ts":"2026-09-03T17:17:26.747Z","level":"info","service":"portfolio-api","message":"request","meta":{"method":"GET","path":"/api/cv","status":200}}
{"ts":"2026-09-03T17:19:54.217Z","level":"info","service":"portfolio-api","message":"request","meta":{"method":"GET","path":"/api/settings","status":200}}
{"ts":"2026-09-03T17:19:54.365Z","level":"info","service":"portfolio-api","message":"request","meta":{"method":"GET","path":"/api/research-interests","status":200}}
{"ts":"2026-09-03T17:19:54.366Z","level":"info","service":"portfolio-api","message":"request","meta":{"method":"GET","path":"/api/projects","status":200}}
{"ts":"2026-09-03T17:19:54.366Z","level":"info","service":"portfolio-api","message":"request","meta":{"method":"GET","path":"/api/publications","status":200}}
{"ts":"2026-09-03T17:19:54.367Z","level":"info","service":"portfolio-api","message":"request","meta":{"method":"GET","path":"/api/education","status":200}}
{"ts":"2026-09-03T17:19:54.369Z","level":"info","service":"portfolio-api","message":"request","meta":{"method":"GET","path":"/api/experience","status":200}}
{"ts":"2026-09-03T17:19:54.718Z","level":"info","service":"portfolio-api","message":"request","meta":{"method":"GET","path":"/api/internships","status":200}}
{"ts":"2026-09-03T17:19:54.847Z","level":"info","service":"portfolio-api","message":"request","meta":{"method":"GET","path":"/api/research-experience","status":200}}
{"ts":"2026-09-03T17:19:54.871Z","level":"info","service":"portfolio-api","message":"request","meta":{"method":"GET","path":"/api/training","status":200}}
{"ts":"2026-09-03T17:19:54.872Z","level":"info","service":"portfolio-api","message":"request","meta":{"method":"GET","path":"/api/memberships","status":200}}
{"ts":"2026-09-03T17:19:54.872Z","level":"info","service":"portfolio-api","message":"request","meta":{"method":"GET","path":"/api/skills","status":200}}
{"ts":"2026-09-03T17:19:54.873Z","level":"info","service":"portfolio-api","message":"request","meta":{"method":"GET","path":"/api/conferences","status":200}}
{"ts":"2026-09-03T17:19:55.213Z","level":"info","service":"portfolio-api","message":"request","meta":{"method":"GET","path":"/api/languages","status":200}}
{"ts":"2026-09-03T17:19:55.338Z","level":"info","service":"portfolio-api","message":"request","meta":{"method":"GET","path":"/api/hobbies","status":200}}
{"ts":"2026-09-03T17:19:55.350Z","level":"info","service":"portfolio-api","message":"request","meta":{"method":"GET","path":"/api/recommendations","status":200}}
{"ts":"2026-09-03T17:19:55.355Z","level":"info","service":"portfolio-api","message":"request","meta":{"method":"GET","path":"/api/about","status":200}}
{"ts":"2026-09-03T17:19:55.366Z","level":"info","service":"portfolio-api","message":"request","meta":{"method":"GET","path":"/api/media","status":200}}
{"ts":"2026-09-03T17:19:55.367Z","level":"info","service":"portfolio-api","message":"request","meta":{"method":"GET","path":"/uploads/screenshot-2026-09-03-201917-1788446147662-e69a59b6.png","status":200}}
{"ts":"2026-09-03T17:19:55.962Z","level":"info","service":"portfolio-api","message":"request","meta":{"method":"GET","path":"/uploads/screenshot-2026-09-03-202157-1788446263884-997f71d1.png","status":200}}
{"ts":"2026-09-03T17:19:55.963Z","level":"info","service":"portfolio-api","message":"request","meta":{"method":"GET","path":"/uploads/screenshot-2026-09-03-202410-1788446389925-e3fb8384.png","status":200}}
{"ts":"2026-09-03T17:19:55.963Z","level":"info","service":"portfolio-api","message":"request","meta":{"method":"GET","path":"/uploads/screenshot-2026-09-03-202541-1788446455775-f9e447c5.png","status":200}}
{"ts":"2026-09-03T17:19:56.972Z","level":"info","service":"portfolio-api","message":"request","meta":{"method":"GET","path":"/api/projects/ae716cb9039c51e5a8ae81b6","status":200}}
{"ts":"2026-09-03T17:19:57.276Z","level":"info","service":"portfolio-api","message":"request","meta":{"method":"GET","path":"/api/publications","status":200}}
{"ts":"2026-09-03T17:19:59.224Z","level":"info","service":"portfolio-api","message":"request","meta":{"method":"GET","path":"/api/research-interests","status":200}}
{"ts":"2026-09-03T17:19:59.225Z","level":"info","service":"portfolio-api","message":"request","meta":{"method":"GET","path":"/api/projects","status":200}}
{"ts":"2026-09-03T17:19:59.225Z","level":"info","service":"portfolio-api","message":"request","meta":{"method":"GET","path":"/api/publications","status":200}}
{"ts":"2026-09-03T17:19:59.225Z","level":"info","service":"portfolio-api","message":"request","meta":{"method":"GET","path":"/api/education","status":200}}
{"ts":"2026-09-03T17:19:59.226Z","level":"info","service":"portfolio-api","message":"request","meta":{"method":"GET","path":"/api/experience","status":200}}
{"ts":"2026-09-03T17:19:59.226Z","level":"info","service":"portfolio-api","message":"request","meta":{"method":"GET","path":"/api/internships","status":200}}
{"ts":"2026-09-03T17:19:59.705Z","level":"info","service":"portfolio-api","message":"request","meta":{"method":"GET","path":"/api/research-experience","status":200}}
{"ts":"2026-09-03T17:19:59.712Z","level":"info","service":"portfolio-api","message":"request","meta":{"method":"GET","path":"/api/skills","status":200}}
{"ts":"2026-09-03T17:19:59.717Z","level":"info","service":"portfolio-api","message":"request","meta":{"method":"GET","path":"/api/training","status":200}}
{"ts":"2026-09-03T17:19:59.718Z","level":"info","service":"portfolio-api","message":"request","meta":{"method":"GET","path":"/api/conferences","status":200}}
{"ts":"2026-09-03T17:19:59.722Z","level":"info","service":"portfolio-api","message":"request","meta":{"method":"GET","path":"/api/memberships","status":200}}
{"ts":"2026-09-03T17:19:59.723Z","level":"info","service":"portfolio-api","message":"request","meta":{"method":"GET","path":"/api/languages","status":200}}
{"ts":"2026-09-03T17:20:00.209Z","level":"info","service":"portfolio-api","message":"request","meta":{"method":"GET","path":"/api/hobbies","status":200}}
{"ts":"2026-09-03T17:20:00.210Z","level":"info","service":"portfolio-api","message":"request","meta":{"method":"GET","path":"/api/recommendations","status":200}}
{"ts":"2026-09-03T17:20:00.211Z","level":"info","service":"portfolio-api","message":"request","meta":{"method":"GET","path":"/api/about","status":200}}
{"ts":"2026-09-03T17:20:00.211Z","level":"info","service":"portfolio-api","message":"request","meta":{"method":"GET","path":"/api/settings","status":200}}
{"ts":"2026-09-03T17:20:09.628Z","level":"info","service":"portfolio-api","message":"request","meta":{"method":"POST","path":"/api/auth/login","status":200}}
{"ts":"2026-09-03T17:20:10.955Z","level":"info","service":"portfolio-api","message":"request","meta":{"method":"GET","path":"/api/projects/all","status":200}}
{"ts":"2026-09-03T17:20:11.284Z","level":"info","service":"portfolio-api","message":"request","meta":{"method":"GET","path":"/api/publications/all","status":200}}
{"ts":"2026-09-03T17:20:11.287Z","level":"info","service":"portfolio-api","message":"request","meta":{"method":"GET","path":"/api/education/all","status":200}}
{"ts":"2026-09-03T17:20:11.293Z","level":"info","service":"portfolio-api","message":"request","meta":{"method":"GET","path":"/api/experience/all","status":200}}
{"ts":"2026-09-03T17:20:11.297Z","level":"info","service":"portfolio-api","message":"request","meta":{"method":"GET","path":"/api/skills/all","status":200}}
{"ts":"2026-09-03T17:20:11.302Z","level":"info","service":"portfolio-api","message":"request","meta":{"method":"GET","path":"/api/contact","status":200}}
{"ts":"2026-09-03T17:20:11.445Z","level":"info","service":"portfolio-api","message":"request","meta":{"method":"GET","path":"/api/media","status":200}}
{"ts":"2026-09-03T17:20:11.781Z","level":"info","service":"portfolio-api","message":"request","meta":{"method":"GET","path":"/api/cv","status":200}}
{"ts":"2026-09-03T17:20:11.783Z","level":"info","service":"portfolio-api","message":"request","meta":{"method":"GET","path":"/api/audit-logs","status":200}}
{"ts":"2026-09-03T17:20:13.791Z","level":"info","service":"portfolio-api","message":"request","meta":{"method":"GET","path":"/api/settings","status":200}}
{"ts":"2026-09-03T17:20:13.846Z","level":"info","service":"portfolio-api","message":"request","meta":{"method":"GET","path":"/api/research-interests","status":200}}
{"ts":"2026-09-03T17:20:13.846Z","level":"info","service":"portfolio-api","message":"request","meta":{"method":"GET","path":"/api/projects","status":200}}
{"ts":"2026-09-03T17:20:13.938Z","level":"info","service":"portfolio-api","message":"request","meta":{"method":"GET","path":"/api/publications","status":200}}
{"ts":"2026-09-03T17:20:13.938Z","level":"info","service":"portfolio-api","message":"request","meta":{"method":"GET","path":"/api/education","status":200}}
{"ts":"2026-09-03T17:20:13.939Z","level":"info","service":"portfolio-api","message":"request","meta":{"method":"GET","path":"/api/experience","status":200}}
{"ts":"2026-09-03T17:20:14.284Z","level":"info","service":"portfolio-api","message":"request","meta":{"method":"GET","path":"/api/internships","status":200}}
{"ts":"2026-09-03T17:20:14.327Z","level":"info","service":"portfolio-api","message":"request","meta":{"method":"GET","path":"/api/research-experience","status":200}}
{"ts":"2026-09-03T17:20:14.352Z","level":"info","service":"portfolio-api","message":"request","meta":{"method":"GET","path":"/api/skills","status":200}}
{"ts":"2026-09-03T17:20:14.432Z","level":"info","service":"portfolio-api","message":"request","meta":{"method":"GET","path":"/api/conferences","status":200}}
{"ts":"2026-09-03T17:20:14.433Z","level":"info","service":"portfolio-api","message":"request","meta":{"method":"GET","path":"/api/memberships","status":200}}
{"ts":"2026-09-03T17:20:14.436Z","level":"info","service":"portfolio-api","message":"request","meta":{"method":"GET","path":"/api/training","status":200}}
{"ts":"2026-09-03T17:20:14.778Z","level":"info","service":"portfolio-api","message":"request","meta":{"method":"GET","path":"/api/languages","status":200}}
{"ts":"2026-09-03T17:20:14.829Z","level":"info","service":"portfolio-api","message":"request","meta":{"method":"GET","path":"/api/hobbies","status":200}}
{"ts":"2026-09-03T17:20:15.073Z","level":"info","service":"portfolio-api","message":"request","meta":{"method":"GET","path":"/api/settings","status":200}}
{"ts":"2026-09-03T17:20:16.870Z","level":"info","service":"portfolio-api","message":"request","meta":{"method":"GET","path":"/api/settings","status":200}}
{"ts":"2026-09-03T17:20:16.930Z","level":"info","service":"portfolio-api","message":"request","meta":{"method":"GET","path":"/api/research-interests","status":200}}
{"ts":"2026-09-03T17:20:16.931Z","level":"info","service":"portfolio-api","message":"request","meta":{"method":"GET","path":"/api/projects","status":200}}
{"ts":"2026-09-03T17:20:16.931Z","level":"info","service":"portfolio-api","message":"request","meta":{"method":"GET","path":"/api/publications","status":200}}
{"ts":"2026-09-03T17:20:16.932Z","level":"info","service":"portfolio-api","message":"request","meta":{"method":"GET","path":"/api/education","status":200}}
{"ts":"2026-09-03T17:20:17.019Z","level":"info","service":"portfolio-api","message":"request","meta":{"method":"GET","path":"/api/experience","status":200}}
{"ts":"2026-09-03T17:20:17.375Z","level":"info","service":"portfolio-api","message":"request","meta":{"method":"GET","path":"/api/internships","status":200}}
{"ts":"2026-09-03T17:20:17.408Z","level":"info","service":"portfolio-api","message":"request","meta":{"method":"GET","path":"/api/research-experience","status":200}}
{"ts":"2026-09-03T17:20:17.415Z","level":"info","service":"portfolio-api","message":"request","meta":{"method":"GET","path":"/api/conferences","status":200}}
{"ts":"2026-09-03T17:20:17.416Z","level":"info","service":"portfolio-api","message":"request","meta":{"method":"GET","path":"/api/skills","status":200}}
{"ts":"2026-09-03T17:20:17.429Z","level":"info","service":"portfolio-api","message":"request","meta":{"method":"GET","path":"/api/training","status":200}}
{"ts":"2026-09-03T17:20:17.514Z","level":"info","service":"portfolio-api","message":"request","meta":{"method":"GET","path":"/api/memberships","status":200}}
{"ts":"2026-09-03T17:20:17.867Z","level":"info","service":"portfolio-api","message":"request","meta":{"method":"GET","path":"/api/languages","status":200}}
{"ts":"2026-09-03T17:20:17.901Z","level":"info","service":"portfolio-api","message":"request","meta":{"method":"GET","path":"/api/hobbies","status":200}}
{"ts":"2026-09-03T17:20:17.902Z","level":"info","service":"portfolio-api","message":"request","meta":{"method":"GET","path":"/api/recommendations","status":200}}
{"ts":"2026-09-03T17:20:17.918Z","level":"info","service":"portfolio-api","message":"request","meta":{"method":"GET","path":"/api/about","status":200}}
{"ts":"2026-09-03T17:20:17.920Z","level":"info","service":"portfolio-api","message":"request","meta":{"method":"GET","path":"/api/media","status":200}}
{"ts":"2026-09-03T17:20:28.894Z","level":"info","service":"portfolio-api","message":"request","meta":{"method":"POST","path":"/api/auth/login","status":200}}
{"ts":"2026-09-03T17:20:30.243Z","level":"info","service":"portfolio-api","message":"request","meta":{"method":"GET","path":"/api/projects/all","status":200}}
{"ts":"2026-09-03T17:20:30.556Z","level":"info","service":"portfolio-api","message":"request","meta":{"method":"GET","path":"/api/publications/all","status":200}}
{"ts":"2026-09-03T17:20:30.558Z","level":"info","service":"portfolio-api","message":"request","meta":{"method":"GET","path":"/api/education/all","status":200}}
{"ts":"2026-09-03T17:20:30.559Z","level":"info","service":"portfolio-api","message":"request","meta":{"method":"GET","path":"/api/experience/all","status":200}}
{"ts":"2026-09-03T17:20:30.560Z","level":"info","service":"portfolio-api","message":"request","meta":{"method":"GET","path":"/api/skills/all","status":200}}
{"ts":"2026-09-03T17:20:30.561Z","level":"info","service":"portfolio-api","message":"request","meta":{"method":"GET","path":"/api/contact","status":200}}
{"ts":"2026-09-03T17:20:30.738Z","level":"info","service":"portfolio-api","message":"request","meta":{"method":"GET","path":"/api/media","status":200}}
{"ts":"2026-09-03T17:20:31.043Z","level":"info","service":"portfolio-api","message":"request","meta":{"method":"GET","path":"/api/cv","status":200}}
{"ts":"2026-09-03T17:20:31.044Z","level":"info","service":"portfolio-api","message":"request","meta":{"method":"GET","path":"/api/audit-logs","status":200}}
{"ts":"2026-09-03T17:20:33.242Z","level":"info","service":"portfolio-api","message":"request","meta":{"method":"GET","path":"/api/auth/me","status":200}}
{"ts":"2026-09-03T17:20:33.243Z","level":"info","service":"portfolio-api","message":"request","meta":{"method":"GET","path":"/api/settings","status":200}}
{"ts":"2026-09-03T17:20:33.431Z","level":"info","service":"portfolio-api","message":"request","meta":{"method":"GET","path":"/api/auth/me","status":200}}
{"ts":"2026-09-03T17:20:33.448Z","level":"info","service":"portfolio-api","message":"request","meta":{"method":"GET","path":"/api/projects/all","status":200}}
{"ts":"2026-09-03T17:20:33.449Z","level":"info","service":"portfolio-api","message":"request","meta":{"method":"GET","path":"/api/publications/all","status":200}}
{"ts":"2026-09-03T17:20:33.450Z","level":"info","service":"portfolio-api","message":"request","meta":{"method":"GET","path":"/api/education/all","status":200}}
{"ts":"2026-09-03T17:20:33.756Z","level":"info","service":"portfolio-api","message":"request","meta":{"method":"GET","path":"/api/experience/all","status":200}}
{"ts":"2026-09-03T17:20:33.758Z","level":"info","service":"portfolio-api","message":"request","meta":{"method":"GET","path":"/api/skills/all","status":200}}
{"ts":"2026-09-03T17:20:33.929Z","level":"info","service":"portfolio-api","message":"request","meta":{"method":"GET","path":"/api/contact","status":200}}
{"ts":"2026-09-03T17:20:33.931Z","level":"info","service":"portfolio-api","message":"request","meta":{"method":"GET","path":"/api/media","status":200}}
{"ts":"2026-09-03T17:20:33.939Z","level":"info","service":"portfolio-api","message":"request","meta":{"method":"GET","path":"/api/audit-logs","status":200}}
{"ts":"2026-09-03T17:20:33.941Z","level":"info","service":"portfolio-api","message":"request","meta":{"method":"GET","path":"/api/cv","status":200}}
{"ts":"2026-09-03T17:20:35.627Z","level":"info","service":"portfolio-api","message":"request","meta":{"method":"GET","path":"/api/settings","status":200}}
{"ts":"2026-09-03T17:20:35.678Z","level":"info","service":"portfolio-api","message":"request","meta":{"method":"GET","path":"/api/research-interests","status":200}}
{"ts":"2026-09-03T17:20:35.684Z","level":"info","service":"portfolio-api","message":"request","meta":{"method":"GET","path":"/api/projects","status":200}}
{"ts":"2026-09-03T17:20:35.751Z","level":"info","service":"portfolio-api","message":"request","meta":{"method":"GET","path":"/api/publications","status":200}}
{"ts":"2026-09-03T17:20:35.767Z","level":"info","service":"portfolio-api","message":"request","meta":{"method":"GET","path":"/api/experience","status":200}}
{"ts":"2026-09-03T17:20:35.768Z","level":"info","service":"portfolio-api","message":"request","meta":{"method":"GET","path":"/api/education","status":200}}
{"ts":"2026-09-03T17:20:36.116Z","level":"info","service":"portfolio-api","message":"request","meta":{"method":"GET","path":"/api/internships","status":200}}
{"ts":"2026-09-03T17:20:36.173Z","level":"info","service":"portfolio-api","message":"request","meta":{"method":"GET","path":"/api/research-experience","status":200}}
{"ts":"2026-09-03T17:20:36.174Z","level":"info","service":"portfolio-api","message":"request","meta":{"method":"GET","path":"/api/skills","status":200}}
{"ts":"2026-09-03T17:20:36.233Z","level":"info","service":"portfolio-api","message":"request","meta":{"method":"GET","path":"/api/conferences","status":200}}
{"ts":"2026-09-03T17:20:36.258Z","level":"info","service":"portfolio-api","message":"request","meta":{"method":"GET","path":"/api/training","status":200}}
{"ts":"2026-09-03T17:20:36.260Z","level":"info","service":"portfolio-api","message":"request","meta":{"method":"GET","path":"/api/memberships","status":200}}
{"ts":"2026-09-03T17:20:36.609Z","level":"info","service":"portfolio-api","message":"request","meta":{"method":"GET","path":"/api/languages","status":200}}
{"ts":"2026-09-03T17:20:36.665Z","level":"info","service":"portfolio-api","message":"request","meta":{"method":"GET","path":"/api/hobbies","status":200}}
{"ts":"2026-09-03T17:20:36.666Z","level":"info","service":"portfolio-api","message":"request","meta":{"method":"GET","path":"/api/recommendations","status":200}}
{"ts":"2026-09-03T17:20:36.726Z","level":"info","service":"portfolio-api","message":"request","meta":{"method":"GET","path":"/api/about","status":200}}
{"ts":"2026-09-03T17:20:36.740Z","level":"info","service":"portfolio-api","message":"request","meta":{"method":"GET","path":"/api/media","status":200}}
{"ts":"2026-09-03T17:20:36.755Z","level":"info","service":"portfolio-api","message":"request","meta":{"method":"GET","path":"/api/auth/me","status":200}}
{"ts":"2026-09-03T17:20:37.254Z","level":"info","service":"portfolio-api","message":"request","meta":{"method":"GET","path":"/api/auth/me","status":200}}
{"ts":"2026-09-03T17:20:37.282Z","level":"info","service":"portfolio-api","message":"request","meta":{"method":"GET","path":"/api/projects/all","status":200}}
{"ts":"2026-09-03T17:20:37.284Z","level":"info","service":"portfolio-api","message":"request","meta":{"method":"GET","path":"/api/publications/all","status":200}}
{"ts":"2026-09-03T17:20:37.289Z","level":"info","service":"portfolio-api","message":"request","meta":{"method":"GET","path":"/api/education/all","status":200}}
{"ts":"2026-09-03T17:20:37.290Z","level":"info","service":"portfolio-api","message":"request","meta":{"method":"GET","path":"/api/experience/all","status":200}}
{"ts":"2026-09-03T17:20:37.292Z","level":"info","service":"portfolio-api","message":"request","meta":{"method":"GET","path":"/api/skills/all","status":200}}
{"ts":"2026-09-03T17:20:37.747Z","level":"info","service":"portfolio-api","message":"request","meta":{"method":"GET","path":"/api/contact","status":200}}
{"ts":"2026-09-03T17:20:37.768Z","level":"info","service":"portfolio-api","message":"request","meta":{"method":"GET","path":"/api/media","status":200}}
{"ts":"2026-09-03T17:20:37.774Z","level":"info","service":"portfolio-api","message":"request","meta":{"method":"GET","path":"/api/cv","status":200}}
{"ts":"2026-09-03T17:20:37.789Z","level":"info","service":"portfolio-api","message":"request","meta":{"method":"GET","path":"/api/audit-logs","status":200}}
{"ts":"2026-09-03T17:21:33.072Z","level":"info","service":"portfolio-api","message":"request","meta":{"method":"GET","path":"/api/settings","status":200}}
{"ts":"2026-09-03T17:21:33.186Z","level":"info","service":"portfolio-api","message":"request","meta":{"method":"GET","path":"/api/research-interests","status":200}}
{"ts":"2026-09-03T17:21:33.187Z","level":"info","service":"portfolio-api","message":"request","meta":{"method":"GET","path":"/api/projects","status":200}}
{"ts":"2026-09-03T17:21:33.188Z","level":"info","service":"portfolio-api","message":"request","meta":{"method":"GET","path":"/api/publications","status":200}}
{"ts":"2026-09-03T17:21:33.189Z","level":"info","service":"portfolio-api","message":"request","meta":{"method":"GET","path":"/api/education","status":200}}
{"ts":"2026-09-03T17:21:33.189Z","level":"info","service":"portfolio-api","message":"request","meta":{"method":"GET","path":"/api/experience","status":200}}
{"ts":"2026-09-03T17:21:33.566Z","level":"info","service":"portfolio-api","message":"request","meta":{"method":"GET","path":"/api/internships","status":200}}
{"ts":"2026-09-03T17:21:33.663Z","level":"info","service":"portfolio-api","message":"request","meta":{"method":"GET","path":"/api/research-experience","status":200}}
{"ts":"2026-09-03T17:21:33.685Z","level":"info","service":"portfolio-api","message":"request","meta":{"method":"GET","path":"/api/skills","status":200}}
{"ts":"2026-09-03T17:21:33.686Z","level":"info","service":"portfolio-api","message":"request","meta":{"method":"GET","path":"/api/conferences","status":200}}
{"ts":"2026-09-03T17:21:33.686Z","level":"info","service":"portfolio-api","message":"request","meta":{"method":"GET","path":"/api/training","status":200}}
{"ts":"2026-09-03T17:21:33.687Z","level":"info","service":"portfolio-api","message":"request","meta":{"method":"GET","path":"/api/memberships","status":200}}
{"ts":"2026-09-03T17:21:34.053Z","level":"info","service":"portfolio-api","message":"request","meta":{"method":"GET","path":"/api/languages","status":200}}
{"ts":"2026-09-03T17:21:34.164Z","level":"info","service":"portfolio-api","message":"request","meta":{"method":"GET","path":"/api/hobbies","status":200}}
{"ts":"2026-09-03T17:21:34.173Z","level":"info","service":"portfolio-api","message":"request","meta":{"method":"GET","path":"/api/about","status":200}}
{"ts":"2026-09-03T17:21:34.174Z","level":"info","service":"portfolio-api","message":"request","meta":{"method":"GET","path":"/api/recommendations","status":200}}
{"ts":"2026-09-03T17:21:34.176Z","level":"info","service":"portfolio-api","message":"request","meta":{"method":"GET","path":"/api/media","status":200}}
{"ts":"2026-09-03T17:21:34.184Z","level":"info","service":"portfolio-api","message":"request","meta":{"method":"GET","path":"/api/auth/me","status":200}}
{"ts":"2026-09-03T17:21:34.672Z","level":"info","service":"portfolio-api","message":"request","meta":{"method":"GET","path":"/api/auth/me","status":200}}
{"ts":"2026-09-03T17:21:34.700Z","level":"info","service":"portfolio-api","message":"request","meta":{"method":"GET","path":"/api/projects/all","status":200}}
{"ts":"2026-09-03T17:21:34.702Z","level":"info","service":"portfolio-api","message":"request","meta":{"method":"GET","path":"/api/publications/all","status":200}}
{"ts":"2026-09-03T17:21:34.703Z","level":"info","service":"portfolio-api","message":"request","meta":{"method":"GET","path":"/api/education/all","status":200}}
{"ts":"2026-09-03T17:21:34.704Z","level":"info","service":"portfolio-api","message":"request","meta":{"method":"GET","path":"/api/experience/all","status":200}}
{"ts":"2026-09-03T17:21:34.705Z","level":"info","service":"portfolio-api","message":"request","meta":{"method":"GET","path":"/api/skills/all","status":200}}
{"ts":"2026-09-03T17:21:35.169Z","level":"info","service":"portfolio-api","message":"request","meta":{"method":"GET","path":"/api/contact","status":200}}
{"ts":"2026-09-03T17:21:35.194Z","level":"info","service":"portfolio-api","message":"request","meta":{"method":"GET","path":"/api/media","status":200}}
{"ts":"2026-09-03T17:21:35.196Z","level":"info","service":"portfolio-api","message":"request","meta":{"method":"GET","path":"/api/cv","status":200}}
{"ts":"2026-09-03T17:21:35.200Z","level":"info","service":"portfolio-api","message":"request","meta":{"method":"GET","path":"/api/audit-logs","status":200}}
{"ts":"2026-09-03T17:21:37.752Z","level":"info","service":"portfolio-api","message":"request","meta":{"method":"GET","path":"/api/settings","status":200}}
{"ts":"2026-09-03T17:21:37.864Z","level":"info","service":"portfolio-api","message":"request","meta":{"method":"GET","path":"/api/research-interests","status":200}}
{"ts":"2026-09-03T17:21:37.864Z","level":"info","service":"portfolio-api","message":"request","meta":{"method":"GET","path":"/api/projects","status":200}}
{"ts":"2026-09-03T17:21:37.870Z","level":"info","service":"portfolio-api","message":"request","meta":{"method":"GET","path":"/api/publications","status":200}}
{"ts":"2026-09-03T17:21:37.871Z","level":"info","service":"portfolio-api","message":"request","meta":{"method":"GET","path":"/api/education","status":200}}
{"ts":"2026-09-03T17:21:37.871Z","level":"info","service":"portfolio-api","message":"request","meta":{"method":"GET","path":"/api/experience","status":200}}
{"ts":"2026-09-03T17:21:38.241Z","level":"info","service":"portfolio-api","message":"request","meta":{"method":"GET","path":"/api/internships","status":200}}
{"ts":"2026-09-03T17:21:38.355Z","level":"info","service":"portfolio-api","message":"request","meta":{"method":"GET","path":"/api/research-experience","status":200}}
{"ts":"2026-09-03T17:21:38.357Z","level":"info","service":"portfolio-api","message":"request","meta":{"method":"GET","path":"/api/skills","status":200}}
{"ts":"2026-09-03T17:21:38.361Z","level":"info","service":"portfolio-api","message":"request","meta":{"method":"GET","path":"/api/conferences","status":200}}
{"ts":"2026-09-03T17:21:38.363Z","level":"info","service":"portfolio-api","message":"request","meta":{"method":"GET","path":"/api/training","status":200}}
{"ts":"2026-09-03T17:21:38.366Z","level":"info","service":"portfolio-api","message":"request","meta":{"method":"GET","path":"/api/memberships","status":200}}
{"ts":"2026-09-03T17:21:38.733Z","level":"info","service":"portfolio-api","message":"request","meta":{"method":"GET","path":"/api/languages","status":200}}
{"ts":"2026-09-03T17:21:38.851Z","level":"info","service":"portfolio-api","message":"request","meta":{"method":"GET","path":"/api/hobbies","status":200}}
{"ts":"2026-09-03T17:21:38.852Z","level":"info","service":"portfolio-api","message":"request","meta":{"method":"GET","path":"/api/recommendations","status":200}}
{"ts":"2026-09-03T17:21:38.854Z","level":"info","service":"portfolio-api","message":"request","meta":{"method":"GET","path":"/api/about","status":200}}
{"ts":"2026-09-03T17:21:38.857Z","level":"info","service":"portfolio-api","message":"request","meta":{"method":"GET","path":"/api/media","status":200}}
{"ts":"2026-09-03T17:21:38.857Z","level":"info","service":"portfolio-api","message":"request","meta":{"method":"GET","path":"/api/auth/me","status":200}}
{"ts":"2026-09-03T17:21:39.359Z","level":"info","service":"portfolio-api","message":"request","meta":{"method":"GET","path":"/api/auth/me","status":200}}
{"ts":"2026-09-03T17:21:44.404Z","level":"info","service":"portfolio-api","message":"request","meta":{"method":"GET","path":"/api/about","status":200}}
{"ts":"2026-09-03T17:21:47.245Z","level":"info","service":"portfolio-api","message":"request","meta":{"method":"GET","path":"/api/blog","status":200}}
{"ts":"2026-09-03T17:21:47.502Z","level":"info","service":"portfolio-api","message":"request","meta":{"method":"GET","path":"/uploads/WhatsApp%20Image%202026-08-21%20at%2015.08.54%20(3).jpeg","status":200}}
{"ts":"2026-09-03T17:21:48.210Z","level":"info","service":"portfolio-api","message":"request","meta":{"method":"GET","path":"/api/blog/amr-one-health-perspective","status":200}}
{"ts":"2026-09-03T17:24:48.535Z","level":"info","service":"portfolio-api","message":"request","meta":{"method":"GET","path":"/api/settings","status":200}}
{"ts":"2026-09-03T17:24:48.766Z","level":"info","service":"portfolio-api","message":"request","meta":{"method":"GET","path":"/api/research-interests","status":200}}
{"ts":"2026-09-03T17:24:48.766Z","level":"info","service":"portfolio-api","message":"request","meta":{"method":"GET","path":"/api/projects","status":200}}
{"ts":"2026-09-03T17:24:48.767Z","level":"info","service":"portfolio-api","message":"request","meta":{"method":"GET","path":"/api/publications","status":200}}
{"ts":"2026-09-03T17:24:48.767Z","level":"info","service":"portfolio-api","message":"request","meta":{"method":"GET","path":"/api/education","status":200}}
{"ts":"2026-09-03T17:24:48.767Z","level":"info","service":"portfolio-api","message":"request","meta":{"method":"GET","path":"/api/experience","status":200}}
{"ts":"2026-09-03T17:24:49.065Z","level":"info","service":"portfolio-api","message":"request","meta":{"method":"GET","path":"/api/internships","status":200}}
{"ts":"2026-09-03T17:24:49.247Z","level":"info","service":"portfolio-api","message":"request","meta":{"method":"GET","path":"/api/research-experience","status":200}}
{"ts":"2026-09-03T17:24:49.252Z","level":"info","service":"portfolio-api","message":"request","meta":{"method":"GET","path":"/api/skills","status":200}}
{"ts":"2026-09-03T17:24:49.260Z","level":"info","service":"portfolio-api","message":"request","meta":{"method":"GET","path":"/api/conferences","status":200}}
{"ts":"2026-09-03T17:24:49.262Z","level":"info","service":"portfolio-api","message":"request","meta":{"method":"GET","path":"/api/training","status":200}}
{"ts":"2026-09-03T17:24:49.267Z","level":"info","service":"portfolio-api","message":"request","meta":{"method":"GET","path":"/api/memberships","status":200}}
{"ts":"2026-09-03T17:24:49.566Z","level":"info","service":"portfolio-api","message":"request","meta":{"method":"GET","path":"/api/languages","status":200}}
{"ts":"2026-09-03T17:24:49.741Z","level":"info","service":"portfolio-api","message":"request","meta":{"method":"GET","path":"/api/hobbies","status":200}}
{"ts":"2026-09-03T17:24:49.751Z","level":"info","service":"portfolio-api","message":"request","meta":{"method":"GET","path":"/api/recommendations","status":200}}
{"ts":"2026-09-03T17:24:49.753Z","level":"info","service":"portfolio-api","message":"request","meta":{"method":"GET","path":"/api/about","status":200}}
{"ts":"2026-09-03T17:24:49.759Z","level":"info","service":"portfolio-api","message":"request","meta":{"method":"GET","path":"/api/media","status":200}}
{"ts":"2026-09-03T17:24:49.760Z","level":"info","service":"portfolio-api","message":"request","meta":{"method":"GET","path":"/api/auth/me","status":200}}
{"ts":"2026-09-03T17:24:50.414Z","level":"info","service":"portfolio-api","message":"request","meta":{"method":"GET","path":"/api/auth/me","status":200}}
{"ts":"2026-09-03T17:25:21.593Z","level":"info","service":"portfolio-api","message":"request","meta":{"method":"GET","path":"/api/about","status":200}}
{"ts":"2026-09-03T17:25:30.460Z","level":"info","service":"portfolio-api","message":"request","meta":{"method":"GET","path":"/api/projects/all","status":200}}
{"ts":"2026-09-03T17:25:30.460Z","level":"info","service":"portfolio-api","message":"request","meta":{"method":"GET","path":"/api/publications/all","status":200}}
{"ts":"2026-09-03T17:25:30.768Z","level":"info","service":"portfolio-api","message":"request","meta":{"method":"GET","path":"/api/education/all","status":200}}
{"ts":"2026-09-03T17:25:30.769Z","level":"info","service":"portfolio-api","message":"request","meta":{"method":"GET","path":"/api/experience/all","status":200}}
{"ts":"2026-09-03T17:25:30.770Z","level":"info","service":"portfolio-api","message":"request","meta":{"method":"GET","path":"/api/skills/all","status":200}}
{"ts":"2026-09-03T17:25:30.771Z","level":"info","service":"portfolio-api","message":"request","meta":{"method":"GET","path":"/api/contact","status":200}}
{"ts":"2026-09-03T17:25:30.959Z","level":"info","service":"portfolio-api","message":"request","meta":{"method":"GET","path":"/api/media","status":200}}
{"ts":"2026-09-03T17:25:30.960Z","level":"info","service":"portfolio-api","message":"request","meta":{"method":"GET","path":"/api/cv","status":200}}
{"ts":"2026-09-03T17:25:31.263Z","level":"info","service":"portfolio-api","message":"request","meta":{"method":"GET","path":"/api/audit-logs","status":200}}
{"ts":"2026-09-03T17:25:34.184Z","level":"info","service":"portfolio-api","message":"request","meta":{"method":"GET","path":"/api/settings","status":200}}
{"ts":"2026-09-03T17:25:34.236Z","level":"info","service":"portfolio-api","message":"request","meta":{"method":"GET","path":"/api/research-interests","status":200}}
{"ts":"2026-09-03T17:25:34.237Z","level":"info","service":"portfolio-api","message":"request","meta":{"method":"GET","path":"/api/projects","status":200}}
{"ts":"2026-09-03T17:25:34.321Z","level":"info","service":"portfolio-api","message":"request","meta":{"method":"GET","path":"/api/publications","status":200}}
{"ts":"2026-09-03T17:25:34.321Z","level":"info","service":"portfolio-api","message":"request","meta":{"method":"GET","path":"/api/education","status":200}}
{"ts":"2026-09-03T17:25:34.321Z","level":"info","service":"portfolio-api","message":"request","meta":{"method":"GET","path":"/api/experience","status":200}}
{"ts":"2026-09-03T17:25:34.665Z","level":"info","service":"portfolio-api","message":"request","meta":{"method":"GET","path":"/api/internships","status":200}}
{"ts":"2026-09-03T17:25:34.719Z","level":"info","service":"portfolio-api","message":"request","meta":{"method":"GET","path":"/api/research-experience","status":200}}
{"ts":"2026-09-03T17:25:34.733Z","level":"info","service":"portfolio-api","message":"request","meta":{"method":"GET","path":"/api/skills","status":200}}
{"ts":"2026-09-03T17:25:34.822Z","level":"info","service":"portfolio-api","message":"request","meta":{"method":"GET","path":"/api/conferences","status":200}}
{"ts":"2026-09-03T17:25:34.822Z","level":"info","service":"portfolio-api","message":"request","meta":{"method":"GET","path":"/api/training","status":200}}
{"ts":"2026-09-03T17:25:34.823Z","level":"info","service":"portfolio-api","message":"request","meta":{"method":"GET","path":"/api/memberships","status":200}}
{"ts":"2026-09-03T17:25:35.160Z","level":"info","service":"portfolio-api","message":"request","meta":{"method":"GET","path":"/api/languages","status":200}}
{"ts":"2026-09-03T17:25:35.211Z","level":"info","service":"portfolio-api","message":"request","meta":{"method":"GET","path":"/api/hobbies","status":200}}
{"ts":"2026-09-03T17:25:35.225Z","level":"info","service":"portfolio-api","message":"request","meta":{"method":"GET","path":"/api/recommendations","status":200}}
{"ts":"2026-09-03T17:25:35.307Z","level":"info","service":"portfolio-api","message":"request","meta":{"method":"GET","path":"/api/about","status":200}}
{"ts":"2026-09-03T17:25:35.308Z","level":"info","service":"portfolio-api","message":"request","meta":{"method":"GET","path":"/api/media","status":200}}
{"ts":"2026-09-03T17:25:35.324Z","level":"info","service":"portfolio-api","message":"request","meta":{"method":"GET","path":"/api/auth/me","status":200}}
{"ts":"2026-09-03T17:25:35.825Z","level":"info","service":"portfolio-api","message":"request","meta":{"method":"GET","path":"/api/auth/me","status":200}}
{"ts":"2026-09-03T17:25:37.027Z","level":"info","service":"portfolio-api","message":"request","meta":{"method":"GET","path":"/api/projects/all","status":200}}
{"ts":"2026-09-03T17:25:37.337Z","level":"info","service":"portfolio-api","message":"request","meta":{"method":"GET","path":"/api/publications/all","status":200}}
{"ts":"2026-09-03T17:25:37.338Z","level":"info","service":"portfolio-api","message":"request","meta":{"method":"GET","path":"/api/education/all","status":200}}
{"ts":"2026-09-03T17:25:37.338Z","level":"info","service":"portfolio-api","message":"request","meta":{"method":"GET","path":"/api/experience/all","status":200}}
{"ts":"2026-09-03T17:25:37.339Z","level":"info","service":"portfolio-api","message":"request","meta":{"method":"GET","path":"/api/skills/all","status":200}}
{"ts":"2026-09-03T17:25:37.340Z","level":"info","service":"portfolio-api","message":"request","meta":{"method":"GET","path":"/api/contact","status":200}}
{"ts":"2026-09-03T17:25:37.521Z","level":"info","service":"portfolio-api","message":"request","meta":{"method":"GET","path":"/api/media","status":200}}
{"ts":"2026-09-03T17:25:37.823Z","level":"info","service":"portfolio-api","message":"request","meta":{"method":"GET","path":"/api/cv","status":200}}
{"ts":"2026-09-03T17:25:37.824Z","level":"info","service":"portfolio-api","message":"request","meta":{"method":"GET","path":"/api/audit-logs","status":200}}
{"ts":"2026-09-03T17:25:42.829Z","level":"info","service":"portfolio-api","message":"request","meta":{"method":"GET","path":"/api/cv","status":200}}
{"ts":"2026-09-03T17:25:47.904Z","level":"info","service":"portfolio-api","message":"request","meta":{"method":"GET","path":"/api/settings","status":200}}
{"ts":"2026-09-03T17:25:52.418Z","level":"info","service":"portfolio-api","message":"request","meta":{"method":"GET","path":"/api/education/all","status":200}}
{"ts":"2026-09-03T17:25:54.257Z","level":"info","service":"portfolio-api","message":"request","meta":{"method":"GET","path":"/api/projects/all","status":200}}
{"ts":"2026-09-03T17:25:54.570Z","level":"info","service":"portfolio-api","message":"request","meta":{"method":"GET","path":"/api/publications/all","status":200}}
{"ts":"2026-09-03T17:25:54.572Z","level":"info","service":"portfolio-api","message":"request","meta":{"method":"GET","path":"/api/education/all","status":200}}
{"ts":"2026-09-03T17:25:54.573Z","level":"info","service":"portfolio-api","message":"request","meta":{"method":"GET","path":"/api/experience/all","status":200}}
{"ts":"2026-09-03T17:25:54.574Z","level":"info","service":"portfolio-api","message":"request","meta":{"method":"GET","path":"/api/skills/all","status":200}}
{"ts":"2026-09-03T17:25:54.575Z","level":"info","service":"portfolio-api","message":"request","meta":{"method":"GET","path":"/api/media","status":200}}
{"ts":"2026-09-03T17:25:54.750Z","level":"info","service":"portfolio-api","message":"request","meta":{"method":"GET","path":"/api/cv","status":200}}
{"ts":"2026-09-03T17:26:01.721Z","level":"info","service":"portfolio-api","message":"request","meta":{"method":"POST","path":"/api/auth/logout","status":200}}
{"ts":"2026-09-03T17:41:39.474Z","level":"info","service":"portfolio-api","message":"request","meta":{"method":"GET","path":"/api/settings","status":200}}
{"ts":"2026-09-03T17:41:39.607Z","level":"info","service":"portfolio-api","message":"request","meta":{"method":"GET","path":"/api/research-interests","status":200}}
{"ts":"2026-09-03T17:41:39.609Z","level":"info","service":"portfolio-api","message":"request","meta":{"method":"GET","path":"/api/projects","status":200}}
{"ts":"2026-09-03T17:41:39.610Z","level":"info","service":"portfolio-api","message":"request","meta":{"method":"GET","path":"/api/publications","status":200}}
{"ts":"2026-09-03T17:41:39.611Z","level":"info","service":"portfolio-api","message":"request","meta":{"method":"GET","path":"/api/education","status":200}}
{"ts":"2026-09-03T17:41:39.612Z","level":"info","service":"portfolio-api","message":"request","meta":{"method":"GET","path":"/api/experience","status":200}}
{"ts":"2026-09-03T17:41:39.961Z","level":"info","service":"portfolio-api","message":"request","meta":{"method":"GET","path":"/api/internships","status":200}}
{"ts":"2026-09-03T17:41:40.091Z","level":"info","service":"portfolio-api","message":"request","meta":{"method":"GET","path":"/api/research-experience","status":200}}
{"ts":"2026-09-03T17:41:40.108Z","level":"info","service":"portfolio-api","message":"request","meta":{"method":"GET","path":"/api/skills","status":200}}
{"ts":"2026-09-03T17:41:40.110Z","level":"info","service":"portfolio-api","message":"request","meta":{"method":"GET","path":"/api/conferences","status":200}}
{"ts":"2026-09-03T17:41:40.123Z","level":"info","service":"portfolio-api","message":"request","meta":{"method":"GET","path":"/api/memberships","status":200}}
{"ts":"2026-09-03T17:41:40.125Z","level":"info","service":"portfolio-api","message":"request","meta":{"method":"GET","path":"/api/training","status":200}}
{"ts":"2026-09-03T17:41:40.452Z","level":"info","service":"portfolio-api","message":"request","meta":{"method":"GET","path":"/api/languages","status":200}}
{"ts":"2026-09-03T17:41:40.585Z","level":"info","service":"portfolio-api","message":"request","meta":{"method":"GET","path":"/api/hobbies","status":200}}
{"ts":"2026-09-03T17:41:40.597Z","level":"info","service":"portfolio-api","message":"request","meta":{"method":"GET","path":"/api/recommendations","status":200}}
{"ts":"2026-09-03T17:41:40.619Z","level":"info","service":"portfolio-api","message":"request","meta":{"method":"GET","path":"/api/about","status":200}}
{"ts":"2026-09-03T17:41:40.621Z","level":"info","service":"portfolio-api","message":"request","meta":{"method":"GET","path":"/api/media","status":200}}
{"ts":"2026-09-03T18:33:01.237Z","level":"info","service":"portfolio-api","message":"request","meta":{"method":"GET","path":"/api/settings","status":200}}
{"ts":"2026-09-03T18:33:01.743Z","level":"info","service":"portfolio-api","message":"request","meta":{"method":"GET","path":"/api/research-interests","status":200}}
{"ts":"2026-09-03T18:33:01.744Z","level":"info","service":"portfolio-api","message":"request","meta":{"method":"GET","path":"/api/projects","status":200}}
{"ts":"2026-09-03T18:33:01.754Z","level":"info","service":"portfolio-api","message":"request","meta":{"method":"GET","path":"/api/publications","status":200}}
{"ts":"2026-09-03T18:33:01.760Z","level":"info","service":"portfolio-api","message":"request","meta":{"method":"GET","path":"/api/education","status":200}}
{"ts":"2026-09-03T18:33:01.765Z","level":"info","service":"portfolio-api","message":"request","meta":{"method":"GET","path":"/api/experience","status":200}}
{"ts":"2026-09-03T18:33:02.618Z","level":"info","service":"portfolio-api","message":"request","meta":{"method":"GET","path":"/api/internships","status":200}}
{"ts":"2026-09-03T18:33:02.794Z","level":"info","service":"portfolio-api","message":"request","meta":{"method":"GET","path":"/api/research-experience","status":200}}
{"ts":"2026-09-03T18:33:02.968Z","level":"info","service":"portfolio-api","message":"request","meta":{"method":"GET","path":"/api/skills","status":200}}
{"ts":"2026-09-03T18:33:03.108Z","level":"info","service":"portfolio-api","message":"request","meta":{"method":"GET","path":"/api/conferences","status":200}}
{"ts":"2026-09-03T18:33:03.140Z","level":"info","service":"portfolio-api","message":"request","meta":{"method":"GET","path":"/api/training","status":200}}
{"ts":"2026-09-03T18:33:03.281Z","level":"info","service":"portfolio-api","message":"request","meta":{"method":"GET","path":"/api/memberships","status":200}}
{"ts":"2026-09-03T18:33:03.454Z","level":"info","service":"portfolio-api","message":"request","meta":{"method":"GET","path":"/api/languages","status":200}}
{"ts":"2026-09-03T18:33:03.588Z","level":"info","service":"portfolio-api","message":"request","meta":{"method":"GET","path":"/api/hobbies","status":200}}
{"ts":"2026-09-03T18:33:03.589Z","level":"info","service":"portfolio-api","message":"request","meta":{"method":"GET","path":"/api/recommendations","status":200}}
{"ts":"2026-09-03T18:33:03.638Z","level":"info","service":"portfolio-api","message":"request","meta":{"method":"GET","path":"/api/about","status":200}}
{"ts":"2026-09-03T18:33:03.790Z","level":"info","service":"portfolio-api","message":"request","meta":{"method":"GET","path":"/api/media","status":200}}
{"ts":"2026-09-03T18:33:33.308Z","level":"info","service":"portfolio-api","message":"request","meta":{"method":"GET","path":"/api/settings","status":200}}
{"ts":"2026-09-03T18:33:33.617Z","level":"info","service":"portfolio-api","message":"request","meta":{"method":"GET","path":"/api/about","status":200}}
{"ts":"2026-09-03T18:33:33.618Z","level":"info","service":"portfolio-api","message":"request","meta":{"method":"GET","path":"/api/research-interests","status":200}}
{"ts":"2026-09-03T18:33:33.619Z","level":"info","service":"portfolio-api","message":"request","meta":{"method":"GET","path":"/api/projects","status":200}}
{"ts":"2026-09-03T18:33:33.620Z","level":"info","service":"portfolio-api","message":"request","meta":{"method":"GET","path":"/api/publications","status":200}}
{"ts":"2026-09-03T18:33:33.621Z","level":"info","service":"portfolio-api","message":"request","meta":{"method":"GET","path":"/api/education","status":200}}
{"ts":"2026-09-03T18:33:33.802Z","level":"info","service":"portfolio-api","message":"request","meta":{"method":"GET","path":"/api/experience","status":200}}
{"ts":"2026-09-03T18:33:34.110Z","level":"info","service":"portfolio-api","message":"request","meta":{"method":"GET","path":"/api/internships","status":200}}
{"ts":"2026-09-03T18:33:34.112Z","level":"info","service":"portfolio-api","message":"request","meta":{"method":"GET","path":"/api/research-experience","status":200}}
{"ts":"2026-09-03T18:33:34.114Z","level":"info","service":"portfolio-api","message":"request","meta":{"method":"GET","path":"/api/skills","status":200}}
{"ts":"2026-09-03T18:33:34.117Z","level":"info","service":"portfolio-api","message":"request","meta":{"method":"GET","path":"/api/conferences","status":200}}
{"ts":"2026-09-03T18:33:34.293Z","level":"info","service":"portfolio-api","message":"request","meta":{"method":"GET","path":"/api/training","status":200}}
{"ts":"2026-09-03T18:33:34.632Z","level":"info","service":"portfolio-api","message":"request","meta":{"method":"GET","path":"/api/memberships","status":200}}
{"ts":"2026-09-03T18:33:34.632Z","level":"info","service":"portfolio-api","message":"request","meta":{"method":"GET","path":"/api/languages","status":200}}
{"ts":"2026-09-03T18:33:34.633Z","level":"info","service":"portfolio-api","message":"request","meta":{"method":"GET","path":"/api/hobbies","status":200}}
{"ts":"2026-09-03T18:33:34.639Z","level":"info","service":"portfolio-api","message":"request","meta":{"method":"GET","path":"/api/recommendations","status":200}}
{"ts":"2026-09-03T18:35:24.834Z","level":"info","service":"portfolio-api","message":"request","meta":{"method":"GET","path":"/api/settings","status":200}}
{"ts":"2026-09-03T18:35:24.835Z","level":"info","service":"portfolio-api","message":"request","meta":{"method":"GET","path":"/api/about","status":200}}
{"ts":"2026-09-03T18:35:24.836Z","level":"info","service":"portfolio-api","message":"request","meta":{"method":"GET","path":"/api/research-interests","status":200}}
{"ts":"2026-09-03T18:35:24.836Z","level":"info","service":"portfolio-api","message":"request","meta":{"method":"GET","path":"/api/projects","status":200}}
{"ts":"2026-09-03T18:35:24.837Z","level":"info","service":"portfolio-api","message":"request","meta":{"method":"GET","path":"/api/publications","status":200}}
{"ts":"2026-09-03T18:35:24.837Z","level":"info","service":"portfolio-api","message":"request","meta":{"method":"GET","path":"/api/education","status":200}}
{"ts":"2026-09-03T18:35:25.318Z","level":"info","service":"portfolio-api","message":"request","meta":{"method":"GET","path":"/api/experience","status":200}}
{"ts":"2026-09-03T18:35:25.319Z","level":"info","service":"portfolio-api","message":"request","meta":{"method":"GET","path":"/api/internships","status":200}}
{"ts":"2026-09-03T18:35:25.319Z","level":"info","service":"portfolio-api","message":"request","meta":{"method":"GET","path":"/api/research-experience","status":200}}
{"ts":"2026-09-03T18:35:25.319Z","level":"info","service":"portfolio-api","message":"request","meta":{"method":"GET","path":"/api/skills","status":200}}
{"ts":"2026-09-03T18:35:25.320Z","level":"info","service":"portfolio-api","message":"request","meta":{"method":"GET","path":"/api/conferences","status":200}}
{"ts":"2026-09-03T18:35:25.329Z","level":"info","service":"portfolio-api","message":"request","meta":{"method":"GET","path":"/api/training","status":200}}
{"ts":"2026-09-03T18:35:25.807Z","level":"info","service":"portfolio-api","message":"request","meta":{"method":"GET","path":"/api/memberships","status":200}}
{"ts":"2026-09-03T18:35:25.807Z","level":"info","service":"portfolio-api","message":"request","meta":{"method":"GET","path":"/api/languages","status":200}}
{"ts":"2026-09-03T18:35:25.808Z","level":"info","service":"portfolio-api","message":"request","meta":{"method":"GET","path":"/api/hobbies","status":200}}
{"ts":"2026-09-03T18:35:25.808Z","level":"info","service":"portfolio-api","message":"request","meta":{"method":"GET","path":"/api/recommendations","status":200}}
{"ts":"2026-09-03T18:38:59.188Z","level":"info","service":"portfolio-api","message":"request","meta":{"method":"GET","path":"/api/settings","status":200}}
{"ts":"2026-09-03T18:38:59.760Z","level":"info","service":"portfolio-api","message":"request","meta":{"method":"GET","path":"/api/research-interests","status":200}}
{"ts":"2026-09-03T18:38:59.761Z","level":"info","service":"portfolio-api","message":"request","meta":{"method":"GET","path":"/api/projects","status":200}}
{"ts":"2026-09-03T18:38:59.767Z","level":"info","service":"portfolio-api","message":"request","meta":{"method":"GET","path":"/api/publications","status":200}}
{"ts":"2026-09-03T18:38:59.771Z","level":"info","service":"portfolio-api","message":"request","meta":{"method":"GET","path":"/api/education","status":200}}
{"ts":"2026-09-03T18:38:59.773Z","level":"info","service":"portfolio-api","message":"request","meta":{"method":"GET","path":"/api/experience","status":200}}
{"ts":"2026-09-03T18:39:00.079Z","level":"info","service":"portfolio-api","message":"request","meta":{"method":"GET","path":"/api/internships","status":200}}
{"ts":"2026-09-03T18:39:00.263Z","level":"info","service":"portfolio-api","message":"request","meta":{"method":"GET","path":"/api/research-experience","status":200}}
{"ts":"2026-09-03T18:39:00.264Z","level":"info","service":"portfolio-api","message":"request","meta":{"method":"GET","path":"/api/skills","status":200}}
{"ts":"2026-09-03T18:39:00.265Z","level":"info","service":"portfolio-api","message":"request","meta":{"method":"GET","path":"/api/conferences","status":200}}
{"ts":"2026-09-03T18:39:00.266Z","level":"info","service":"portfolio-api","message":"request","meta":{"method":"GET","path":"/api/training","status":200}}
{"ts":"2026-09-03T18:39:00.266Z","level":"info","service":"portfolio-api","message":"request","meta":{"method":"GET","path":"/api/memberships","status":200}}
{"ts":"2026-09-03T18:39:00.579Z","level":"info","service":"portfolio-api","message":"request","meta":{"method":"GET","path":"/api/languages","status":200}}
{"ts":"2026-09-03T18:39:00.761Z","level":"info","service":"portfolio-api","message":"request","meta":{"method":"GET","path":"/api/hobbies","status":200}}
{"ts":"2026-09-03T18:39:00.763Z","level":"info","service":"portfolio-api","message":"request","meta":{"method":"GET","path":"/api/recommendations","status":200}}
{"ts":"2026-09-03T18:39:00.763Z","level":"info","service":"portfolio-api","message":"request","meta":{"method":"GET","path":"/api/about","status":200}}
{"ts":"2026-09-03T18:39:00.764Z","level":"info","service":"portfolio-api","message":"request","meta":{"method":"GET","path":"/api/media","status":200}}
{"ts":"2026-09-03T18:39:00.764Z","level":"info","service":"portfolio-api","message":"request","meta":{"method":"GET","path":"/api/settings","status":200}}
{"ts":"2026-09-03T18:39:01.081Z","level":"info","service":"portfolio-api","message":"request","meta":{"method":"GET","path":"/api/research-interests","status":200}}
{"ts":"2026-09-03T18:39:01.249Z","level":"info","service":"portfolio-api","message":"request","meta":{"method":"GET","path":"/api/projects","status":200}}
{"ts":"2026-09-03T18:39:01.250Z","level":"info","service":"portfolio-api","message":"request","meta":{"method":"GET","path":"/api/publications","status":200}}
{"ts":"2026-09-03T18:39:01.263Z","level":"info","service":"portfolio-api","message":"request","meta":{"method":"GET","path":"/api/education","status":200}}
{"ts":"2026-09-03T18:39:01.265Z","level":"info","service":"portfolio-api","message":"request","meta":{"method":"GET","path":"/api/experience","status":200}}
{"ts":"2026-09-03T18:39:13.590Z","level":"info","service":"portfolio-api","message":"request","meta":{"method":"POST","path":"/api/auth/login","status":200}}
{"ts":"2026-09-03T18:39:14.888Z","level":"info","service":"portfolio-api","message":"request","meta":{"method":"GET","path":"/api/projects/all","status":200}}
{"ts":"2026-09-03T18:39:15.207Z","level":"info","service":"portfolio-api","message":"request","meta":{"method":"GET","path":"/api/publications/all","status":200}}
{"ts":"2026-09-03T18:39:15.208Z","level":"info","service":"portfolio-api","message":"request","meta":{"method":"GET","path":"/api/education/all","status":200}}
{"ts":"2026-09-03T18:39:15.210Z","level":"info","service":"portfolio-api","message":"request","meta":{"method":"GET","path":"/api/experience/all","status":200}}
{"ts":"2026-09-03T18:39:15.211Z","level":"info","service":"portfolio-api","message":"request","meta":{"method":"GET","path":"/api/skills/all","status":200}}
{"ts":"2026-09-03T18:39:15.211Z","level":"info","service":"portfolio-api","message":"request","meta":{"method":"GET","path":"/api/contact","status":200}}
{"ts":"2026-09-03T18:39:15.374Z","level":"info","service":"portfolio-api","message":"request","meta":{"method":"GET","path":"/api/media","status":200}}
{"ts":"2026-09-03T18:39:15.702Z","level":"info","service":"portfolio-api","message":"request","meta":{"method":"GET","path":"/api/cv","status":200}}
{"ts":"2026-09-03T18:39:15.704Z","level":"info","service":"portfolio-api","message":"request","meta":{"method":"GET","path":"/api/audit-logs","status":200}}
{"ts":"2026-09-03T18:39:21.531Z","level":"info","service":"portfolio-api","message":"request","meta":{"method":"GET","path":"/api/cv","status":200}}
{"ts":"2026-09-03T18:39:45.023Z","level":"info","service":"portfolio-api","message":"request","meta":{"method":"GET","path":"/api/projects/all","status":200}}
{"ts":"2026-09-03T18:39:49.166Z","level":"info","service":"portfolio-api","message":"request","meta":{"method":"GET","path":"/api/settings","status":200}}
{"ts":"2026-09-03T18:39:49.231Z","level":"info","service":"portfolio-api","message":"request","meta":{"method":"GET","path":"/api/research-interests","status":200}}
{"ts":"2026-09-03T18:39:49.232Z","level":"info","service":"portfolio-api","message":"request","meta":{"method":"GET","path":"/api/projects","status":200}}
{"ts":"2026-09-03T18:39:49.232Z","level":"info","service":"portfolio-api","message":"request","meta":{"method":"GET","path":"/api/publications","status":200}}
{"ts":"2026-09-03T18:39:49.232Z","level":"info","service":"portfolio-api","message":"request","meta":{"method":"GET","path":"/api/education","status":200}}
{"ts":"2026-09-03T18:39:49.233Z","level":"info","service":"portfolio-api","message":"request","meta":{"method":"GET","path":"/api/experience","status":200}}
{"ts":"2026-09-03T18:39:49.652Z","level":"info","service":"portfolio-api","message":"request","meta":{"method":"GET","path":"/api/internships","status":200}}
{"ts":"2026-09-03T18:39:49.725Z","level":"info","service":"portfolio-api","message":"request","meta":{"method":"GET","path":"/api/research-experience","status":200}}
{"ts":"2026-09-03T18:39:49.727Z","level":"info","service":"portfolio-api","message":"request","meta":{"method":"GET","path":"/api/skills","status":200}}
{"ts":"2026-09-03T18:39:49.728Z","level":"info","service":"portfolio-api","message":"request","meta":{"method":"GET","path":"/api/conferences","status":200}}
{"ts":"2026-09-03T18:39:49.729Z","level":"info","service":"portfolio-api","message":"request","meta":{"method":"GET","path":"/api/training","status":200}}
{"ts":"2026-09-03T18:39:49.731Z","level":"info","service":"portfolio-api","message":"request","meta":{"method":"GET","path":"/api/memberships","status":200}}
{"ts":"2026-09-03T18:39:50.152Z","level":"info","service":"portfolio-api","message":"request","meta":{"method":"GET","path":"/api/languages","status":200}}
{"ts":"2026-09-03T18:39:50.211Z","level":"info","service":"portfolio-api","message":"request","meta":{"method":"GET","path":"/api/hobbies","status":200}}
{"ts":"2026-09-03T18:39:50.212Z","level":"info","service":"portfolio-api","message":"request","meta":{"method":"GET","path":"/api/recommendations","status":200}}
{"ts":"2026-09-03T18:39:50.213Z","level":"info","service":"portfolio-api","message":"request","meta":{"method":"GET","path":"/api/about","status":200}}
{"ts":"2026-09-03T18:39:50.217Z","level":"info","service":"portfolio-api","message":"request","meta":{"method":"GET","path":"/api/media","status":200}}
{"ts":"2026-09-03T18:39:50.218Z","level":"info","service":"portfolio-api","message":"request","meta":{"method":"GET","path":"/api/auth/me","status":200}}
{"ts":"2026-09-03T18:39:50.710Z","level":"info","service":"portfolio-api","message":"request","meta":{"method":"GET","path":"/api/auth/me","status":200}}
{"ts":"2026-09-03T18:40:10.959Z","level":"info","service":"portfolio-api","message":"request","meta":{"method":"GET","path":"/api/settings","status":200}}
{"ts":"2026-09-03T18:40:13.395Z","level":"info","service":"portfolio-api","message":"request","meta":{"method":"GET","path":"/api/publications/all","status":200}}
{"ts":"2026-09-03T18:40:16.095Z","level":"info","service":"portfolio-api","message":"request","meta":{"method":"GET","path":"/api/experience/all","status":200}}
{"ts":"2026-09-03T18:40:17.185Z","level":"info","service":"portfolio-api","message":"request","meta":{"method":"GET","path":"/api/internships/all","status":200}}
{"ts":"2026-09-03T18:40:17.876Z","level":"info","service":"portfolio-api","message":"request","meta":{"method":"GET","path":"/api/experience/all","status":200}}
{"ts":"2026-09-03T18:40:21.331Z","level":"info","service":"portfolio-api","message":"request","meta":{"method":"GET","path":"/api/research-experience/all","status":200}}
{"ts":"2026-09-03T18:40:24.838Z","level":"info","service":"portfolio-api","message":"request","meta":{"method":"DELETE","path":"/api/research-experience/3c0fb944315bbeec686dab0a","status":200}}
{"ts":"2026-09-03T18:40:25.028Z","level":"info","service":"portfolio-api","message":"Record deleted","meta":{"resource":"research-experience","id":"3c0fb944315bbeec686dab0a"}}
{"ts":"2026-09-03T18:40:25.528Z","level":"info","service":"portfolio-api","message":"request","meta":{"method":"GET","path":"/api/research-experience/all","status":200}}
{"ts":"2026-09-03T18:40:25.794Z","level":"info","service":"portfolio-api","message":"request","meta":{"method":"GET","path":"/api/settings","status":200}}
{"ts":"2026-09-03T18:40:25.796Z","level":"info","service":"portfolio-api","message":"request","meta":{"method":"GET","path":"/api/about","status":200}}
{"ts":"2026-09-03T18:40:25.797Z","level":"info","service":"portfolio-api","message":"request","meta":{"method":"GET","path":"/api/research-interests","status":200}}
{"ts":"2026-09-03T18:40:25.799Z","level":"info","service":"portfolio-api","message":"request","meta":{"method":"GET","path":"/api/projects","status":200}}
{"ts":"2026-09-03T18:40:25.800Z","level":"info","service":"portfolio-api","message":"request","meta":{"method":"GET","path":"/api/publications","status":200}}
{"ts":"2026-09-03T18:40:26.022Z","level":"info","service":"portfolio-api","message":"request","meta":{"method":"GET","path":"/api/education","status":200}}
{"ts":"2026-09-03T18:40:26.282Z","level":"info","service":"portfolio-api","message":"request","meta":{"method":"GET","path":"/api/experience","status":200}}
{"ts":"2026-09-03T18:40:26.284Z","level":"info","service":"portfolio-api","message":"request","meta":{"method":"GET","path":"/api/internships","status":200}}
{"ts":"2026-09-03T18:40:26.295Z","level":"info","service":"portfolio-api","message":"request","meta":{"method":"GET","path":"/api/skills","status":200}}
{"ts":"2026-09-03T18:40:26.296Z","level":"info","service":"portfolio-api","message":"request","meta":{"method":"GET","path":"/api/research-experience","status":200}}
{"ts":"2026-09-03T18:40:26.309Z","level":"info","service":"portfolio-api","message":"request","meta":{"method":"GET","path":"/api/conferences","status":200}}
{"ts":"2026-09-03T18:40:26.508Z","level":"info","service":"portfolio-api","message":"request","meta":{"method":"GET","path":"/api/training","status":200}}
{"ts":"2026-09-03T18:40:26.766Z","level":"info","service":"portfolio-api","message":"request","meta":{"method":"GET","path":"/api/memberships","status":200}}
{"ts":"2026-09-03T18:40:26.767Z","level":"info","service":"portfolio-api","message":"request","meta":{"method":"GET","path":"/api/languages","status":200}}
{"ts":"2026-09-03T18:40:26.777Z","level":"info","service":"portfolio-api","message":"request","meta":{"method":"GET","path":"/api/hobbies","status":200}}
{"ts":"2026-09-03T18:40:26.790Z","level":"info","service":"portfolio-api","message":"request","meta":{"method":"GET","path":"/api/recommendations","status":200}}
{"ts":"2026-09-03T18:40:29.436Z","level":"info","service":"portfolio-api","message":"request","meta":{"method":"GET","path":"/api/settings","status":200}}
{"ts":"2026-09-03T18:40:30.130Z","level":"info","service":"portfolio-api","message":"request","meta":{"method":"GET","path":"/api/skills/all","status":200}}
{"ts":"2026-09-03T18:40:32.173Z","level":"info","service":"portfolio-api","message":"request","meta":{"method":"GET","path":"/api/settings","status":200}}
{"ts":"2026-09-03T18:40:32.174Z","level":"info","service":"portfolio-api","message":"request","meta":{"method":"GET","path":"/api/about","status":200}}
{"ts":"2026-09-03T18:40:32.175Z","level":"info","service":"portfolio-api","message":"request","meta":{"method":"GET","path":"/api/research-interests","status":200}}
{"ts":"2026-09-03T18:40:32.175Z","level":"info","service":"portfolio-api","message":"request","meta":{"method":"GET","path":"/api/projects","status":200}}
{"ts":"2026-09-03T18:40:32.176Z","level":"info","service":"portfolio-api","message":"request","meta":{"method":"GET","path":"/api/publications","status":200}}
{"ts":"2026-09-03T18:40:32.177Z","level":"info","service":"portfolio-api","message":"request","meta":{"method":"GET","path":"/api/education","status":200}}
{"ts":"2026-09-03T18:40:32.665Z","level":"info","service":"portfolio-api","message":"request","meta":{"method":"GET","path":"/api/experience","status":200}}
{"ts":"2026-09-03T18:40:32.667Z","level":"info","service":"portfolio-api","message":"request","meta":{"method":"GET","path":"/api/internships","status":200}}
{"ts":"2026-09-03T18:40:32.668Z","level":"info","service":"portfolio-api","message":"request","meta":{"method":"GET","path":"/api/research-experience","status":200}}
{"ts":"2026-09-03T18:40:32.668Z","level":"info","service":"portfolio-api","message":"request","meta":{"method":"GET","path":"/api/skills","status":200}}
{"ts":"2026-09-03T18:40:32.669Z","level":"info","service":"portfolio-api","message":"request","meta":{"method":"GET","path":"/api/conferences","status":200}}
{"ts":"2026-09-03T18:40:32.671Z","level":"info","service":"portfolio-api","message":"request","meta":{"method":"GET","path":"/api/training","status":200}}
{"ts":"2026-09-03T18:40:33.162Z","level":"info","service":"portfolio-api","message":"request","meta":{"method":"GET","path":"/api/memberships","status":200}}
{"ts":"2026-09-03T18:40:33.163Z","level":"info","service":"portfolio-api","message":"request","meta":{"method":"GET","path":"/api/languages","status":200}}
{"ts":"2026-09-03T18:40:33.164Z","level":"info","service":"portfolio-api","message":"request","meta":{"method":"GET","path":"/api/hobbies","status":200}}
{"ts":"2026-09-03T18:40:33.165Z","level":"info","service":"portfolio-api","message":"request","meta":{"method":"GET","path":"/api/recommendations","status":200}}
{"ts":"2026-09-03T18:40:33.963Z","level":"info","service":"portfolio-api","message":"request","meta":{"method":"GET","path":"/api/settings","status":200}}
{"ts":"2026-09-03T18:40:38.051Z","level":"info","service":"portfolio-api","message":"request","meta":{"method":"PUT","path":"/api/skills/fc00b2225a88db74617f8c86","status":200}}
{"ts":"2026-09-03T18:40:38.244Z","level":"info","service":"portfolio-api","message":"Record updated","meta":{"resource":"skills","id":"fc00b2225a88db74617f8c86"}}
{"ts":"2026-09-03T18:40:38.743Z","level":"info","service":"portfolio-api","message":"request","meta":{"method":"GET","path":"/api/skills/all","status":200}}
{"ts":"2026-09-03T18:40:39.006Z","level":"info","service":"portfolio-api","message":"request","meta":{"method":"GET","path":"/api/settings","status":200}}
{"ts":"2026-09-03T18:40:39.067Z","level":"info","service":"portfolio-api","message":"request","meta":{"method":"GET","path":"/api/about","status":200}}
{"ts":"2026-09-03T18:40:39.068Z","level":"info","service":"portfolio-api","message":"request","meta":{"method":"GET","path":"/api/research-interests","status":200}}
{"ts":"2026-09-03T18:40:39.068Z","level":"info","service":"portfolio-api","message":"request","meta":{"method":"GET","path":"/api/projects","status":200}}
{"ts":"2026-09-03T18:40:39.069Z","level":"info","service":"portfolio-api","message":"request","meta":{"method":"GET","path":"/api/publications","status":200}}
{"ts":"2026-09-03T18:40:39.236Z","level":"info","service":"portfolio-api","message":"request","meta":{"method":"GET","path":"/api/education","status":200}}
{"ts":"2026-09-03T18:40:39.501Z","level":"info","service":"portfolio-api","message":"request","meta":{"method":"GET","path":"/api/experience","status":200}}
{"ts":"2026-09-03T18:40:39.554Z","level":"info","service":"portfolio-api","message":"request","meta":{"method":"GET","path":"/api/internships","status":200}}
{"ts":"2026-09-03T18:40:39.555Z","level":"info","service":"portfolio-api","message":"request","meta":{"method":"GET","path":"/api/research-experience","status":200}}
{"ts":"2026-09-03T18:40:39.556Z","level":"info","service":"portfolio-api","message":"request","meta":{"method":"GET","path":"/api/skills","status":200}}
{"ts":"2026-09-03T18:40:39.556Z","level":"info","service":"portfolio-api","message":"request","meta":{"method":"GET","path":"/api/conferences","status":200}}
{"ts":"2026-09-03T18:40:39.741Z","level":"info","service":"portfolio-api","message":"request","meta":{"method":"GET","path":"/api/training","status":200}}
{"ts":"2026-09-03T18:40:39.994Z","level":"info","service":"portfolio-api","message":"request","meta":{"method":"GET","path":"/api/memberships","status":200}}
{"ts":"2026-09-03T18:40:40.037Z","level":"info","service":"portfolio-api","message":"request","meta":{"method":"GET","path":"/api/languages","status":200}}
{"ts":"2026-09-03T18:40:40.039Z","level":"info","service":"portfolio-api","message":"request","meta":{"method":"GET","path":"/api/hobbies","status":200}}
{"ts":"2026-09-03T18:40:40.039Z","level":"info","service":"portfolio-api","message":"request","meta":{"method":"GET","path":"/api/recommendations","status":200}}
{"ts":"2026-09-03T18:40:42.016Z","level":"info","service":"portfolio-api","message":"request","meta":{"method":"GET","path":"/api/settings","status":200}}
{"ts":"2026-09-03T18:40:46.675Z","level":"info","service":"portfolio-api","message":"request","meta":{"method":"PUT","path":"/api/skills/bc25855042160dda4e16cb63","status":200}}
{"ts":"2026-09-03T18:40:46.849Z","level":"info","service":"portfolio-api","message":"Record updated","meta":{"resource":"skills","id":"bc25855042160dda4e16cb63"}}
{"ts":"2026-09-03T18:40:47.339Z","level":"info","service":"portfolio-api","message":"request","meta":{"method":"GET","path":"/api/skills/all","status":200}}
{"ts":"2026-09-03T18:40:54.963Z","level":"info","service":"portfolio-api","message":"request","meta":{"method":"PUT","path":"/api/skills/9b5b030a73fdf9847c938cc9","status":200}}
{"ts":"2026-09-03T18:40:55.133Z","level":"info","service":"portfolio-api","message":"Record updated","meta":{"resource":"skills","id":"9b5b030a73fdf9847c938cc9"}}
{"ts":"2026-09-03T18:40:55.614Z","level":"info","service":"portfolio-api","message":"request","meta":{"method":"GET","path":"/api/skills/all","status":200}}
{"ts":"2026-09-03T18:40:59.794Z","level":"info","service":"portfolio-api","message":"request","meta":{"method":"PUT","path":"/api/skills/52b1399f1fc693830f346d4f","status":200}}
{"ts":"2026-09-03T18:40:59.968Z","level":"info","service":"portfolio-api","message":"Record updated","meta":{"resource":"skills","id":"52b1399f1fc693830f346d4f"}}
{"ts":"2026-09-03T18:41:00.449Z","level":"info","service":"portfolio-api","message":"request","meta":{"method":"GET","path":"/api/skills/all","status":200}}
{"ts":"2026-09-03T18:41:04.851Z","level":"info","service":"portfolio-api","message":"request","meta":{"method":"PUT","path":"/api/skills/cc9e56ca1def2b1f3a0840f4","status":200}}
{"ts":"2026-09-03T18:41:05.023Z","level":"info","service":"portfolio-api","message":"Record updated","meta":{"resource":"skills","id":"cc9e56ca1def2b1f3a0840f4"}}
{"ts":"2026-09-03T18:41:05.510Z","level":"info","service":"portfolio-api","message":"request","meta":{"method":"GET","path":"/api/skills/all","status":200}}
{"ts":"2026-09-03T18:41:10.486Z","level":"info","service":"portfolio-api","message":"request","meta":{"method":"DELETE","path":"/api/skills/4c0c98095d20f0f1d7bee581","status":200}}
{"ts":"2026-09-03T18:41:10.660Z","level":"info","service":"portfolio-api","message":"Record deleted","meta":{"resource":"skills","id":"4c0c98095d20f0f1d7bee581"}}
{"ts":"2026-09-03T18:41:11.158Z","level":"info","service":"portfolio-api","message":"request","meta":{"method":"GET","path":"/api/skills/all","status":200}}
{"ts":"2026-09-03T18:41:16.994Z","level":"info","service":"portfolio-api","message":"request","meta":{"method":"PUT","path":"/api/skills/c92ccbc15e1ccc08542a3df3","status":200}}
{"ts":"2026-09-03T18:41:17.178Z","level":"info","service":"portfolio-api","message":"Record updated","meta":{"resource":"skills","id":"c92ccbc15e1ccc08542a3df3"}}
{"ts":"2026-09-03T18:41:17.674Z","level":"info","service":"portfolio-api","message":"request","meta":{"method":"GET","path":"/api/skills/all","status":200}}
{"ts":"2026-09-03T18:41:22.273Z","level":"info","service":"portfolio-api","message":"request","meta":{"method":"PUT","path":"/api/skills/89016688919383b74e5c85af","status":200}}
{"ts":"2026-09-03T18:41:22.445Z","level":"info","service":"portfolio-api","message":"Record updated","meta":{"resource":"skills","id":"89016688919383b74e5c85af"}}
{"ts":"2026-09-03T18:41:22.939Z","level":"info","service":"portfolio-api","message":"request","meta":{"method":"GET","path":"/api/skills/all","status":200}}
{"ts":"2026-09-03T18:41:30.922Z","level":"info","service":"portfolio-api","message":"request","meta":{"method":"PUT","path":"/api/skills/7fffdb833c079bbbb5f04068","status":200}}
{"ts":"2026-09-03T18:41:31.097Z","level":"info","service":"portfolio-api","message":"Record updated","meta":{"resource":"skills","id":"7fffdb833c079bbbb5f04068"}}
{"ts":"2026-09-03T18:41:31.589Z","level":"info","service":"portfolio-api","message":"request","meta":{"method":"GET","path":"/api/skills/all","status":200}}
{"ts":"2026-09-03T18:41:37.146Z","level":"info","service":"portfolio-api","message":"request","meta":{"method":"PUT","path":"/api/skills/657608dbac576fbdc82b37ed","status":200}}
{"ts":"2026-09-03T18:41:37.319Z","level":"info","service":"portfolio-api","message":"Record updated","meta":{"resource":"skills","id":"657608dbac576fbdc82b37ed"}}
{"ts":"2026-09-03T18:41:37.805Z","level":"info","service":"portfolio-api","message":"request","meta":{"method":"GET","path":"/api/skills/all","status":200}}
{"ts":"2026-09-03T18:41:44.098Z","level":"info","service":"portfolio-api","message":"request","meta":{"method":"PUT","path":"/api/skills/0428de3dd27d334e1aa83077","status":200}}
{"ts":"2026-09-03T18:41:44.271Z","level":"info","service":"portfolio-api","message":"Record updated","meta":{"resource":"skills","id":"0428de3dd27d334e1aa83077"}}
{"ts":"2026-09-03T18:41:44.761Z","level":"info","service":"portfolio-api","message":"request","meta":{"method":"GET","path":"/api/skills/all","status":200}}
{"ts":"2026-09-03T18:41:52.411Z","level":"info","service":"portfolio-api","message":"request","meta":{"method":"PUT","path":"/api/skills/a58985ca3d0999e021a721b2","status":200}}
{"ts":"2026-09-03T18:41:52.590Z","level":"info","service":"portfolio-api","message":"Record updated","meta":{"resource":"skills","id":"a58985ca3d0999e021a721b2"}}
{"ts":"2026-09-03T18:41:53.079Z","level":"info","service":"portfolio-api","message":"request","meta":{"method":"GET","path":"/api/skills/all","status":200}}
{"ts":"2026-09-03T18:41:54.742Z","level":"info","service":"portfolio-api","message":"request","meta":{"method":"GET","path":"/api/settings","status":200}}
{"ts":"2026-09-03T18:41:55.059Z","level":"info","service":"portfolio-api","message":"request","meta":{"method":"GET","path":"/api/about","status":200}}
{"ts":"2026-09-03T18:41:55.060Z","level":"info","service":"portfolio-api","message":"request","meta":{"method":"GET","path":"/api/research-interests","status":200}}
{"ts":"2026-09-03T18:41:55.062Z","level":"info","service":"portfolio-api","message":"request","meta":{"method":"GET","path":"/api/projects","status":200}}
{"ts":"2026-09-03T18:41:55.063Z","level":"info","service":"portfolio-api","message":"request","meta":{"method":"GET","path":"/api/publications","status":200}}
{"ts":"2026-09-03T18:41:55.064Z","level":"info","service":"portfolio-api","message":"request","meta":{"method":"GET","path":"/api/education","status":200}}
{"ts":"2026-09-03T18:41:55.221Z","level":"info","service":"portfolio-api","message":"request","meta":{"method":"GET","path":"/api/experience","status":200}}
{"ts":"2026-09-03T18:41:55.545Z","level":"info","service":"portfolio-api","message":"request","meta":{"method":"GET","path":"/api/internships","status":200}}
{"ts":"2026-09-03T18:41:55.546Z","level":"info","service":"portfolio-api","message":"request","meta":{"method":"GET","path":"/api/research-experience","status":200}}
{"ts":"2026-09-03T18:41:55.547Z","level":"info","service":"portfolio-api","message":"request","meta":{"method":"GET","path":"/api/skills","status":200}}
{"ts":"2026-09-03T18:41:55.551Z","level":"info","service":"portfolio-api","message":"request","meta":{"method":"GET","path":"/api/conferences","status":200}}
{"ts":"2026-09-03T18:41:55.558Z","level":"info","service":"portfolio-api","message":"request","meta":{"method":"GET","path":"/api/training","status":200}}
{"ts":"2026-09-03T18:41:55.706Z","level":"info","service":"portfolio-api","message":"request","meta":{"method":"GET","path":"/api/memberships","status":200}}
{"ts":"2026-09-03T18:41:56.024Z","level":"info","service":"portfolio-api","message":"request","meta":{"method":"GET","path":"/api/languages","status":200}}
{"ts":"2026-09-03T18:41:56.052Z","level":"info","service":"portfolio-api","message":"request","meta":{"method":"GET","path":"/api/hobbies","status":200}}
{"ts":"2026-09-03T18:41:56.053Z","level":"info","service":"portfolio-api","message":"request","meta":{"method":"GET","path":"/api/recommendations","status":200}}
{"ts":"2026-09-03T18:41:58.446Z","level":"info","service":"portfolio-api","message":"request","meta":{"method":"GET","path":"/api/settings","status":200}}
{"ts":"2026-09-03T18:42:04.137Z","level":"info","service":"portfolio-api","message":"request","meta":{"method":"PUT","path":"/api/skills/a58985ca3d0999e021a721b2","status":200}}
{"ts":"2026-09-03T18:42:04.326Z","level":"info","service":"portfolio-api","message":"Record updated","meta":{"resource":"skills","id":"a58985ca3d0999e021a721b2"}}
{"ts":"2026-09-03T18:42:04.828Z","level":"info","service":"portfolio-api","message":"request","meta":{"method":"GET","path":"/api/skills/all","status":200}}
{"ts":"2026-09-03T18:42:05.471Z","level":"info","service":"portfolio-api","message":"request","meta":{"method":"GET","path":"/api/settings","status":200}}
{"ts":"2026-09-03T18:42:05.780Z","level":"info","service":"portfolio-api","message":"request","meta":{"method":"GET","path":"/api/about","status":200}}
{"ts":"2026-09-03T18:42:05.781Z","level":"info","service":"portfolio-api","message":"request","meta":{"method":"GET","path":"/api/research-interests","status":200}}
{"ts":"2026-09-03T18:42:05.782Z","level":"info","service":"portfolio-api","message":"request","meta":{"method":"GET","path":"/api/projects","status":200}}
{"ts":"2026-09-03T18:42:05.783Z","level":"info","service":"portfolio-api","message":"request","meta":{"method":"GET","path":"/api/publications","status":200}}
{"ts":"2026-09-03T18:42:05.783Z","level":"info","service":"portfolio-api","message":"request","meta":{"method":"GET","path":"/api/education","status":200}}
{"ts":"2026-09-03T18:42:05.965Z","level":"info","service":"portfolio-api","message":"request","meta":{"method":"GET","path":"/api/experience","status":200}}
{"ts":"2026-09-03T18:42:06.269Z","level":"info","service":"portfolio-api","message":"request","meta":{"method":"GET","path":"/api/internships","status":200}}
{"ts":"2026-09-03T18:42:06.269Z","level":"info","service":"portfolio-api","message":"request","meta":{"method":"GET","path":"/api/research-experience","status":200}}
{"ts":"2026-09-03T18:42:06.270Z","level":"info","service":"portfolio-api","message":"request","meta":{"method":"GET","path":"/api/skills","status":200}}
{"ts":"2026-09-03T18:42:06.270Z","level":"info","service":"portfolio-api","message":"request","meta":{"method":"GET","path":"/api/conferences","status":200}}
{"ts":"2026-09-03T18:42:06.277Z","level":"info","service":"portfolio-api","message":"request","meta":{"method":"GET","path":"/api/training","status":200}}
{"ts":"2026-09-03T18:42:06.451Z","level":"info","service":"portfolio-api","message":"request","meta":{"method":"GET","path":"/api/memberships","status":200}}
{"ts":"2026-09-03T18:42:06.753Z","level":"info","service":"portfolio-api","message":"request","meta":{"method":"GET","path":"/api/languages","status":200}}
{"ts":"2026-09-03T18:42:06.754Z","level":"info","service":"portfolio-api","message":"request","meta":{"method":"GET","path":"/api/hobbies","status":200}}
{"ts":"2026-09-03T18:42:06.754Z","level":"info","service":"portfolio-api","message":"request","meta":{"method":"GET","path":"/api/recommendations","status":200}}
{"ts":"2026-09-03T18:42:08.164Z","level":"info","service":"portfolio-api","message":"request","meta":{"method":"GET","path":"/api/settings","status":200}}
{"ts":"2026-09-03T18:42:10.422Z","level":"info","service":"portfolio-api","message":"request","meta":{"method":"GET","path":"/api/conferences/all","status":200}}
{"ts":"2026-09-03T18:42:14.128Z","level":"info","service":"portfolio-api","message":"request","meta":{"method":"GET","path":"/api/settings","status":200}}
{"ts":"2026-09-03T18:42:14.129Z","level":"info","service":"portfolio-api","message":"request","meta":{"method":"GET","path":"/api/about","status":200}}
{"ts":"2026-09-03T18:42:14.130Z","level":"info","service":"portfolio-api","message":"request","meta":{"method":"GET","path":"/api/research-interests","status":200}}
{"ts":"2026-09-03T18:42:14.130Z","level":"info","service":"portfolio-api","message":"request","meta":{"method":"GET","path":"/api/projects","status":200}}
{"ts":"2026-09-03T18:42:14.131Z","level":"info","service":"portfolio-api","message":"request","meta":{"method":"GET","path":"/api/publications","status":200}}
{"ts":"2026-09-03T18:42:14.132Z","level":"info","service":"portfolio-api","message":"request","meta":{"method":"GET","path":"/api/education","status":200}}
{"ts":"2026-09-03T18:42:14.619Z","level":"info","service":"portfolio-api","message":"request","meta":{"method":"GET","path":"/api/experience","status":200}}
{"ts":"2026-09-03T18:42:14.620Z","level":"info","service":"portfolio-api","message":"request","meta":{"method":"GET","path":"/api/internships","status":200}}
{"ts":"2026-09-03T18:42:14.621Z","level":"info","service":"portfolio-api","message":"request","meta":{"method":"GET","path":"/api/research-experience","status":200}}
{"ts":"2026-09-03T18:42:14.623Z","level":"info","service":"portfolio-api","message":"request","meta":{"method":"GET","path":"/api/skills","status":200}}
{"ts":"2026-09-03T18:42:14.624Z","level":"info","service":"portfolio-api","message":"request","meta":{"method":"GET","path":"/api/conferences","status":200}}
{"ts":"2026-09-03T18:42:14.626Z","level":"info","service":"portfolio-api","message":"request","meta":{"method":"GET","path":"/api/training","status":200}}
{"ts":"2026-09-03T18:42:15.123Z","level":"info","service":"portfolio-api","message":"request","meta":{"method":"GET","path":"/api/memberships","status":200}}
{"ts":"2026-09-03T18:42:15.124Z","level":"info","service":"portfolio-api","message":"request","meta":{"method":"GET","path":"/api/languages","status":200}}
{"ts":"2026-09-03T18:42:15.124Z","level":"info","service":"portfolio-api","message":"request","meta":{"method":"GET","path":"/api/hobbies","status":200}}
{"ts":"2026-09-03T18:42:15.126Z","level":"info","service":"portfolio-api","message":"request","meta":{"method":"GET","path":"/api/recommendations","status":200}}
{"ts":"2026-09-03T18:42:18.624Z","level":"info","service":"portfolio-api","message":"request","meta":{"method":"GET","path":"/uploads/certificates/awards-p34-X27.jpg","status":200}}
{"ts":"2026-09-03T18:42:21.029Z","level":"info","service":"portfolio-api","message":"request","meta":{"method":"GET","path":"/api/settings","status":200}}
{"ts":"2026-09-03T18:42:21.030Z","level":"info","service":"portfolio-api","message":"request","meta":{"method":"GET","path":"/api/about","status":200}}
{"ts":"2026-09-03T18:42:21.337Z","level":"info","service":"portfolio-api","message":"request","meta":{"method":"GET","path":"/api/research-interests","status":200}}
{"ts":"2026-09-03T18:42:21.338Z","level":"info","service":"portfolio-api","message":"request","meta":{"method":"GET","path":"/api/projects","status":200}}
{"ts":"2026-09-03T18:42:21.340Z","level":"info","service":"portfolio-api","message":"request","meta":{"method":"GET","path":"/api/publications","status":200}}
{"ts":"2026-09-03T18:42:21.341Z","level":"info","service":"portfolio-api","message":"request","meta":{"method":"GET","path":"/api/education","status":200}}
{"ts":"2026-09-03T18:42:21.507Z","level":"info","service":"portfolio-api","message":"request","meta":{"method":"GET","path":"/api/experience","status":200}}
{"ts":"2026-09-03T18:42:21.526Z","level":"info","service":"portfolio-api","message":"request","meta":{"method":"GET","path":"/api/internships","status":200}}
{"ts":"2026-09-03T18:42:21.820Z","level":"info","service":"portfolio-api","message":"request","meta":{"method":"GET","path":"/api/research-experience","status":200}}
{"ts":"2026-09-03T18:42:21.839Z","level":"info","service":"portfolio-api","message":"request","meta":{"method":"GET","path":"/api/skills","status":200}}
{"ts":"2026-09-03T18:42:21.839Z","level":"info","service":"portfolio-api","message":"request","meta":{"method":"GET","path":"/api/conferences","status":200}}
{"ts":"2026-09-03T18:42:21.840Z","level":"info","service":"portfolio-api","message":"request","meta":{"method":"GET","path":"/api/training","status":200}}
{"ts":"2026-09-03T18:42:21.990Z","level":"info","service":"portfolio-api","message":"request","meta":{"method":"GET","path":"/api/memberships","status":200}}
{"ts":"2026-09-03T18:42:22.018Z","level":"info","service":"portfolio-api","message":"request","meta":{"method":"GET","path":"/api/languages","status":200}}
{"ts":"2026-09-03T18:42:22.311Z","level":"info","service":"portfolio-api","message":"request","meta":{"method":"GET","path":"/api/hobbies","status":200}}
{"ts":"2026-09-03T18:42:22.324Z","level":"info","service":"portfolio-api","message":"request","meta":{"method":"GET","path":"/api/recommendations","status":200}}
{"ts":"2026-09-03T18:42:22.477Z","level":"info","service":"portfolio-api","message":"request","meta":{"method":"GET","path":"/api/settings","status":200}}
{"ts":"2026-09-03T18:42:36.323Z","level":"info","service":"portfolio-api","message":"request","meta":{"method":"GET","path":"/uploads/WhatsApp%20Image%202026-08-21%20at%2015.08.53%20(2).jpeg","status":200}}
{"ts":"2026-09-03T18:42:36.324Z","level":"info","service":"portfolio-api","message":"request","meta":{"method":"GET","path":"/uploads/WhatsApp%20Image%202026-08-21%20at%2015.08.53%20(1).jpeg","status":200}}
{"ts":"2026-09-03T18:42:36.324Z","level":"info","service":"portfolio-api","message":"request","meta":{"method":"GET","path":"/uploads/WhatsApp%20Image%202026-08-21%20at%2015.08.54.jpeg","status":200}}
{"ts":"2026-09-03T18:42:36.324Z","level":"info","service":"portfolio-api","message":"request","meta":{"method":"GET","path":"/uploads/WhatsApp%20Image%202026-08-21%20at%2015.08.54%20(4).jpeg","status":200}}
{"ts":"2026-09-03T18:42:36.324Z","level":"info","service":"portfolio-api","message":"request","meta":{"method":"GET","path":"/uploads/WhatsApp%20Image%202026-08-21%20at%2015.08.54%20(3).jpeg","status":200}}
{"ts":"2026-09-03T18:42:36.324Z","level":"info","service":"portfolio-api","message":"request","meta":{"method":"GET","path":"/uploads/WhatsApp%20Image%202026-08-21%20at%2015.08.54%20(2).jpeg","status":200}}
{"ts":"2026-09-03T18:42:36.644Z","level":"info","service":"portfolio-api","message":"request","meta":{"method":"GET","path":"/uploads/WhatsApp%20Image%202026-08-21%20at%2015.08.54%20(1).jpeg","status":200}}
{"ts":"2026-09-03T18:42:36.644Z","level":"info","service":"portfolio-api","message":"request","meta":{"method":"GET","path":"/uploads/WhatsApp%20Image%202026-08-21%20at%2015.08.53.jpeg","status":200}}
{"ts":"2026-09-03T18:42:36.669Z","level":"info","service":"portfolio-api","message":"request","meta":{"method":"GET","path":"/uploads/WhatsApp%20Image%202026-08-21%20at%2015.08.52.jpeg","status":200}}
{"ts":"2026-09-03T18:42:36.670Z","level":"info","service":"portfolio-api","message":"request","meta":{"method":"GET","path":"/uploads/WhatsApp%20Image%202026-08-21%20at%2015.08.52%20(1).jpeg","status":200}}
{"ts":"2026-09-03T18:42:36.677Z","level":"info","service":"portfolio-api","message":"request","meta":{"method":"GET","path":"/uploads/14.jpg","status":200}}
{"ts":"2026-09-03T18:42:36.682Z","level":"info","service":"portfolio-api","message":"request","meta":{"method":"GET","path":"/uploads/hero.jpg","status":200}}
{"ts":"2026-09-03T18:42:41.381Z","level":"info","service":"portfolio-api","message":"request","meta":{"method":"PUT","path":"/api/conferences/23063b1795365ba07663f629","status":200}}
{"ts":"2026-09-03T18:42:41.575Z","level":"info","service":"portfolio-api","message":"Record updated","meta":{"resource":"conferences","id":"23063b1795365ba07663f629"}}
{"ts":"2026-09-03T18:42:41.760Z","level":"info","service":"portfolio-api","message":"request","meta":{"method":"GET","path":"/api/conferences/all","status":200}}
{"ts":"2026-09-03T18:42:42.485Z","level":"info","service":"portfolio-api","message":"request","meta":{"method":"GET","path":"/api/settings","status":200}}
{"ts":"2026-09-03T18:42:42.486Z","level":"info","service":"portfolio-api","message":"request","meta":{"method":"GET","path":"/api/about","status":200}}
{"ts":"2026-09-03T18:42:42.486Z","level":"info","service":"portfolio-api","message":"request","meta":{"method":"GET","path":"/api/research-interests","status":200}}
{"ts":"2026-09-03T18:42:42.487Z","level":"info","service":"portfolio-api","message":"request","meta":{"method":"GET","path":"/api/projects","status":200}}
{"ts":"2026-09-03T18:42:42.487Z","level":"info","service":"portfolio-api","message":"request","meta":{"method":"GET","path":"/api/publications","status":200}}
{"ts":"2026-09-03T18:42:42.487Z","level":"info","service":"portfolio-api","message":"request","meta":{"method":"GET","path":"/api/education","status":200}}
{"ts":"2026-09-03T18:42:42.977Z","level":"info","service":"portfolio-api","message":"request","meta":{"method":"GET","path":"/api/experience","status":200}}
{"ts":"2026-09-03T18:42:42.978Z","level":"info","service":"portfolio-api","message":"request","meta":{"method":"GET","path":"/api/internships","status":200}}
{"ts":"2026-09-03T18:42:42.980Z","level":"info","service":"portfolio-api","message":"request","meta":{"method":"GET","path":"/api/research-experience","status":200}}
{"ts":"2026-09-03T18:42:42.981Z","level":"info","service":"portfolio-api","message":"request","meta":{"method":"GET","path":"/api/skills","status":200}}
{"ts":"2026-09-03T18:42:42.982Z","level":"info","service":"portfolio-api","message":"request","meta":{"method":"GET","path":"/api/conferences","status":200}}
{"ts":"2026-09-03T18:42:42.984Z","level":"info","service":"portfolio-api","message":"request","meta":{"method":"GET","path":"/api/training","status":200}}
{"ts":"2026-09-03T18:42:43.462Z","level":"info","service":"portfolio-api","message":"request","meta":{"method":"GET","path":"/api/memberships","status":200}}
{"ts":"2026-09-03T18:42:43.463Z","level":"info","service":"portfolio-api","message":"request","meta":{"method":"GET","path":"/api/languages","status":200}}
{"ts":"2026-09-03T18:42:43.469Z","level":"info","service":"portfolio-api","message":"request","meta":{"method":"GET","path":"/api/hobbies","status":200}}
{"ts":"2026-09-03T18:42:43.470Z","level":"info","service":"portfolio-api","message":"request","meta":{"method":"GET","path":"/api/recommendations","status":200}}
{"ts":"2026-09-03T18:42:51.453Z","level":"info","service":"portfolio-api","message":"request","meta":{"method":"GET","path":"/api/settings","status":200}}
{"ts":"2026-09-03T18:43:08.603Z","level":"info","service":"portfolio-api","message":"request","meta":{"method":"GET","path":"/api/settings","status":200}}
{"ts":"2026-09-03T18:43:14.053Z","level":"info","service":"portfolio-api","message":"request","meta":{"method":"DELETE","path":"/api/conferences/23063b1795365ba07663f629","status":200}}
{"ts":"2026-09-03T18:43:14.241Z","level":"info","service":"portfolio-api","message":"Record deleted","meta":{"resource":"conferences","id":"23063b1795365ba07663f629"}}
{"ts":"2026-09-03T18:43:14.434Z","level":"info","service":"portfolio-api","message":"request","meta":{"method":"GET","path":"/api/conferences/all","status":200}}
{"ts":"2026-09-03T18:43:17.405Z","level":"info","service":"portfolio-api","message":"request","meta":{"method":"DELETE","path":"/api/conferences/0713e5cdb2cf12aeabb5ea55","status":200}}
{"ts":"2026-09-03T18:43:17.595Z","level":"info","service":"portfolio-api","message":"Record deleted","meta":{"resource":"conferences","id":"0713e5cdb2cf12aeabb5ea55"}}
{"ts":"2026-09-03T18:43:17.789Z","level":"info","service":"portfolio-api","message":"request","meta":{"method":"GET","path":"/api/conferences/all","status":200}}
{"ts":"2026-09-03T18:43:19.851Z","level":"info","service":"portfolio-api","message":"request","meta":{"method":"DELETE","path":"/api/conferences/b3325bbc970564378a0ca53c","status":200}}
{"ts":"2026-09-03T18:43:20.041Z","level":"info","service":"portfolio-api","message":"Record deleted","meta":{"resource":"conferences","id":"b3325bbc970564378a0ca53c"}}
{"ts":"2026-09-03T18:43:20.236Z","level":"info","service":"portfolio-api","message":"request","meta":{"method":"GET","path":"/api/conferences/all","status":200}}
{"ts":"2026-09-03T18:43:22.717Z","level":"info","service":"portfolio-api","message":"request","meta":{"method":"DELETE","path":"/api/conferences/0639108b6c21a694e5db98bf","status":200}}
{"ts":"2026-09-03T18:43:22.908Z","level":"info","service":"portfolio-api","message":"Record deleted","meta":{"resource":"conferences","id":"0639108b6c21a694e5db98bf"}}
{"ts":"2026-09-03T18:43:23.105Z","level":"info","service":"portfolio-api","message":"request","meta":{"method":"GET","path":"/api/conferences/all","status":200}}
{"ts":"2026-09-03T18:43:25.121Z","level":"info","service":"portfolio-api","message":"request","meta":{"method":"DELETE","path":"/api/conferences/d09e234705c2429f04e0b208","status":200}}
{"ts":"2026-09-03T18:43:25.307Z","level":"info","service":"portfolio-api","message":"Record deleted","meta":{"resource":"conferences","id":"d09e234705c2429f04e0b208"}}
{"ts":"2026-09-03T18:43:25.501Z","level":"info","service":"portfolio-api","message":"request","meta":{"method":"GET","path":"/api/conferences/all","status":200}}
{"ts":"2026-09-03T18:43:27.369Z","level":"info","service":"portfolio-api","message":"request","meta":{"method":"DELETE","path":"/api/conferences/a730a57a56456b5910868d4b","status":200}}
{"ts":"2026-09-03T18:43:27.556Z","level":"info","service":"portfolio-api","message":"Record deleted","meta":{"resource":"conferences","id":"a730a57a56456b5910868d4b"}}
{"ts":"2026-09-03T18:43:27.751Z","level":"info","service":"portfolio-api","message":"request","meta":{"method":"GET","path":"/api/conferences/all","status":200}}
{"ts":"2026-09-03T18:43:29.956Z","level":"info","service":"portfolio-api","message":"request","meta":{"method":"DELETE","path":"/api/conferences/eb792b2f34aaffe979101500","status":200}}
{"ts":"2026-09-03T18:43:30.141Z","level":"info","service":"portfolio-api","message":"Record deleted","meta":{"resource":"conferences","id":"eb792b2f34aaffe979101500"}}
{"ts":"2026-09-03T18:43:30.336Z","level":"info","service":"portfolio-api","message":"request","meta":{"method":"GET","path":"/api/conferences/all","status":200}}
{"ts":"2026-09-03T18:43:32.820Z","level":"info","service":"portfolio-api","message":"request","meta":{"method":"DELETE","path":"/api/conferences/8c16015d84451abee7221593","status":200}}
{"ts":"2026-09-03T18:43:33.008Z","level":"info","service":"portfolio-api","message":"Record deleted","meta":{"resource":"conferences","id":"8c16015d84451abee7221593"}}
{"ts":"2026-09-03T18:43:33.204Z","level":"info","service":"portfolio-api","message":"request","meta":{"method":"GET","path":"/api/conferences/all","status":200}}
{"ts":"2026-09-03T18:43:35.196Z","level":"info","service":"portfolio-api","message":"request","meta":{"method":"DELETE","path":"/api/conferences/6ce6f2ffffb0989c1d91e338","status":200}}
{"ts":"2026-09-03T18:43:35.391Z","level":"info","service":"portfolio-api","message":"Record deleted","meta":{"resource":"conferences","id":"6ce6f2ffffb0989c1d91e338"}}
{"ts":"2026-09-03T18:43:35.585Z","level":"info","service":"portfolio-api","message":"request","meta":{"method":"GET","path":"/api/conferences/all","status":200}}
{"ts":"2026-09-03T18:43:36.199Z","level":"info","service":"portfolio-api","message":"request","meta":{"method":"GET","path":"/api/settings","status":200}}
{"ts":"2026-09-03T18:43:36.200Z","level":"info","service":"portfolio-api","message":"request","meta":{"method":"GET","path":"/api/about","status":200}}
{"ts":"2026-09-03T18:43:36.202Z","level":"info","service":"portfolio-api","message":"request","meta":{"method":"GET","path":"/api/research-interests","status":200}}
{"ts":"2026-09-03T18:43:36.203Z","level":"info","service":"portfolio-api","message":"request","meta":{"method":"GET","path":"/api/education","status":200}}
{"ts":"2026-09-03T18:43:36.204Z","level":"info","service":"portfolio-api","message":"request","meta":{"method":"GET","path":"/api/projects","status":200}}
{"ts":"2026-09-03T18:43:36.205Z","level":"info","service":"portfolio-api","message":"request","meta":{"method":"GET","path":"/api/publications","status":200}}
{"ts":"2026-09-03T18:43:36.702Z","level":"info","service":"portfolio-api","message":"request","meta":{"method":"GET","path":"/api/experience","status":200}}
{"ts":"2026-09-03T18:43:36.703Z","level":"info","service":"portfolio-api","message":"request","meta":{"method":"GET","path":"/api/internships","status":200}}
{"ts":"2026-09-03T18:43:36.704Z","level":"info","service":"portfolio-api","message":"request","meta":{"method":"GET","path":"/api/research-experience","status":200}}
{"ts":"2026-09-03T18:43:36.705Z","level":"info","service":"portfolio-api","message":"request","meta":{"method":"GET","path":"/api/skills","status":200}}
{"ts":"2026-09-03T18:43:36.706Z","level":"info","service":"portfolio-api","message":"request","meta":{"method":"GET","path":"/api/conferences","status":200}}
{"ts":"2026-09-03T18:43:36.707Z","level":"info","service":"portfolio-api","message":"request","meta":{"method":"GET","path":"/api/training","status":200}}
{"ts":"2026-09-03T18:43:37.191Z","level":"info","service":"portfolio-api","message":"request","meta":{"method":"GET","path":"/api/memberships","status":200}}
{"ts":"2026-09-03T18:43:37.192Z","level":"info","service":"portfolio-api","message":"request","meta":{"method":"GET","path":"/api/languages","status":200}}
{"ts":"2026-09-03T18:43:37.193Z","level":"info","service":"portfolio-api","message":"request","meta":{"method":"GET","path":"/api/hobbies","status":200}}
{"ts":"2026-09-03T18:43:37.193Z","level":"info","service":"portfolio-api","message":"request","meta":{"method":"GET","path":"/api/recommendations","status":200}}
{"ts":"2026-09-03T18:44:07.120Z","level":"info","service":"portfolio-api","message":"request","meta":{"method":"GET","path":"/api/settings","status":200}}
{"ts":"2026-09-03T18:44:07.122Z","level":"info","service":"portfolio-api","message":"request","meta":{"method":"GET","path":"/api/about","status":200}}
{"ts":"2026-09-03T18:44:07.122Z","level":"info","service":"portfolio-api","message":"request","meta":{"method":"GET","path":"/api/research-interests","status":200}}
{"ts":"2026-09-03T18:44:07.123Z","level":"info","service":"portfolio-api","message":"request","meta":{"method":"GET","path":"/api/projects","status":200}}
{"ts":"2026-09-03T18:44:07.126Z","level":"info","service":"portfolio-api","message":"request","meta":{"method":"GET","path":"/api/publications","status":200}}
{"ts":"2026-09-03T18:44:07.128Z","level":"info","service":"portfolio-api","message":"request","meta":{"method":"GET","path":"/api/education","status":200}}
{"ts":"2026-09-03T18:44:07.610Z","level":"info","service":"portfolio-api","message":"request","meta":{"method":"GET","path":"/api/experience","status":200}}
{"ts":"2026-09-03T18:44:07.613Z","level":"info","service":"portfolio-api","message":"request","meta":{"method":"GET","path":"/api/internships","status":200}}
{"ts":"2026-09-03T18:44:07.614Z","level":"info","service":"portfolio-api","message":"request","meta":{"method":"GET","path":"/api/research-experience","status":200}}
{"ts":"2026-09-03T18:44:07.617Z","level":"info","service":"portfolio-api","message":"request","meta":{"method":"GET","path":"/api/skills","status":200}}
{"ts":"2026-09-03T18:44:07.620Z","level":"info","service":"portfolio-api","message":"request","meta":{"method":"GET","path":"/api/conferences","status":200}}
{"ts":"2026-09-03T18:44:07.621Z","level":"info","service":"portfolio-api","message":"request","meta":{"method":"GET","path":"/api/training","status":200}}
{"ts":"2026-09-03T18:44:08.101Z","level":"info","service":"portfolio-api","message":"request","meta":{"method":"GET","path":"/api/memberships","status":200}}
{"ts":"2026-09-03T18:44:08.102Z","level":"info","service":"portfolio-api","message":"request","meta":{"method":"GET","path":"/api/languages","status":200}}
{"ts":"2026-09-03T18:44:08.104Z","level":"info","service":"portfolio-api","message":"request","meta":{"method":"GET","path":"/api/hobbies","status":200}}
{"ts":"2026-09-03T18:44:08.105Z","level":"info","service":"portfolio-api","message":"request","meta":{"method":"GET","path":"/api/recommendations","status":200}}
{"ts":"2026-09-03T18:44:08.411Z","level":"info","service":"portfolio-api","message":"request","meta":{"method":"GET","path":"/api/settings","status":200}}
{"ts":"2026-09-03T18:44:10.003Z","level":"info","service":"portfolio-api","message":"request","meta":{"method":"GET","path":"/api/settings","status":200}}
{"ts":"2026-09-03T18:44:28.711Z","level":"info","service":"portfolio-api","message":"request","meta":{"method":"GET","path":"/api/media","status":200}}
{"ts":"2026-09-03T18:44:52.207Z","level":"info","service":"portfolio-api","message":"request","meta":{"method":"GET","path":"/api/settings","status":200}}
{"ts":"2026-09-03T18:44:52.801Z","level":"info","service":"portfolio-api","message":"request","meta":{"method":"GET","path":"/api/settings","status":200}}
{"ts":"2026-09-03T18:44:53.109Z","level":"info","service":"portfolio-api","message":"request","meta":{"method":"GET","path":"/api/about","status":200}}
{"ts":"2026-09-03T18:44:53.110Z","level":"info","service":"portfolio-api","message":"request","meta":{"method":"GET","path":"/api/research-interests","status":200}}
{"ts":"2026-09-03T18:44:53.111Z","level":"info","service":"portfolio-api","message":"request","meta":{"method":"GET","path":"/api/projects","status":200}}
{"ts":"2026-09-03T18:44:53.111Z","level":"info","service":"portfolio-api","message":"request","meta":{"method":"GET","path":"/api/publications","status":200}}
{"ts":"2026-09-03T18:44:53.112Z","level":"info","service":"portfolio-api","message":"request","meta":{"method":"GET","path":"/api/education","status":200}}
{"ts":"2026-09-03T18:44:53.294Z","level":"info","service":"portfolio-api","message":"request","meta":{"method":"GET","path":"/api/experience","status":200}}
{"ts":"2026-09-03T18:44:53.604Z","level":"info","service":"portfolio-api","message":"request","meta":{"method":"GET","path":"/api/internships","status":200}}
{"ts":"2026-09-03T18:44:53.605Z","level":"info","service":"portfolio-api","message":"request","meta":{"method":"GET","path":"/api/research-experience","status":200}}
{"ts":"2026-09-03T18:44:53.607Z","level":"info","service":"portfolio-api","message":"request","meta":{"method":"GET","path":"/api/skills","status":200}}
{"ts":"2026-09-03T18:44:53.608Z","level":"info","service":"portfolio-api","message":"request","meta":{"method":"GET","path":"/api/conferences","status":200}}
{"ts":"2026-09-03T18:44:53.609Z","level":"info","service":"portfolio-api","message":"request","meta":{"method":"GET","path":"/api/training","status":200}}
{"ts":"2026-09-03T18:44:53.788Z","level":"info","service":"portfolio-api","message":"request","meta":{"method":"GET","path":"/api/memberships","status":200}}
{"ts":"2026-09-03T18:44:54.091Z","level":"info","service":"portfolio-api","message":"request","meta":{"method":"GET","path":"/api/languages","status":200}}
{"ts":"2026-09-03T18:44:54.092Z","level":"info","service":"portfolio-api","message":"request","meta":{"method":"GET","path":"/api/hobbies","status":200}}
{"ts":"2026-09-03T18:44:54.093Z","level":"info","service":"portfolio-api","message":"request","meta":{"method":"GET","path":"/api/recommendations","status":200}}
{"ts":"2026-09-03T18:44:58.815Z","level":"info","service":"portfolio-api","message":"request","meta":{"method":"GET","path":"/api/settings","status":200}}
{"ts":"2026-09-03T18:44:58.817Z","level":"info","service":"portfolio-api","message":"request","meta":{"method":"GET","path":"/api/about","status":200}}
{"ts":"2026-09-03T18:44:58.818Z","level":"info","service":"portfolio-api","message":"request","meta":{"method":"GET","path":"/api/research-interests","status":200}}
{"ts":"2026-09-03T18:44:58.819Z","level":"info","service":"portfolio-api","message":"request","meta":{"method":"GET","path":"/api/projects","status":200}}
{"ts":"2026-09-03T18:44:58.820Z","level":"info","service":"portfolio-api","message":"request","meta":{"method":"GET","path":"/api/publications","status":200}}
{"ts":"2026-09-03T18:44:58.821Z","level":"info","service":"portfolio-api","message":"request","meta":{"method":"GET","path":"/api/education","status":200}}
{"ts":"2026-09-03T18:44:59.318Z","level":"info","service":"portfolio-api","message":"request","meta":{"method":"GET","path":"/api/experience","status":200}}
{"ts":"2026-09-03T18:44:59.319Z","level":"info","service":"portfolio-api","message":"request","meta":{"method":"GET","path":"/api/internships","status":200}}
{"ts":"2026-09-03T18:44:59.320Z","level":"info","service":"portfolio-api","message":"request","meta":{"method":"GET","path":"/api/research-experience","status":200}}
{"ts":"2026-09-03T18:44:59.320Z","level":"info","service":"portfolio-api","message":"request","meta":{"method":"GET","path":"/api/skills","status":200}}
{"ts":"2026-09-03T18:44:59.320Z","level":"info","service":"portfolio-api","message":"request","meta":{"method":"GET","path":"/api/conferences","status":200}}
{"ts":"2026-09-03T18:44:59.320Z","level":"info","service":"portfolio-api","message":"request","meta":{"method":"GET","path":"/api/training","status":200}}
{"ts":"2026-09-03T18:44:59.817Z","level":"info","service":"portfolio-api","message":"request","meta":{"method":"GET","path":"/api/memberships","status":200}}
{"ts":"2026-09-03T18:44:59.818Z","level":"info","service":"portfolio-api","message":"request","meta":{"method":"GET","path":"/api/languages","status":200}}
{"ts":"2026-09-03T18:44:59.819Z","level":"info","service":"portfolio-api","message":"request","meta":{"method":"GET","path":"/api/hobbies","status":200}}
{"ts":"2026-09-03T18:44:59.820Z","level":"info","service":"portfolio-api","message":"request","meta":{"method":"GET","path":"/api/recommendations","status":200}}
{"ts":"2026-09-03T18:45:21.535Z","level":"info","service":"portfolio-api","message":"request","meta":{"method":"GET","path":"/api/settings","status":200}}
{"ts":"2026-09-03T18:45:21.792Z","level":"info","service":"portfolio-api","message":"request","meta":{"method":"GET","path":"/api/about","status":200}}
{"ts":"2026-09-03T18:45:21.873Z","level":"info","service":"portfolio-api","message":"request","meta":{"method":"GET","path":"/api/research-interests","status":200}}
{"ts":"2026-09-03T18:45:21.874Z","level":"info","service":"portfolio-api","message":"request","meta":{"method":"GET","path":"/api/projects","status":200}}
{"ts":"2026-09-03T18:45:21.875Z","level":"info","service":"portfolio-api","message":"request","meta":{"method":"GET","path":"/api/publications","status":200}}
{"ts":"2026-09-03T18:45:21.875Z","level":"info","service":"portfolio-api","message":"request","meta":{"method":"GET","path":"/api/education","status":200}}
{"ts":"2026-09-03T18:45:22.028Z","level":"info","service":"portfolio-api","message":"request","meta":{"method":"GET","path":"/api/experience","status":200}}
{"ts":"2026-09-03T18:45:22.285Z","level":"info","service":"portfolio-api","message":"request","meta":{"method":"GET","path":"/api/internships","status":200}}
{"ts":"2026-09-03T18:45:22.359Z","level":"info","service":"portfolio-api","message":"request","meta":{"method":"GET","path":"/api/research-experience","status":200}}
{"ts":"2026-09-03T18:45:22.359Z","level":"info","service":"portfolio-api","message":"request","meta":{"method":"GET","path":"/api/skills","status":200}}
{"ts":"2026-09-03T18:45:22.361Z","level":"info","service":"portfolio-api","message":"request","meta":{"method":"GET","path":"/api/conferences","status":200}}
{"ts":"2026-09-03T18:45:22.362Z","level":"info","service":"portfolio-api","message":"request","meta":{"method":"GET","path":"/api/training","status":200}}
{"ts":"2026-09-03T18:45:22.534Z","level":"info","service":"portfolio-api","message":"request","meta":{"method":"GET","path":"/api/memberships","status":200}}
{"ts":"2026-09-03T18:45:22.779Z","level":"info","service":"portfolio-api","message":"request","meta":{"method":"GET","path":"/api/languages","status":200}}
{"ts":"2026-09-03T18:45:22.843Z","level":"info","service":"portfolio-api","message":"request","meta":{"method":"GET","path":"/api/hobbies","status":200}}
{"ts":"2026-09-03T18:45:22.844Z","level":"info","service":"portfolio-api","message":"request","meta":{"method":"GET","path":"/api/recommendations","status":200}}
{"ts":"2026-09-03T18:45:22.845Z","level":"info","service":"portfolio-api","message":"request","meta":{"method":"GET","path":"/api/settings","status":200}}
{"ts":"2026-09-03T18:45:23.340Z","level":"info","service":"portfolio-api","message":"request","meta":{"method":"GET","path":"/api/settings","status":200}}
{"ts":"2026-09-03T18:45:23.807Z","level":"info","service":"portfolio-api","message":"request","meta":{"method":"GET","path":"/api/about","status":200}}
{"ts":"2026-09-03T18:45:23.808Z","level":"info","service":"portfolio-api","message":"request","meta":{"method":"GET","path":"/api/research-interests","status":200}}
{"ts":"2026-09-03T18:45:23.809Z","level":"info","service":"portfolio-api","message":"request","meta":{"method":"GET","path":"/api/projects","status":200}}
{"ts":"2026-09-03T18:45:23.810Z","level":"info","service":"portfolio-api","message":"request","meta":{"method":"GET","path":"/api/publications","status":200}}
{"ts":"2026-09-03T18:45:23.810Z","level":"info","service":"portfolio-api","message":"request","meta":{"method":"GET","path":"/api/education","status":200}}
{"ts":"2026-09-03T18:45:23.819Z","level":"info","service":"portfolio-api","message":"request","meta":{"method":"GET","path":"/api/experience","status":200}}
{"ts":"2026-09-03T18:45:24.284Z","level":"info","service":"portfolio-api","message":"request","meta":{"method":"GET","path":"/api/internships","status":200}}
{"ts":"2026-09-03T18:45:24.292Z","level":"info","service":"portfolio-api","message":"request","meta":{"method":"GET","path":"/api/research-experience","status":200}}
{"ts":"2026-09-03T18:45:24.292Z","level":"info","service":"portfolio-api","message":"request","meta":{"method":"GET","path":"/api/skills","status":200}}
{"ts":"2026-09-03T18:45:24.293Z","level":"info","service":"portfolio-api","message":"request","meta":{"method":"GET","path":"/api/conferences","status":200}}
{"ts":"2026-09-03T18:45:24.309Z","level":"info","service":"portfolio-api","message":"request","meta":{"method":"GET","path":"/api/training","status":200}}
{"ts":"2026-09-03T18:45:24.310Z","level":"info","service":"portfolio-api","message":"request","meta":{"method":"GET","path":"/api/memberships","status":200}}
{"ts":"2026-09-03T18:45:24.769Z","level":"info","service":"portfolio-api","message":"request","meta":{"method":"GET","path":"/api/languages","status":200}}
{"ts":"2026-09-03T18:45:24.773Z","level":"info","service":"portfolio-api","message":"request","meta":{"method":"GET","path":"/api/hobbies","status":200}}
{"ts":"2026-09-03T18:45:24.775Z","level":"info","service":"portfolio-api","message":"request","meta":{"method":"GET","path":"/api/recommendations","status":200}}
{"ts":"2026-09-03T18:45:24.777Z","level":"info","service":"portfolio-api","message":"request","meta":{"method":"GET","path":"/api/settings","status":200}}
{"ts":"2026-09-03T18:45:25.270Z","level":"info","service":"portfolio-api","message":"request","meta":{"method":"GET","path":"/api/settings","status":200}}
{"ts":"2026-09-03T18:45:36.877Z","level":"info","service":"portfolio-api","message":"request","meta":{"method":"GET","path":"/api/settings","status":200}}
{"ts":"2026-09-03T18:45:42.186Z","level":"info","service":"portfolio-api","message":"request","meta":{"method":"GET","path":"/api/settings","status":200}}
{"ts":"2026-09-03T18:45:49.556Z","level":"info","service":"portfolio-api","message":"request","meta":{"method":"GET","path":"/api/settings","status":200}}
{"ts":"2026-09-03T18:45:57.112Z","level":"info","service":"portfolio-api","message":"request","meta":{"method":"GET","path":"/api/settings","status":200}}
{"ts":"2026-09-03T18:46:04.669Z","level":"info","service":"portfolio-api","message":"request","meta":{"method":"GET","path":"/api/settings","status":200}}
{"ts":"2026-09-03T18:46:10.620Z","level":"info","service":"portfolio-api","message":"request","meta":{"method":"GET","path":"/api/settings","status":200}}
{"ts":"2026-09-03T18:46:12.916Z","level":"info","service":"portfolio-api","message":"request","meta":{"method":"POST","path":"/api/conferences","status":200}}
{"ts":"2026-09-03T18:46:13.297Z","level":"info","service":"portfolio-api","message":"Record created","meta":{"resource":"conferences","id":"6118aabe822dad63d64f64a4"}}
{"ts":"2026-09-03T18:46:13.497Z","level":"info","service":"portfolio-api","message":"request","meta":{"method":"GET","path":"/api/conferences/all","status":200}}
{"ts":"2026-09-03T18:46:18.493Z","level":"info","service":"portfolio-api","message":"request","meta":{"method":"GET","path":"/api/settings","status":200}}
{"ts":"2026-09-03T18:46:24.107Z","level":"info","service":"portfolio-api","message":"request","meta":{"method":"GET","path":"/api/settings","status":200}}
{"ts":"2026-09-03T18:46:35.012Z","level":"info","service":"portfolio-api","message":"request","meta":{"method":"GET","path":"/api/settings","status":200}}
{"ts":"2026-09-03T18:46:41.416Z","level":"info","service":"portfolio-api","message":"request","meta":{"method":"GET","path":"/api/settings","status":200}}
{"ts":"2026-09-03T18:46:44.767Z","level":"info","service":"portfolio-api","message":"request","meta":{"method":"POST","path":"/api/conferences","status":200}}
{"ts":"2026-09-03T18:46:45.140Z","level":"info","service":"portfolio-api","message":"Record created","meta":{"resource":"conferences","id":"346d6946224789b875212963"}}
{"ts":"2026-09-03T18:46:45.335Z","level":"info","service":"portfolio-api","message":"request","meta":{"method":"GET","path":"/api/conferences/all","status":200}}
{"ts":"2026-09-03T18:46:50.669Z","level":"info","service":"portfolio-api","message":"request","meta":{"method":"GET","path":"/api/settings","status":200}}
{"ts":"2026-09-03T18:46:57.916Z","level":"info","service":"portfolio-api","message":"request","meta":{"method":"GET","path":"/api/settings","status":200}}
{"ts":"2026-09-03T18:47:03.525Z","level":"info","service":"portfolio-api","message":"request","meta":{"method":"GET","path":"/api/settings","status":200}}
{"ts":"2026-09-03T18:47:10.681Z","level":"info","service":"portfolio-api","message":"request","meta":{"method":"GET","path":"/api/settings","status":200}}
{"ts":"2026-09-03T18:47:13.451Z","level":"info","service":"portfolio-api","message":"request","meta":{"method":"POST","path":"/api/conferences","status":200}}
{"ts":"2026-09-03T18:47:13.830Z","level":"info","service":"portfolio-api","message":"Record created","meta":{"resource":"conferences","id":"24caa3385ffc17d9b8266681"}}
{"ts":"2026-09-03T18:47:14.024Z","level":"info","service":"portfolio-api","message":"request","meta":{"method":"GET","path":"/api/conferences/all","status":200}}
{"ts":"2026-09-03T18:47:20.821Z","level":"info","service":"portfolio-api","message":"request","meta":{"method":"GET","path":"/api/settings","status":200}}
{"ts":"2026-09-03T18:47:51.860Z","level":"info","service":"portfolio-api","message":"request","meta":{"method":"GET","path":"/api/auth/me","status":200}}
{"ts":"2026-09-03T18:47:51.880Z","level":"info","service":"portfolio-api","message":"request","meta":{"method":"GET","path":"/api/settings","status":200}}
{"ts":"2026-09-03T18:47:52.052Z","level":"info","service":"portfolio-api","message":"request","meta":{"method":"GET","path":"/api/auth/me","status":200}}
{"ts":"2026-09-03T18:47:52.079Z","level":"info","service":"portfolio-api","message":"request","meta":{"method":"GET","path":"/api/conferences/all","status":200}}
{"ts":"2026-09-03T18:48:04.842Z","level":"info","service":"portfolio-api","message":"request","meta":{"method":"GET","path":"/api/settings","status":200}}
{"ts":"2026-09-03T18:48:21.541Z","level":"info","service":"portfolio-api","message":"request","meta":{"method":"GET","path":"/api/settings","status":200}}
{"ts":"2026-09-03T18:48:21.857Z","level":"info","service":"portfolio-api","message":"request","meta":{"method":"GET","path":"/api/about","status":200}}
{"ts":"2026-09-03T18:48:21.858Z","level":"info","service":"portfolio-api","message":"request","meta":{"method":"GET","path":"/api/research-interests","status":200}}
{"ts":"2026-09-03T18:48:21.859Z","level":"info","service":"portfolio-api","message":"request","meta":{"method":"GET","path":"/api/projects","status":200}}
{"ts":"2026-09-03T18:48:21.860Z","level":"info","service":"portfolio-api","message":"request","meta":{"method":"GET","path":"/api/publications","status":200}}
{"ts":"2026-09-03T18:48:21.861Z","level":"info","service":"portfolio-api","message":"request","meta":{"method":"GET","path":"/api/education","status":200}}
{"ts":"2026-09-03T18:48:22.026Z","level":"info","service":"portfolio-api","message":"request","meta":{"method":"GET","path":"/api/experience","status":200}}
{"ts":"2026-09-03T18:48:22.347Z","level":"info","service":"portfolio-api","message":"request","meta":{"method":"GET","path":"/api/internships","status":200}}
{"ts":"2026-09-03T18:48:22.347Z","level":"info","service":"portfolio-api","message":"request","meta":{"method":"GET","path":"/api/research-experience","status":200}}
{"ts":"2026-09-03T18:48:22.348Z","level":"info","service":"portfolio-api","message":"request","meta":{"method":"GET","path":"/api/skills","status":200}}
{"ts":"2026-09-03T18:48:22.349Z","level":"info","service":"portfolio-api","message":"request","meta":{"method":"GET","path":"/api/conferences","status":200}}
{"ts":"2026-09-03T18:48:22.355Z","level":"info","service":"portfolio-api","message":"request","meta":{"method":"GET","path":"/api/training","status":200}}
{"ts":"2026-09-03T18:48:22.504Z","level":"info","service":"portfolio-api","message":"request","meta":{"method":"GET","path":"/api/memberships","status":200}}
{"ts":"2026-09-03T18:48:22.829Z","level":"info","service":"portfolio-api","message":"request","meta":{"method":"GET","path":"/api/languages","status":200}}
{"ts":"2026-09-03T18:48:22.830Z","level":"info","service":"portfolio-api","message":"request","meta":{"method":"GET","path":"/api/hobbies","status":200}}
{"ts":"2026-09-03T18:48:22.830Z","level":"info","service":"portfolio-api","message":"request","meta":{"method":"GET","path":"/api/recommendations","status":200}}
{"ts":"2026-09-03T18:48:27.099Z","level":"info","service":"portfolio-api","message":"request","meta":{"method":"GET","path":"/api/settings","status":200}}
{"ts":"2026-09-03T18:48:27.100Z","level":"info","service":"portfolio-api","message":"request","meta":{"method":"GET","path":"/api/about","status":200}}
{"ts":"2026-09-03T18:48:27.101Z","level":"info","service":"portfolio-api","message":"request","meta":{"method":"GET","path":"/api/research-interests","status":200}}
{"ts":"2026-09-03T18:48:27.102Z","level":"info","service":"portfolio-api","message":"request","meta":{"method":"GET","path":"/api/projects","status":200}}
{"ts":"2026-09-03T18:48:27.102Z","level":"info","service":"portfolio-api","message":"request","meta":{"method":"GET","path":"/api/publications","status":200}}
{"ts":"2026-09-03T18:48:27.103Z","level":"info","service":"portfolio-api","message":"request","meta":{"method":"GET","path":"/api/education","status":200}}
{"ts":"2026-09-03T18:48:27.588Z","level":"info","service":"portfolio-api","message":"request","meta":{"method":"GET","path":"/api/experience","status":200}}
{"ts":"2026-09-03T18:48:27.589Z","level":"info","service":"portfolio-api","message":"request","meta":{"method":"GET","path":"/api/internships","status":200}}
{"ts":"2026-09-03T18:48:27.590Z","level":"info","service":"portfolio-api","message":"request","meta":{"method":"GET","path":"/api/research-experience","status":200}}
{"ts":"2026-09-03T18:48:27.591Z","level":"info","service":"portfolio-api","message":"request","meta":{"method":"GET","path":"/api/skills","status":200}}
{"ts":"2026-09-03T18:48:27.592Z","level":"info","service":"portfolio-api","message":"request","meta":{"method":"GET","path":"/api/conferences","status":200}}
{"ts":"2026-09-03T18:48:27.594Z","level":"info","service":"portfolio-api","message":"request","meta":{"method":"GET","path":"/api/training","status":200}}
{"ts":"2026-09-03T18:48:28.081Z","level":"info","service":"portfolio-api","message":"request","meta":{"method":"GET","path":"/api/recommendations","status":200}}
{"ts":"2026-09-03T18:48:28.082Z","level":"info","service":"portfolio-api","message":"request","meta":{"method":"GET","path":"/api/memberships","status":200}}
{"ts":"2026-09-03T18:48:28.083Z","level":"info","service":"portfolio-api","message":"request","meta":{"method":"GET","path":"/api/languages","status":200}}
{"ts":"2026-09-03T18:48:28.085Z","level":"info","service":"portfolio-api","message":"request","meta":{"method":"GET","path":"/api/hobbies","status":200}}
{"ts":"2026-09-03T18:48:28.638Z","level":"info","service":"portfolio-api","message":"request","meta":{"method":"GET","path":"/api/settings","status":200}}
{"ts":"2026-09-03T18:49:06.525Z","level":"info","service":"portfolio-api","message":"request","meta":{"method":"POST","path":"/api/conferences","status":200}}
{"ts":"2026-09-03T18:49:06.893Z","level":"info","service":"portfolio-api","message":"Record created","meta":{"resource":"conferences","id":"c77fcd592102c32b201472cb"}}
{"ts":"2026-09-03T18:49:07.078Z","level":"info","service":"portfolio-api","message":"request","meta":{"method":"GET","path":"/api/conferences/all","status":200}}
{"ts":"2026-09-03T18:49:08.896Z","level":"info","service":"portfolio-api","message":"request","meta":{"method":"GET","path":"/api/settings","status":200}}
{"ts":"2026-09-03T18:49:08.896Z","level":"info","service":"portfolio-api","message":"request","meta":{"method":"GET","path":"/api/about","status":200}}
{"ts":"2026-09-03T18:49:08.897Z","level":"info","service":"portfolio-api","message":"request","meta":{"method":"GET","path":"/api/research-interests","status":200}}
{"ts":"2026-09-03T18:49:08.898Z","level":"info","service":"portfolio-api","message":"request","meta":{"method":"GET","path":"/api/projects","status":200}}
{"ts":"2026-09-03T18:49:08.898Z","level":"info","service":"portfolio-api","message":"request","meta":{"method":"GET","path":"/api/publications","status":200}}
{"ts":"2026-09-03T18:49:08.899Z","level":"info","service":"portfolio-api","message":"request","meta":{"method":"GET","path":"/api/education","status":200}}
{"ts":"2026-09-03T18:49:09.379Z","level":"info","service":"portfolio-api","message":"request","meta":{"method":"GET","path":"/api/experience","status":200}}
{"ts":"2026-09-03T18:49:09.380Z","level":"info","service":"portfolio-api","message":"request","meta":{"method":"GET","path":"/api/internships","status":200}}
{"ts":"2026-09-03T18:49:09.386Z","level":"info","service":"portfolio-api","message":"request","meta":{"method":"GET","path":"/api/research-experience","status":200}}
{"ts":"2026-09-03T18:49:09.387Z","level":"info","service":"portfolio-api","message":"request","meta":{"method":"GET","path":"/api/skills","status":200}}
{"ts":"2026-09-03T18:49:09.387Z","level":"info","service":"portfolio-api","message":"request","meta":{"method":"GET","path":"/api/conferences","status":200}}
{"ts":"2026-09-03T18:49:09.396Z","level":"info","service":"portfolio-api","message":"request","meta":{"method":"GET","path":"/api/training","status":200}}
{"ts":"2026-09-03T18:49:09.876Z","level":"info","service":"portfolio-api","message":"request","meta":{"method":"GET","path":"/api/memberships","status":200}}
{"ts":"2026-09-03T18:49:09.877Z","level":"info","service":"portfolio-api","message":"request","meta":{"method":"GET","path":"/api/languages","status":200}}
{"ts":"2026-09-03T18:49:09.877Z","level":"info","service":"portfolio-api","message":"request","meta":{"method":"GET","path":"/api/hobbies","status":200}}
{"ts":"2026-09-03T18:49:09.878Z","level":"info","service":"portfolio-api","message":"request","meta":{"method":"GET","path":"/api/recommendations","status":200}}
{"ts":"2026-09-03T18:49:11.572Z","level":"info","service":"portfolio-api","message":"request","meta":{"method":"GET","path":"/api/settings","status":200}}
{"ts":"2026-09-03T18:49:18.667Z","level":"info","service":"portfolio-api","message":"request","meta":{"method":"GET","path":"/api/settings","status":200}}
{"ts":"2026-09-03T18:49:22.544Z","level":"info","service":"portfolio-api","message":"request","meta":{"method":"GET","path":"/api/settings","status":200}}
{"ts":"2026-09-03T18:49:22.546Z","level":"info","service":"portfolio-api","message":"request","meta":{"method":"GET","path":"/api/about","status":200}}
{"ts":"2026-09-03T18:49:22.547Z","level":"info","service":"portfolio-api","message":"request","meta":{"method":"GET","path":"/api/research-interests","status":200}}
{"ts":"2026-09-03T18:49:22.547Z","level":"info","service":"portfolio-api","message":"request","meta":{"method":"GET","path":"/api/projects","status":200}}
{"ts":"2026-09-03T18:49:22.548Z","level":"info","service":"portfolio-api","message":"request","meta":{"method":"GET","path":"/api/publications","status":200}}
{"ts":"2026-09-03T18:49:22.549Z","level":"info","service":"portfolio-api","message":"request","meta":{"method":"GET","path":"/api/education","status":200}}
{"ts":"2026-09-03T18:49:23.039Z","level":"info","service":"portfolio-api","message":"request","meta":{"method":"GET","path":"/api/experience","status":200}}
{"ts":"2026-09-03T18:49:23.040Z","level":"info","service":"portfolio-api","message":"request","meta":{"method":"GET","path":"/api/internships","status":200}}
{"ts":"2026-09-03T18:49:23.041Z","level":"info","service":"portfolio-api","message":"request","meta":{"method":"GET","path":"/api/research-experience","status":200}}
{"ts":"2026-09-03T18:49:23.043Z","level":"info","service":"portfolio-api","message":"request","meta":{"method":"GET","path":"/api/skills","status":200}}
{"ts":"2026-09-03T18:49:23.044Z","level":"info","service":"portfolio-api","message":"request","meta":{"method":"GET","path":"/api/conferences","status":200}}
{"ts":"2026-09-03T18:49:23.045Z","level":"info","service":"portfolio-api","message":"request","meta":{"method":"GET","path":"/api/training","status":200}}
{"ts":"2026-09-03T18:49:23.520Z","level":"info","service":"portfolio-api","message":"request","meta":{"method":"GET","path":"/api/memberships","status":200}}
{"ts":"2026-09-03T18:49:23.521Z","level":"info","service":"portfolio-api","message":"request","meta":{"method":"GET","path":"/api/languages","status":200}}
{"ts":"2026-09-03T18:49:23.527Z","level":"info","service":"portfolio-api","message":"request","meta":{"method":"GET","path":"/api/hobbies","status":200}}
{"ts":"2026-09-03T18:49:23.528Z","level":"info","service":"portfolio-api","message":"request","meta":{"method":"GET","path":"/api/recommendations","status":200}}
{"ts":"2026-09-03T18:49:25.691Z","level":"info","service":"portfolio-api","message":"request","meta":{"method":"GET","path":"/api/settings","status":200}}
{"ts":"2026-09-03T18:49:31.797Z","level":"info","service":"portfolio-api","message":"request","meta":{"method":"GET","path":"/api/settings","status":200}}
{"ts":"2026-09-03T18:49:39.219Z","level":"info","service":"portfolio-api","message":"request","meta":{"method":"GET","path":"/api/settings","status":200}}
{"ts":"2026-09-03T18:49:41.632Z","level":"info","service":"portfolio-api","message":"request","meta":{"method":"POST","path":"/api/conferences","status":200}}
{"ts":"2026-09-03T18:49:41.998Z","level":"info","service":"portfolio-api","message":"Record created","meta":{"resource":"conferences","id":"cdcc1bdbe8bff11256227fe7"}}
{"ts":"2026-09-03T18:49:42.505Z","level":"info","service":"portfolio-api","message":"request","meta":{"method":"GET","path":"/api/conferences/all","status":200}}
{"ts":"2026-09-03T18:49:51.368Z","level":"info","service":"portfolio-api","message":"request","meta":{"method":"PUT","path":"/api/conferences/cdcc1bdbe8bff11256227fe7","status":200}}
{"ts":"2026-09-03T18:49:51.555Z","level":"info","service":"portfolio-api","message":"Record updated","meta":{"resource":"conferences","id":"cdcc1bdbe8bff11256227fe7"}}
{"ts":"2026-09-03T18:49:52.053Z","level":"info","service":"portfolio-api","message":"request","meta":{"method":"GET","path":"/api/conferences/all","status":200}}
{"ts":"2026-09-03T18:50:00.019Z","level":"info","service":"portfolio-api","message":"request","meta":{"method":"GET","path":"/api/settings","status":200}}
{"ts":"2026-09-03T18:50:05.875Z","level":"info","service":"portfolio-api","message":"request","meta":{"method":"GET","path":"/api/settings","status":200}}
{"ts":"2026-09-03T18:50:12.373Z","level":"info","service":"portfolio-api","message":"request","meta":{"method":"GET","path":"/api/settings","status":200}}
{"ts":"2026-09-03T18:50:12.695Z","level":"info","service":"portfolio-api","message":"request","meta":{"method":"GET","path":"/api/about","status":200}}
{"ts":"2026-09-03T18:50:12.696Z","level":"info","service":"portfolio-api","message":"request","meta":{"method":"GET","path":"/api/research-interests","status":200}}
{"ts":"2026-09-03T18:50:12.697Z","level":"info","service":"portfolio-api","message":"request","meta":{"method":"GET","path":"/api/projects","status":200}}
{"ts":"2026-09-03T18:50:12.698Z","level":"info","service":"portfolio-api","message":"request","meta":{"method":"GET","path":"/api/publications","status":200}}
{"ts":"2026-09-03T18:50:12.699Z","level":"info","service":"portfolio-api","message":"request","meta":{"method":"GET","path":"/api/education","status":200}}
{"ts":"2026-09-03T18:50:12.867Z","level":"info","service":"portfolio-api","message":"request","meta":{"method":"GET","path":"/api/experience","status":200}}
{"ts":"2026-09-03T18:50:13.180Z","level":"info","service":"portfolio-api","message":"request","meta":{"method":"GET","path":"/api/internships","status":200}}
{"ts":"2026-09-03T18:50:13.181Z","level":"info","service":"portfolio-api","message":"request","meta":{"method":"GET","path":"/api/research-experience","status":200}}
{"ts":"2026-09-03T18:50:13.181Z","level":"info","service":"portfolio-api","message":"request","meta":{"method":"GET","path":"/api/skills","status":200}}
{"ts":"2026-09-03T18:50:13.186Z","level":"info","service":"portfolio-api","message":"request","meta":{"method":"GET","path":"/api/conferences","status":200}}
{"ts":"2026-09-03T18:50:13.186Z","level":"info","service":"portfolio-api","message":"request","meta":{"method":"GET","path":"/api/training","status":200}}
{"ts":"2026-09-03T18:50:13.351Z","level":"info","service":"portfolio-api","message":"request","meta":{"method":"GET","path":"/api/memberships","status":200}}
{"ts":"2026-09-03T18:50:13.668Z","level":"info","service":"portfolio-api","message":"request","meta":{"method":"GET","path":"/api/languages","status":200}}
{"ts":"2026-09-03T18:50:13.669Z","level":"info","service":"portfolio-api","message":"request","meta":{"method":"GET","path":"/api/hobbies","status":200}}
{"ts":"2026-09-03T18:50:13.669Z","level":"info","service":"portfolio-api","message":"request","meta":{"method":"GET","path":"/api/recommendations","status":200}}
{"ts":"2026-09-03T18:50:17.003Z","level":"info","service":"portfolio-api","message":"request","meta":{"method":"GET","path":"/api/settings","status":200}}
{"ts":"2026-09-03T18:50:22.997Z","level":"info","service":"portfolio-api","message":"request","meta":{"method":"GET","path":"/api/settings","status":200}}
{"ts":"2026-09-03T18:50:35.193Z","level":"info","service":"portfolio-api","message":"request","meta":{"method":"POST","path":"/api/conferences","status":200}}
{"ts":"2026-09-03T18:50:35.564Z","level":"info","service":"portfolio-api","message":"Record created","meta":{"resource":"conferences","id":"8b3360f653f1abf9c1dfe3a4"}}
{"ts":"2026-09-03T18:50:35.760Z","level":"info","service":"portfolio-api","message":"request","meta":{"method":"GET","path":"/api/conferences/all","status":200}}
{"ts":"2026-09-03T18:50:44.699Z","level":"info","service":"portfolio-api","message":"request","meta":{"method":"GET","path":"/api/settings","status":200}}
{"ts":"2026-09-03T18:50:51.204Z","level":"info","service":"portfolio-api","message":"request","meta":{"method":"GET","path":"/api/settings","status":200}}
{"ts":"2026-09-03T18:50:59.421Z","level":"info","service":"portfolio-api","message":"request","meta":{"method":"GET","path":"/api/settings","status":200}}
{"ts":"2026-09-03T18:51:05.148Z","level":"info","service":"portfolio-api","message":"request","meta":{"method":"GET","path":"/api/settings","status":200}}
{"ts":"2026-09-03T18:51:09.680Z","level":"info","service":"portfolio-api","message":"request","meta":{"method":"POST","path":"/api/conferences","status":200}}
{"ts":"2026-09-03T18:51:10.060Z","level":"info","service":"portfolio-api","message":"Record created","meta":{"resource":"conferences","id":"55df44caebe872f664b1af80"}}
{"ts":"2026-09-03T18:51:10.188Z","level":"info","service":"portfolio-api","message":"request","meta":{"method":"GET","path":"/api/settings","status":200}}
{"ts":"2026-09-03T18:51:10.495Z","level":"info","service":"portfolio-api","message":"request","meta":{"method":"GET","path":"/api/about","status":200}}
{"ts":"2026-09-03T18:51:10.496Z","level":"info","service":"portfolio-api","message":"request","meta":{"method":"GET","path":"/api/research-interests","status":200}}
{"ts":"2026-09-03T18:51:10.497Z","level":"info","service":"portfolio-api","message":"request","meta":{"method":"GET","path":"/api/projects","status":200}}
{"ts":"2026-09-03T18:51:10.498Z","level":"info","service":"portfolio-api","message":"request","meta":{"method":"GET","path":"/api/publications","status":200}}
{"ts":"2026-09-03T18:51:10.561Z","level":"info","service":"portfolio-api","message":"request","meta":{"method":"GET","path":"/api/education","status":200}}
{"ts":"2026-09-03T18:51:10.674Z","level":"info","service":"portfolio-api","message":"request","meta":{"method":"GET","path":"/api/experience","status":200}}
{"ts":"2026-09-03T18:51:10.980Z","level":"info","service":"portfolio-api","message":"request","meta":{"method":"GET","path":"/api/internships","status":200}}
{"ts":"2026-09-03T18:51:10.980Z","level":"info","service":"portfolio-api","message":"request","meta":{"method":"GET","path":"/api/skills","status":200}}
{"ts":"2026-09-03T18:51:10.981Z","level":"info","service":"portfolio-api","message":"request","meta":{"method":"GET","path":"/api/research-experience","status":200}}
{"ts":"2026-09-03T18:51:10.989Z","level":"info","service":"portfolio-api","message":"request","meta":{"method":"GET","path":"/api/conferences","status":200}}
{"ts":"2026-09-03T18:51:11.044Z","level":"info","service":"portfolio-api","message":"request","meta":{"method":"GET","path":"/api/training","status":200}}
{"ts":"2026-09-03T18:51:11.159Z","level":"info","service":"portfolio-api","message":"request","meta":{"method":"GET","path":"/api/memberships","status":200}}
{"ts":"2026-09-03T18:51:11.462Z","level":"info","service":"portfolio-api","message":"request","meta":{"method":"GET","path":"/api/languages","status":200}}
{"ts":"2026-09-03T18:51:11.465Z","level":"info","service":"portfolio-api","message":"request","meta":{"method":"GET","path":"/api/hobbies","status":200}}
{"ts":"2026-09-03T18:51:11.469Z","level":"info","service":"portfolio-api","message":"request","meta":{"method":"GET","path":"/api/recommendations","status":200}}
{"ts":"2026-09-03T18:51:11.477Z","level":"info","service":"portfolio-api","message":"request","meta":{"method":"GET","path":"/api/conferences/all","status":200}}
{"ts":"2026-09-03T18:51:23.696Z","level":"info","service":"portfolio-api","message":"request","meta":{"method":"GET","path":"/api/settings","status":200}}
{"ts":"2026-09-03T18:51:28.987Z","level":"info","service":"portfolio-api","message":"request","meta":{"method":"GET","path":"/api/settings","status":200}}
{"ts":"2026-09-03T18:51:33.094Z","level":"info","service":"portfolio-api","message":"request","meta":{"method":"GET","path":"/api/settings","status":200}}
{"ts":"2026-09-03T18:51:33.094Z","level":"info","service":"portfolio-api","message":"request","meta":{"method":"GET","path":"/api/about","status":200}}
{"ts":"2026-09-03T18:51:33.095Z","level":"info","service":"portfolio-api","message":"request","meta":{"method":"GET","path":"/api/research-interests","status":200}}
{"ts":"2026-09-03T18:51:33.095Z","level":"info","service":"portfolio-api","message":"request","meta":{"method":"GET","path":"/api/projects","status":200}}
{"ts":"2026-09-03T18:51:33.096Z","level":"info","service":"portfolio-api","message":"request","meta":{"method":"GET","path":"/api/publications","status":200}}
{"ts":"2026-09-03T18:51:33.096Z","level":"info","service":"portfolio-api","message":"request","meta":{"method":"GET","path":"/api/education","status":200}}
{"ts":"2026-09-03T18:51:33.584Z","level":"info","service":"portfolio-api","message":"request","meta":{"method":"GET","path":"/api/experience","status":200}}
{"ts":"2026-09-03T18:51:33.585Z","level":"info","service":"portfolio-api","message":"request","meta":{"method":"GET","path":"/api/internships","status":200}}
{"ts":"2026-09-03T18:51:33.586Z","level":"info","service":"portfolio-api","message":"request","meta":{"method":"GET","path":"/api/research-experience","status":200}}
{"ts":"2026-09-03T18:51:33.587Z","level":"info","service":"portfolio-api","message":"request","meta":{"method":"GET","path":"/api/skills","status":200}}
{"ts":"2026-09-03T18:51:33.587Z","level":"info","service":"portfolio-api","message":"request","meta":{"method":"GET","path":"/api/conferences","status":200}}
{"ts":"2026-09-03T18:51:33.593Z","level":"info","service":"portfolio-api","message":"request","meta":{"method":"GET","path":"/api/training","status":200}}
{"ts":"2026-09-03T18:51:34.070Z","level":"info","service":"portfolio-api","message":"request","meta":{"method":"GET","path":"/api/memberships","status":200}}
{"ts":"2026-09-03T18:51:34.070Z","level":"info","service":"portfolio-api","message":"request","meta":{"method":"GET","path":"/api/languages","status":200}}
{"ts":"2026-09-03T18:51:34.071Z","level":"info","service":"portfolio-api","message":"request","meta":{"method":"GET","path":"/api/hobbies","status":200}}
{"ts":"2026-09-03T18:51:34.071Z","level":"info","service":"portfolio-api","message":"request","meta":{"method":"GET","path":"/api/recommendations","status":200}}
{"ts":"2026-09-03T18:51:37.064Z","level":"info","service":"portfolio-api","message":"request","meta":{"method":"GET","path":"/api/settings","status":200}}
{"ts":"2026-09-03T18:51:42.540Z","level":"info","service":"portfolio-api","message":"request","meta":{"method":"GET","path":"/api/settings","status":200}}
{"ts":"2026-09-03T18:51:48.000Z","level":"info","service":"portfolio-api","message":"request","meta":{"method":"GET","path":"/api/settings","status":200}}
{"ts":"2026-09-03T18:51:51.153Z","level":"info","service":"portfolio-api","message":"request","meta":{"method":"POST","path":"/api/conferences","status":200}}
{"ts":"2026-09-03T18:51:51.522Z","level":"info","service":"portfolio-api","message":"Record created","meta":{"resource":"conferences","id":"6c0e5ec6530554e6dc9d1ffd"}}
{"ts":"2026-09-03T18:51:52.020Z","level":"info","service":"portfolio-api","message":"request","meta":{"method":"GET","path":"/api/conferences/all","status":200}}
{"ts":"2026-09-03T18:51:57.858Z","level":"info","service":"portfolio-api","message":"request","meta":{"method":"GET","path":"/api/settings","status":200}}
{"ts":"2026-09-03T18:52:04.421Z","level":"info","service":"portfolio-api","message":"request","meta":{"method":"GET","path":"/api/settings","status":200}}
{"ts":"2026-09-03T18:52:10.022Z","level":"info","service":"portfolio-api","message":"request","meta":{"method":"GET","path":"/api/settings","status":200}}
{"ts":"2026-09-03T18:52:16.100Z","level":"info","service":"portfolio-api","message":"request","meta":{"method":"GET","path":"/api/settings","status":200}}
{"ts":"2026-09-03T18:52:18.642Z","level":"info","service":"portfolio-api","message":"request","meta":{"method":"POST","path":"/api/conferences","status":200}}
{"ts":"2026-09-03T18:52:19.014Z","level":"info","service":"portfolio-api","message":"Record created","meta":{"resource":"conferences","id":"7143981a196fc834516339f9"}}
{"ts":"2026-09-03T18:52:19.515Z","level":"info","service":"portfolio-api","message":"request","meta":{"method":"GET","path":"/api/conferences/all","status":200}}
{"ts":"2026-09-03T18:52:27.073Z","level":"info","service":"portfolio-api","message":"request","meta":{"method":"GET","path":"/api/settings","status":200}}
{"ts":"2026-09-03T18:52:32.581Z","level":"info","service":"portfolio-api","message":"request","meta":{"method":"GET","path":"/api/settings","status":200}}
{"ts":"2026-09-03T18:52:37.090Z","level":"info","service":"portfolio-api","message":"request","meta":{"method":"GET","path":"/api/settings","status":200}}
{"ts":"2026-09-03T18:52:43.772Z","level":"info","service":"portfolio-api","message":"request","meta":{"method":"GET","path":"/api/settings","status":200}}
{"ts":"2026-09-03T18:52:48.906Z","level":"info","service":"portfolio-api","message":"request","meta":{"method":"POST","path":"/api/conferences","status":200}}
{"ts":"2026-09-03T18:52:49.275Z","level":"info","service":"portfolio-api","message":"Record created","meta":{"resource":"conferences","id":"3220db3e0a4553dc0725061d"}}
{"ts":"2026-09-03T18:52:49.776Z","level":"info","service":"portfolio-api","message":"request","meta":{"method":"GET","path":"/api/conferences/all","status":200}}
{"ts":"2026-09-03T18:53:06.394Z","level":"info","service":"portfolio-api","message":"request","meta":{"method":"PUT","path":"/api/conferences/7143981a196fc834516339f9","status":200}}
{"ts":"2026-09-03T18:53:06.580Z","level":"info","service":"portfolio-api","message":"Record updated","meta":{"resource":"conferences","id":"7143981a196fc834516339f9"}}
{"ts":"2026-09-03T18:53:07.089Z","level":"info","service":"portfolio-api","message":"request","meta":{"method":"GET","path":"/api/conferences/all","status":200}}
{"ts":"2026-09-03T18:53:14.275Z","level":"info","service":"portfolio-api","message":"request","meta":{"method":"PUT","path":"/api/conferences/6c0e5ec6530554e6dc9d1ffd","status":200}}
{"ts":"2026-09-03T18:53:14.475Z","level":"info","service":"portfolio-api","message":"Record updated","meta":{"resource":"conferences","id":"6c0e5ec6530554e6dc9d1ffd"}}
{"ts":"2026-09-03T18:53:14.980Z","level":"info","service":"portfolio-api","message":"request","meta":{"method":"GET","path":"/api/conferences/all","status":200}}
{"ts":"2026-09-03T18:53:20.346Z","level":"info","service":"portfolio-api","message":"request","meta":{"method":"PUT","path":"/api/conferences/55df44caebe872f664b1af80","status":200}}
{"ts":"2026-09-03T18:53:20.537Z","level":"info","service":"portfolio-api","message":"Record updated","meta":{"resource":"conferences","id":"55df44caebe872f664b1af80"}}
{"ts":"2026-09-03T18:53:21.035Z","level":"info","service":"portfolio-api","message":"request","meta":{"method":"GET","path":"/api/conferences/all","status":200}}
{"ts":"2026-09-03T18:53:28.469Z","level":"info","service":"portfolio-api","message":"request","meta":{"method":"GET","path":"/api/settings","status":200}}
{"ts":"2026-09-03T18:53:38.326Z","level":"info","service":"portfolio-api","message":"request","meta":{"method":"GET","path":"/api/settings","status":200}}
{"ts":"2026-09-03T18:53:43.063Z","level":"info","service":"portfolio-api","message":"request","meta":{"method":"GET","path":"/api/settings","status":200}}
{"ts":"2026-09-03T18:53:51.165Z","level":"info","service":"portfolio-api","message":"request","meta":{"method":"GET","path":"/api/settings","status":200}}
{"ts":"2026-09-03T18:53:53.227Z","level":"info","service":"portfolio-api","message":"request","meta":{"method":"POST","path":"/api/conferences","status":200}}
{"ts":"2026-09-03T18:53:53.601Z","level":"info","service":"portfolio-api","message":"Record created","meta":{"resource":"conferences","id":"f910710baac26f789e1007a8"}}
{"ts":"2026-09-03T18:53:54.099Z","level":"info","service":"portfolio-api","message":"request","meta":{"method":"GET","path":"/api/conferences/all","status":200}}
{"ts":"2026-09-03T18:54:00.087Z","level":"info","service":"portfolio-api","message":"request","meta":{"method":"GET","path":"/api/settings","status":200}}
{"ts":"2026-09-03T18:54:07.837Z","level":"info","service":"portfolio-api","message":"request","meta":{"method":"GET","path":"/api/settings","status":200}}
{"ts":"2026-09-03T18:54:13.986Z","level":"info","service":"portfolio-api","message":"request","meta":{"method":"GET","path":"/api/settings","status":200}}
{"ts":"2026-09-03T18:54:20.951Z","level":"info","service":"portfolio-api","message":"request","meta":{"method":"POST","path":"/api/conferences","status":200}}
{"ts":"2026-09-03T18:54:21.338Z","level":"info","service":"portfolio-api","message":"Record created","meta":{"resource":"conferences","id":"87667813f090b29da5a2e8a9"}}
{"ts":"2026-09-03T18:54:21.533Z","level":"info","service":"portfolio-api","message":"request","meta":{"method":"GET","path":"/api/conferences/all","status":200}}
{"ts":"2026-09-03T18:54:30.693Z","level":"info","service":"portfolio-api","message":"request","meta":{"method":"GET","path":"/api/settings","status":200}}
{"ts":"2026-09-03T18:54:34.957Z","level":"info","service":"portfolio-api","message":"request","meta":{"method":"GET","path":"/api/settings","status":200}}
{"ts":"2026-09-03T18:54:40.852Z","level":"info","service":"portfolio-api","message":"request","meta":{"method":"GET","path":"/api/settings","status":200}}
{"ts":"2026-09-03T18:54:49.096Z","level":"info","service":"portfolio-api","message":"request","meta":{"method":"GET","path":"/api/settings","status":200}}
{"ts":"2026-09-03T18:54:53.285Z","level":"info","service":"portfolio-api","message":"request","meta":{"method":"POST","path":"/api/conferences","status":200}}
{"ts":"2026-09-03T18:54:53.653Z","level":"info","service":"portfolio-api","message":"Record created","meta":{"resource":"conferences","id":"3be9fee8a294a26e004b6211"}}
{"ts":"2026-09-03T18:54:53.844Z","level":"info","service":"portfolio-api","message":"request","meta":{"method":"GET","path":"/api/conferences/all","status":200}}
{"ts":"2026-09-03T18:55:03.412Z","level":"info","service":"portfolio-api","message":"request","meta":{"method":"GET","path":"/api/settings","status":200}}
{"ts":"2026-09-03T18:55:04.503Z","level":"info","service":"portfolio-api","message":"request","meta":{"method":"GET","path":"/api/settings","status":200}}
{"ts":"2026-09-03T18:55:04.818Z","level":"info","service":"portfolio-api","message":"request","meta":{"method":"GET","path":"/api/about","status":200}}
{"ts":"2026-09-03T18:55:04.819Z","level":"info","service":"portfolio-api","message":"request","meta":{"method":"GET","path":"/api/research-interests","status":200}}
{"ts":"2026-09-03T18:55:04.820Z","level":"info","service":"portfolio-api","message":"request","meta":{"method":"GET","path":"/api/projects","status":200}}
{"ts":"2026-09-03T18:55:04.820Z","level":"info","service":"portfolio-api","message":"request","meta":{"method":"GET","path":"/api/publications","status":200}}
{"ts":"2026-09-03T18:55:04.820Z","level":"info","service":"portfolio-api","message":"request","meta":{"method":"GET","path":"/api/education","status":200}}
{"ts":"2026-09-03T18:55:05.002Z","level":"info","service":"portfolio-api","message":"request","meta":{"method":"GET","path":"/api/experience","status":200}}
{"ts":"2026-09-03T18:55:05.311Z","level":"info","service":"portfolio-api","message":"request","meta":{"method":"GET","path":"/api/internships","status":200}}
{"ts":"2026-09-03T18:55:05.312Z","level":"info","service":"portfolio-api","message":"request","meta":{"method":"GET","path":"/api/research-experience","status":200}}
{"ts":"2026-09-03T18:55:05.316Z","level":"info","service":"portfolio-api","message":"request","meta":{"method":"GET","path":"/api/skills","status":200}}
{"ts":"2026-09-03T18:55:05.324Z","level":"info","service":"portfolio-api","message":"request","meta":{"method":"GET","path":"/api/conferences","status":200}}
{"ts":"2026-09-03T18:55:05.325Z","level":"info","service":"portfolio-api","message":"request","meta":{"method":"GET","path":"/api/training","status":200}}
{"ts":"2026-09-03T18:55:05.486Z","level":"info","service":"portfolio-api","message":"request","meta":{"method":"GET","path":"/api/memberships","status":200}}
{"ts":"2026-09-03T18:55:05.788Z","level":"info","service":"portfolio-api","message":"request","meta":{"method":"GET","path":"/api/languages","status":200}}
{"ts":"2026-09-03T18:55:05.814Z","level":"info","service":"portfolio-api","message":"request","meta":{"method":"GET","path":"/api/recommendations","status":200}}
{"ts":"2026-09-03T18:55:05.815Z","level":"info","service":"portfolio-api","message":"request","meta":{"method":"GET","path":"/api/hobbies","status":200}}
{"ts":"2026-09-03T18:55:11.664Z","level":"info","service":"portfolio-api","message":"request","meta":{"method":"GET","path":"/api/settings","status":200}}
{"ts":"2026-09-03T18:55:12.359Z","level":"info","service":"portfolio-api","message":"request","meta":{"method":"GET","path":"/api/training/all","status":200}}
{"ts":"2026-09-03T18:55:14.402Z","level":"info","service":"portfolio-api","message":"request","meta":{"method":"GET","path":"/api/settings","status":200}}
{"ts":"2026-09-03T18:55:14.403Z","level":"info","service":"portfolio-api","message":"request","meta":{"method":"GET","path":"/api/about","status":200}}
{"ts":"2026-09-03T18:55:14.403Z","level":"info","service":"portfolio-api","message":"request","meta":{"method":"GET","path":"/api/research-interests","status":200}}
{"ts":"2026-09-03T18:55:14.404Z","level":"info","service":"portfolio-api","message":"request","meta":{"method":"GET","path":"/api/projects","status":200}}
{"ts":"2026-09-03T18:55:14.404Z","level":"info","service":"portfolio-api","message":"request","meta":{"method":"GET","path":"/api/publications","status":200}}
{"ts":"2026-09-03T18:55:14.404Z","level":"info","service":"portfolio-api","message":"request","meta":{"method":"GET","path":"/api/education","status":200}}
{"ts":"2026-09-03T18:55:14.891Z","level":"info","service":"portfolio-api","message":"request","meta":{"method":"GET","path":"/api/experience","status":200}}
{"ts":"2026-09-03T18:55:14.892Z","level":"info","service":"portfolio-api","message":"request","meta":{"method":"GET","path":"/api/internships","status":200}}
{"ts":"2026-09-03T18:55:14.894Z","level":"info","service":"portfolio-api","message":"request","meta":{"method":"GET","path":"/api/research-experience","status":200}}
{"ts":"2026-09-03T18:55:14.895Z","level":"info","service":"portfolio-api","message":"request","meta":{"method":"GET","path":"/api/skills","status":200}}
{"ts":"2026-09-03T18:55:14.896Z","level":"info","service":"portfolio-api","message":"request","meta":{"method":"GET","path":"/api/conferences","status":200}}
{"ts":"2026-09-03T18:55:14.899Z","level":"info","service":"portfolio-api","message":"request","meta":{"method":"GET","path":"/api/training","status":200}}
{"ts":"2026-09-03T18:55:15.375Z","level":"info","service":"portfolio-api","message":"request","meta":{"method":"GET","path":"/api/memberships","status":200}}
{"ts":"2026-09-03T18:55:15.376Z","level":"info","service":"portfolio-api","message":"request","meta":{"method":"GET","path":"/api/languages","status":200}}
{"ts":"2026-09-03T18:55:15.387Z","level":"info","service":"portfolio-api","message":"request","meta":{"method":"GET","path":"/api/hobbies","status":200}}
{"ts":"2026-09-03T18:55:15.388Z","level":"info","service":"portfolio-api","message":"request","meta":{"method":"GET","path":"/api/recommendations","status":200}}
{"ts":"2026-09-03T18:56:06.265Z","level":"info","service":"portfolio-api","message":"request","meta":{"method":"GET","path":"/api/settings","status":200}}
{"ts":"2026-09-03T18:56:09.002Z","level":"info","service":"portfolio-api","message":"request","meta":{"method":"GET","path":"/api/settings","status":200}}
{"ts":"2026-09-03T18:56:12.436Z","level":"info","service":"portfolio-api","message":"request","meta":{"method":"GET","path":"/api/settings","status":200}}
{"ts":"2026-09-03T18:56:24.964Z","level":"info","service":"portfolio-api","message":"request","meta":{"method":"GET","path":"/api/settings","status":200}}
{"ts":"2026-09-03T18:56:25.269Z","level":"info","service":"portfolio-api","message":"request","meta":{"method":"GET","path":"/api/about","status":200}}
{"ts":"2026-09-03T18:56:25.269Z","level":"info","service":"portfolio-api","message":"request","meta":{"method":"GET","path":"/api/research-interests","status":200}}
{"ts":"2026-09-03T18:56:25.269Z","level":"info","service":"portfolio-api","message":"request","meta":{"method":"GET","path":"/api/projects","status":200}}
{"ts":"2026-09-03T18:56:25.270Z","level":"info","service":"portfolio-api","message":"request","meta":{"method":"GET","path":"/api/publications","status":200}}
{"ts":"2026-09-03T18:56:25.270Z","level":"info","service":"portfolio-api","message":"request","meta":{"method":"GET","path":"/api/education","status":200}}
{"ts":"2026-09-03T18:56:25.459Z","level":"info","service":"portfolio-api","message":"request","meta":{"method":"GET","path":"/api/experience","status":200}}
{"ts":"2026-09-03T18:56:25.750Z","level":"info","service":"portfolio-api","message":"request","meta":{"method":"GET","path":"/api/research-experience","status":200}}
{"ts":"2026-09-03T18:56:25.751Z","level":"info","service":"portfolio-api","message":"request","meta":{"method":"GET","path":"/api/internships","status":200}}
{"ts":"2026-09-03T18:56:25.754Z","level":"info","service":"portfolio-api","message":"request","meta":{"method":"GET","path":"/api/skills","status":200}}
{"ts":"2026-09-03T18:56:25.754Z","level":"info","service":"portfolio-api","message":"request","meta":{"method":"GET","path":"/api/conferences","status":200}}
{"ts":"2026-09-03T18:56:25.765Z","level":"info","service":"portfolio-api","message":"request","meta":{"method":"GET","path":"/api/training","status":200}}
{"ts":"2026-09-03T18:56:25.980Z","level":"info","service":"portfolio-api","message":"request","meta":{"method":"GET","path":"/api/memberships","status":200}}
{"ts":"2026-09-03T18:56:26.251Z","level":"info","service":"portfolio-api","message":"request","meta":{"method":"GET","path":"/api/languages","status":200}}
{"ts":"2026-09-03T18:56:26.252Z","level":"info","service":"portfolio-api","message":"request","meta":{"method":"GET","path":"/api/hobbies","status":200}}
{"ts":"2026-09-03T18:56:26.255Z","level":"info","service":"portfolio-api","message":"request","meta":{"method":"GET","path":"/api/recommendations","status":200}}
{"ts":"2026-09-03T18:57:22.500Z","level":"info","service":"portfolio-api","message":"request","meta":{"method":"GET","path":"/api/settings","status":200}}
{"ts":"2026-09-03T18:57:22.964Z","level":"info","service":"portfolio-api","message":"request","meta":{"method":"GET","path":"/api/settings","status":200}}
{"ts":"2026-09-03T18:57:23.265Z","level":"info","service":"portfolio-api","message":"request","meta":{"method":"GET","path":"/api/about","status":200}}
{"ts":"2026-09-03T18:57:23.275Z","level":"info","service":"portfolio-api","message":"request","meta":{"method":"GET","path":"/api/research-interests","status":200}}
{"ts":"2026-09-03T18:57:23.277Z","level":"info","service":"portfolio-api","message":"request","meta":{"method":"GET","path":"/api/projects","status":200}}
{"ts":"2026-09-03T18:57:23.277Z","level":"info","service":"portfolio-api","message":"request","meta":{"method":"GET","path":"/api/publications","status":200}}
{"ts":"2026-09-03T18:57:23.278Z","level":"info","service":"portfolio-api","message":"request","meta":{"method":"GET","path":"/api/education","status":200}}
{"ts":"2026-09-03T18:57:23.461Z","level":"info","service":"portfolio-api","message":"request","meta":{"method":"GET","path":"/api/experience","status":200}}
{"ts":"2026-09-03T18:57:23.771Z","level":"info","service":"portfolio-api","message":"request","meta":{"method":"GET","path":"/api/internships","status":200}}
{"ts":"2026-09-03T18:57:23.772Z","level":"info","service":"portfolio-api","message":"request","meta":{"method":"GET","path":"/api/research-experience","status":200}}
{"ts":"2026-09-03T18:57:23.774Z","level":"info","service":"portfolio-api","message":"request","meta":{"method":"GET","path":"/api/skills","status":200}}
{"ts":"2026-09-03T18:57:23.776Z","level":"info","service":"portfolio-api","message":"request","meta":{"method":"GET","path":"/api/conferences","status":200}}
{"ts":"2026-09-03T18:57:23.777Z","level":"info","service":"portfolio-api","message":"request","meta":{"method":"GET","path":"/api/training","status":200}}
{"ts":"2026-09-03T18:57:23.962Z","level":"info","service":"portfolio-api","message":"request","meta":{"method":"GET","path":"/api/memberships","status":200}}
{"ts":"2026-09-03T18:57:24.256Z","level":"info","service":"portfolio-api","message":"request","meta":{"method":"GET","path":"/api/languages","status":200}}
{"ts":"2026-09-03T18:57:24.272Z","level":"info","service":"portfolio-api","message":"request","meta":{"method":"GET","path":"/api/hobbies","status":200}}
{"ts":"2026-09-03T18:57:24.273Z","level":"info","service":"portfolio-api","message":"request","meta":{"method":"GET","path":"/api/recommendations","status":200}}
{"ts":"2026-09-03T18:57:51.427Z","level":"info","service":"portfolio-api","message":"request","meta":{"method":"GET","path":"/api/settings","status":200}}
{"ts":"2026-09-03T18:58:00.812Z","level":"info","service":"portfolio-api","message":"request","meta":{"method":"GET","path":"/api/settings","status":200}}
{"ts":"2026-09-03T18:58:10.333Z","level":"info","service":"portfolio-api","message":"request","meta":{"method":"GET","path":"/api/settings","status":200}}
{"ts":"2026-09-03T18:58:19.003Z","level":"info","service":"portfolio-api","message":"request","meta":{"method":"PUT","path":"/api/training/11b5f63e145512e50231ae08","status":200}}
{"ts":"2026-09-03T18:58:19.200Z","level":"info","service":"portfolio-api","message":"Record updated","meta":{"resource":"training","id":"11b5f63e145512e50231ae08"}}
{"ts":"2026-09-03T18:58:19.692Z","level":"info","service":"portfolio-api","message":"request","meta":{"method":"GET","path":"/api/training/all","status":200}}
{"ts":"2026-09-03T18:58:25.674Z","level":"info","service":"portfolio-api","message":"request","meta":{"method":"GET","path":"/api/media","status":200}}
{"ts":"2026-09-03T18:58:35.860Z","level":"info","service":"portfolio-api","message":"request","meta":{"method":"POST","path":"/api/media","status":200}}
{"ts":"2026-09-03T18:58:36.245Z","level":"info","service":"portfolio-api","message":"request","meta":{"method":"GET","path":"/api/media","status":200}}
{"ts":"2026-09-03T18:58:36.747Z","level":"info","service":"portfolio-api","message":"request","meta":{"method":"GET","path":"/uploads/screenshot-2026-09-04-004235-1788461915868-ded62eda.png","status":200}}
{"ts":"2026-09-03T18:58:38.918Z","level":"info","service":"portfolio-api","message":"request","meta":{"method":"GET","path":"/api/training/all","status":200}}
{"ts":"2026-09-03T18:58:43.988Z","level":"info","service":"portfolio-api","message":"request","meta":{"method":"GET","path":"/api/media","status":200}}
{"ts":"2026-09-03T18:58:46.682Z","level":"info","service":"portfolio-api","message":"request","meta":{"method":"PUT","path":"/api/training/11b5f63e145512e50231ae08","status":200}}
{"ts":"2026-09-03T18:58:46.865Z","level":"info","service":"portfolio-api","message":"Record updated","meta":{"resource":"training","id":"11b5f63e145512e50231ae08"}}
{"ts":"2026-09-03T18:58:47.355Z","level":"info","service":"portfolio-api","message":"request","meta":{"method":"GET","path":"/api/training/all","status":200}}
{"ts":"2026-09-03T18:58:48.763Z","level":"info","service":"portfolio-api","message":"request","meta":{"method":"GET","path":"/api/settings","status":200}}
{"ts":"2026-09-03T18:58:49.073Z","level":"info","service":"portfolio-api","message":"request","meta":{"method":"GET","path":"/api/about","status":200}}
{"ts":"2026-09-03T18:58:49.074Z","level":"info","service":"portfolio-api","message":"request","meta":{"method":"GET","path":"/api/research-interests","status":200}}
{"ts":"2026-09-03T18:58:49.075Z","level":"info","service":"portfolio-api","message":"request","meta":{"method":"GET","path":"/api/projects","status":200}}
{"ts":"2026-09-03T18:58:49.075Z","level":"info","service":"portfolio-api","message":"request","meta":{"method":"GET","path":"/api/publications","status":200}}
{"ts":"2026-09-03T18:58:49.075Z","level":"info","service":"portfolio-api","message":"request","meta":{"method":"GET","path":"/api/education","status":200}}
{"ts":"2026-09-03T18:58:49.253Z","level":"info","service":"portfolio-api","message":"request","meta":{"method":"GET","path":"/api/experience","status":200}}
{"ts":"2026-09-03T18:58:49.560Z","level":"info","service":"portfolio-api","message":"request","meta":{"method":"GET","path":"/api/internships","status":200}}
{"ts":"2026-09-03T18:58:49.561Z","level":"info","service":"portfolio-api","message":"request","meta":{"method":"GET","path":"/api/research-experience","status":200}}
{"ts":"2026-09-03T18:58:49.563Z","level":"info","service":"portfolio-api","message":"request","meta":{"method":"GET","path":"/api/skills","status":200}}
{"ts":"2026-09-03T18:58:49.565Z","level":"info","service":"portfolio-api","message":"request","meta":{"method":"GET","path":"/api/conferences","status":200}}
{"ts":"2026-09-03T18:58:49.568Z","level":"info","service":"portfolio-api","message":"request","meta":{"method":"GET","path":"/api/training","status":200}}
{"ts":"2026-09-03T18:58:49.741Z","level":"info","service":"portfolio-api","message":"request","meta":{"method":"GET","path":"/api/memberships","status":200}}
{"ts":"2026-09-03T18:58:50.045Z","level":"info","service":"portfolio-api","message":"request","meta":{"method":"GET","path":"/api/languages","status":200}}
{"ts":"2026-09-03T18:58:50.047Z","level":"info","service":"portfolio-api","message":"request","meta":{"method":"GET","path":"/api/hobbies","status":200}}
{"ts":"2026-09-03T18:58:50.049Z","level":"info","service":"portfolio-api","message":"request","meta":{"method":"GET","path":"/api/recommendations","status":200}}
{"ts":"2026-09-03T18:58:54.661Z","level":"info","service":"portfolio-api","message":"request","meta":{"method":"GET","path":"/api/settings","status":200}}
{"ts":"2026-09-03T18:58:54.662Z","level":"info","service":"portfolio-api","message":"request","meta":{"method":"GET","path":"/api/about","status":200}}
{"ts":"2026-09-03T18:58:54.970Z","level":"info","service":"portfolio-api","message":"request","meta":{"method":"GET","path":"/api/research-interests","status":200}}
{"ts":"2026-09-03T18:58:54.971Z","level":"info","service":"portfolio-api","message":"request","meta":{"method":"GET","path":"/api/projects","status":200}}
{"ts":"2026-09-03T18:58:54.971Z","level":"info","service":"portfolio-api","message":"request","meta":{"method":"GET","path":"/api/publications","status":200}}
{"ts":"2026-09-03T18:58:54.972Z","level":"info","service":"portfolio-api","message":"request","meta":{"method":"GET","path":"/api/education","status":200}}
{"ts":"2026-09-03T18:58:55.153Z","level":"info","service":"portfolio-api","message":"request","meta":{"method":"GET","path":"/api/experience","status":200}}
{"ts":"2026-09-03T18:58:55.161Z","level":"info","service":"portfolio-api","message":"request","meta":{"method":"GET","path":"/api/internships","status":200}}
{"ts":"2026-09-03T18:58:55.450Z","level":"info","service":"portfolio-api","message":"request","meta":{"method":"GET","path":"/api/research-experience","status":200}}
{"ts":"2026-09-03T18:58:55.457Z","level":"info","service":"portfolio-api","message":"request","meta":{"method":"GET","path":"/api/skills","status":200}}
{"ts":"2026-09-03T18:58:55.458Z","level":"info","service":"portfolio-api","message":"request","meta":{"method":"GET","path":"/api/conferences","status":200}}
{"ts":"2026-09-03T18:58:55.463Z","level":"info","service":"portfolio-api","message":"request","meta":{"method":"GET","path":"/api/training","status":200}}
{"ts":"2026-09-03T18:58:55.639Z","level":"info","service":"portfolio-api","message":"request","meta":{"method":"GET","path":"/api/memberships","status":200}}
{"ts":"2026-09-03T18:58:55.658Z","level":"info","service":"portfolio-api","message":"request","meta":{"method":"GET","path":"/api/languages","status":200}}
{"ts":"2026-09-03T18:58:55.938Z","level":"info","service":"portfolio-api","message":"request","meta":{"method":"GET","path":"/api/recommendations","status":200}}
{"ts":"2026-09-03T18:58:55.939Z","level":"info","service":"portfolio-api","message":"request","meta":{"method":"GET","path":"/api/hobbies","status":200}}
{"ts":"2026-09-03T18:58:59.253Z","level":"info","service":"portfolio-api","message":"request","meta":{"method":"GET","path":"/api/settings","status":200}}
{"ts":"2026-09-03T18:58:59.254Z","level":"info","service":"portfolio-api","message":"request","meta":{"method":"GET","path":"/api/about","status":200}}
{"ts":"2026-09-03T18:58:59.566Z","level":"info","service":"portfolio-api","message":"request","meta":{"method":"GET","path":"/api/research-interests","status":200}}
{"ts":"2026-09-03T18:58:59.567Z","level":"info","service":"portfolio-api","message":"request","meta":{"method":"GET","path":"/api/projects","status":200}}
{"ts":"2026-09-03T18:58:59.568Z","level":"info","service":"portfolio-api","message":"request","meta":{"method":"GET","path":"/api/publications","status":200}}
{"ts":"2026-09-03T18:58:59.569Z","level":"info","service":"portfolio-api","message":"request","meta":{"method":"GET","path":"/api/education","status":200}}
{"ts":"2026-09-03T18:58:59.734Z","level":"info","service":"portfolio-api","message":"request","meta":{"method":"GET","path":"/api/experience","status":200}}
{"ts":"2026-09-03T18:58:59.748Z","level":"info","service":"portfolio-api","message":"request","meta":{"method":"GET","path":"/api/internships","status":200}}
{"ts":"2026-09-03T18:59:00.047Z","level":"info","service":"portfolio-api","message":"request","meta":{"method":"GET","path":"/api/research-experience","status":200}}
{"ts":"2026-09-03T18:59:00.064Z","level":"info","service":"portfolio-api","message":"request","meta":{"method":"GET","path":"/api/skills","status":200}}
{"ts":"2026-09-03T18:59:00.065Z","level":"info","service":"portfolio-api","message":"request","meta":{"method":"GET","path":"/api/conferences","status":200}}
{"ts":"2026-09-03T18:59:00.066Z","level":"info","service":"portfolio-api","message":"request","meta":{"method":"GET","path":"/api/training","status":200}}
{"ts":"2026-09-03T18:59:00.229Z","level":"info","service":"portfolio-api","message":"request","meta":{"method":"GET","path":"/api/memberships","status":200}}
{"ts":"2026-09-03T18:59:00.229Z","level":"info","service":"portfolio-api","message":"request","meta":{"method":"GET","path":"/api/languages","status":200}}
{"ts":"2026-09-03T18:59:00.533Z","level":"info","service":"portfolio-api","message":"request","meta":{"method":"GET","path":"/api/hobbies","status":200}}
{"ts":"2026-09-03T18:59:00.547Z","level":"info","service":"portfolio-api","message":"request","meta":{"method":"GET","path":"/api/recommendations","status":200}}
{"ts":"2026-09-03T18:59:06.415Z","level":"info","service":"portfolio-api","message":"request","meta":{"method":"GET","path":"/api/settings","status":200}}
{"ts":"2026-09-03T18:59:06.416Z","level":"info","service":"portfolio-api","message":"request","meta":{"method":"GET","path":"/api/about","status":200}}
{"ts":"2026-09-03T18:59:06.417Z","level":"info","service":"portfolio-api","message":"request","meta":{"method":"GET","path":"/api/research-interests","status":200}}
{"ts":"2026-09-03T18:59:06.417Z","level":"info","service":"portfolio-api","message":"request","meta":{"method":"GET","path":"/api/projects","status":200}}
{"ts":"2026-09-03T18:59:06.418Z","level":"info","service":"portfolio-api","message":"request","meta":{"method":"GET","path":"/api/publications","status":200}}
{"ts":"2026-09-03T18:59:06.418Z","level":"info","service":"portfolio-api","message":"request","meta":{"method":"GET","path":"/api/education","status":200}}
{"ts":"2026-09-03T18:59:06.910Z","level":"info","service":"portfolio-api","message":"request","meta":{"method":"GET","path":"/api/experience","status":200}}
{"ts":"2026-09-03T18:59:06.912Z","level":"info","service":"portfolio-api","message":"request","meta":{"method":"GET","path":"/api/internships","status":200}}
{"ts":"2026-09-03T18:59:06.913Z","level":"info","service":"portfolio-api","message":"request","meta":{"method":"GET","path":"/api/research-experience","status":200}}
{"ts":"2026-09-03T18:59:06.915Z","level":"info","service":"portfolio-api","message":"request","meta":{"method":"GET","path":"/api/skills","status":200}}
{"ts":"2026-09-03T18:59:06.918Z","level":"info","service":"portfolio-api","message":"request","meta":{"method":"GET","path":"/api/conferences","status":200}}
{"ts":"2026-09-03T18:59:06.920Z","level":"info","service":"portfolio-api","message":"request","meta":{"method":"GET","path":"/api/training","status":200}}
{"ts":"2026-09-03T18:59:07.398Z","level":"info","service":"portfolio-api","message":"request","meta":{"method":"GET","path":"/api/memberships","status":200}}
{"ts":"2026-09-03T18:59:07.400Z","level":"info","service":"portfolio-api","message":"request","meta":{"method":"GET","path":"/api/languages","status":200}}
{"ts":"2026-09-03T18:59:07.402Z","level":"info","service":"portfolio-api","message":"request","meta":{"method":"GET","path":"/api/hobbies","status":200}}
{"ts":"2026-09-03T18:59:07.403Z","level":"info","service":"portfolio-api","message":"request","meta":{"method":"GET","path":"/api/recommendations","status":200}}
{"ts":"2026-09-03T18:59:34.227Z","level":"info","service":"portfolio-api","message":"request","meta":{"method":"GET","path":"/api/settings","status":200}}
{"ts":"2026-09-03T18:59:36.006Z","level":"info","service":"portfolio-api","message":"request","meta":{"method":"GET","path":"/api/media","status":200}}
{"ts":"2026-09-03T18:59:38.327Z","level":"info","service":"portfolio-api","message":"request","meta":{"method":"POST","path":"/api/media","status":200}}
{"ts":"2026-09-03T18:59:38.720Z","level":"info","service":"portfolio-api","message":"request","meta":{"method":"GET","path":"/api/media","status":200}}
{"ts":"2026-09-03T18:59:39.228Z","level":"info","service":"portfolio-api","message":"request","meta":{"method":"GET","path":"/uploads/screenshot-2026-09-04-004424-1788461978330-668bd033.png","status":200}}
{"ts":"2026-09-03T18:59:40.720Z","level":"info","service":"portfolio-api","message":"request","meta":{"method":"GET","path":"/api/training/all","status":200}}
{"ts":"2026-09-03T18:59:49.820Z","level":"info","service":"portfolio-api","message":"request","meta":{"method":"GET","path":"/api/settings","status":200}}
{"ts":"2026-09-03T19:00:08.175Z","level":"info","service":"portfolio-api","message":"request","meta":{"method":"GET","path":"/api/media","status":200}}
{"ts":"2026-09-03T19:00:18.533Z","level":"info","service":"portfolio-api","message":"request","meta":{"method":"GET","path":"/api/settings","status":200}}
{"ts":"2026-09-03T19:00:21.460Z","level":"info","service":"portfolio-api","message":"request","meta":{"method":"GET","path":"/api/settings","status":200}}
{"ts":"2026-09-03T19:00:35.158Z","level":"info","service":"portfolio-api","message":"request","meta":{"method":"GET","path":"/api/settings","status":200}}
{"ts":"2026-09-03T19:00:38.605Z","level":"info","service":"portfolio-api","message":"request","meta":{"method":"PUT","path":"/api/training/792ca788469c92aeb0ffbff3","status":200}}
{"ts":"2026-09-03T19:00:38.803Z","level":"info","service":"portfolio-api","message":"Record updated","meta":{"resource":"training","id":"792ca788469c92aeb0ffbff3"}}
{"ts":"2026-09-03T19:00:39.305Z","level":"info","service":"portfolio-api","message":"request","meta":{"method":"GET","path":"/api/training/all","status":200}}
{"ts":"2026-09-03T19:00:39.681Z","level":"info","service":"portfolio-api","message":"request","meta":{"method":"GET","path":"/api/settings","status":200}}
{"ts":"2026-09-03T19:00:39.997Z","level":"info","service":"portfolio-api","message":"request","meta":{"method":"GET","path":"/api/about","status":200}}
{"ts":"2026-09-03T19:00:39.998Z","level":"info","service":"portfolio-api","message":"request","meta":{"method":"GET","path":"/api/research-interests","status":200}}
{"ts":"2026-09-03T19:00:39.998Z","level":"info","service":"portfolio-api","message":"request","meta":{"method":"GET","path":"/api/projects","status":200}}
{"ts":"2026-09-03T19:00:39.999Z","level":"info","service":"portfolio-api","message":"request","meta":{"method":"GET","path":"/api/publications","status":200}}
{"ts":"2026-09-03T19:00:39.999Z","level":"info","service":"portfolio-api","message":"request","meta":{"method":"GET","path":"/api/education","status":200}}
{"ts":"2026-09-03T19:00:40.178Z","level":"info","service":"portfolio-api","message":"request","meta":{"method":"GET","path":"/api/experience","status":200}}
{"ts":"2026-09-03T19:00:40.477Z","level":"info","service":"portfolio-api","message":"request","meta":{"method":"GET","path":"/api/internships","status":200}}
{"ts":"2026-09-03T19:00:40.485Z","level":"info","service":"portfolio-api","message":"request","meta":{"method":"GET","path":"/api/research-experience","status":200}}
{"ts":"2026-09-03T19:00:40.486Z","level":"info","service":"portfolio-api","message":"request","meta":{"method":"GET","path":"/api/skills","status":200}}
{"ts":"2026-09-03T19:00:40.487Z","level":"info","service":"portfolio-api","message":"request","meta":{"method":"GET","path":"/api/conferences","status":200}}
{"ts":"2026-09-03T19:00:40.490Z","level":"info","service":"portfolio-api","message":"request","meta":{"method":"GET","path":"/api/training","status":200}}
{"ts":"2026-09-03T19:00:40.665Z","level":"info","service":"portfolio-api","message":"request","meta":{"method":"GET","path":"/api/memberships","status":200}}
{"ts":"2026-09-03T19:00:40.963Z","level":"info","service":"portfolio-api","message":"request","meta":{"method":"GET","path":"/api/languages","status":200}}
{"ts":"2026-09-03T19:00:40.970Z","level":"info","service":"portfolio-api","message":"request","meta":{"method":"GET","path":"/api/recommendations","status":200}}
{"ts":"2026-09-03T19:00:40.971Z","level":"info","service":"portfolio-api","message":"request","meta":{"method":"GET","path":"/api/hobbies","status":200}}
{"ts":"2026-09-03T19:00:46.460Z","level":"info","service":"portfolio-api","message":"request","meta":{"method":"GET","path":"/api/settings","status":200}}
{"ts":"2026-09-03T19:00:47.337Z","level":"info","service":"portfolio-api","message":"request","meta":{"method":"GET","path":"/api/settings","status":200}}
{"ts":"2026-09-03T19:00:47.647Z","level":"info","service":"portfolio-api","message":"request","meta":{"method":"GET","path":"/api/about","status":200}}
{"ts":"2026-09-03T19:00:47.648Z","level":"info","service":"portfolio-api","message":"request","meta":{"method":"GET","path":"/api/research-interests","status":200}}
{"ts":"2026-09-03T19:00:47.649Z","level":"info","service":"portfolio-api","message":"request","meta":{"method":"GET","path":"/api/projects","status":200}}
{"ts":"2026-09-03T19:00:47.650Z","level":"info","service":"portfolio-api","message":"request","meta":{"method":"GET","path":"/api/publications","status":200}}
{"ts":"2026-09-03T19:00:47.650Z","level":"info","service":"portfolio-api","message":"request","meta":{"method":"GET","path":"/api/education","status":200}}
{"ts":"2026-09-03T19:00:47.835Z","level":"info","service":"portfolio-api","message":"request","meta":{"method":"GET","path":"/api/experience","status":200}}
{"ts":"2026-09-03T19:00:48.132Z","level":"info","service":"portfolio-api","message":"request","meta":{"method":"GET","path":"/api/internships","status":200}}
{"ts":"2026-09-03T19:00:48.133Z","level":"info","service":"portfolio-api","message":"request","meta":{"method":"GET","path":"/api/research-experience","status":200}}
{"ts":"2026-09-03T19:00:48.134Z","level":"info","service":"portfolio-api","message":"request","meta":{"method":"GET","path":"/api/skills","status":200}}
{"ts":"2026-09-03T19:00:48.136Z","level":"info","service":"portfolio-api","message":"request","meta":{"method":"GET","path":"/api/conferences","status":200}}
{"ts":"2026-09-03T19:00:48.142Z","level":"info","service":"portfolio-api","message":"request","meta":{"method":"GET","path":"/api/training","status":200}}
{"ts":"2026-09-03T19:00:48.332Z","level":"info","service":"portfolio-api","message":"request","meta":{"method":"GET","path":"/api/memberships","status":200}}
{"ts":"2026-09-03T19:00:48.618Z","level":"info","service":"portfolio-api","message":"request","meta":{"method":"GET","path":"/api/languages","status":200}}
{"ts":"2026-09-03T19:00:48.619Z","level":"info","service":"portfolio-api","message":"request","meta":{"method":"GET","path":"/api/hobbies","status":200}}
{"ts":"2026-09-03T19:00:48.621Z","level":"info","service":"portfolio-api","message":"request","meta":{"method":"GET","path":"/api/recommendations","status":200}}
{"ts":"2026-09-03T19:00:50.264Z","level":"info","service":"portfolio-api","message":"request","meta":{"method":"GET","path":"/api/settings","status":200}}
{"ts":"2026-09-03T19:00:50.264Z","level":"info","service":"portfolio-api","message":"request","meta":{"method":"GET","path":"/api/education","status":200}}
{"ts":"2026-09-03T19:00:50.265Z","level":"info","service":"portfolio-api","message":"request","meta":{"method":"GET","path":"/api/about","status":200}}
{"ts":"2026-09-03T19:00:50.265Z","level":"info","service":"portfolio-api","message":"request","meta":{"method":"GET","path":"/api/research-interests","status":200}}
{"ts":"2026-09-03T19:00:50.266Z","level":"info","service":"portfolio-api","message":"request","meta":{"method":"GET","path":"/api/projects","status":200}}
{"ts":"2026-09-03T19:00:50.266Z","level":"info","service":"portfolio-api","message":"request","meta":{"method":"GET","path":"/api/publications","status":200}}
{"ts":"2026-09-03T19:00:50.752Z","level":"info","service":"portfolio-api","message":"request","meta":{"method":"GET","path":"/api/experience","status":200}}
{"ts":"2026-09-03T19:00:50.753Z","level":"info","service":"portfolio-api","message":"request","meta":{"method":"GET","path":"/api/internships","status":200}}
{"ts":"2026-09-03T19:00:50.753Z","level":"info","service":"portfolio-api","message":"request","meta":{"method":"GET","path":"/api/research-experience","status":200}}
{"ts":"2026-09-03T19:00:50.754Z","level":"info","service":"portfolio-api","message":"request","meta":{"method":"GET","path":"/api/skills","status":200}}
{"ts":"2026-09-03T19:00:50.754Z","level":"info","service":"portfolio-api","message":"request","meta":{"method":"GET","path":"/api/conferences","status":200}}
{"ts":"2026-09-03T19:00:50.759Z","level":"info","service":"portfolio-api","message":"request","meta":{"method":"GET","path":"/api/training","status":200}}
{"ts":"2026-09-03T19:00:51.235Z","level":"info","service":"portfolio-api","message":"request","meta":{"method":"GET","path":"/api/memberships","status":200}}
{"ts":"2026-09-03T19:00:51.236Z","level":"info","service":"portfolio-api","message":"request","meta":{"method":"GET","path":"/api/languages","status":200}}
{"ts":"2026-09-03T19:00:51.237Z","level":"info","service":"portfolio-api","message":"request","meta":{"method":"GET","path":"/api/hobbies","status":200}}
{"ts":"2026-09-03T19:00:51.238Z","level":"info","service":"portfolio-api","message":"request","meta":{"method":"GET","path":"/api/recommendations","status":200}}
{"ts":"2026-09-03T19:01:37.203Z","level":"info","service":"portfolio-api","message":"request","meta":{"method":"GET","path":"/api/settings","status":200}}
{"ts":"2026-09-03T19:01:39.026Z","level":"info","service":"portfolio-api","message":"request","meta":{"method":"GET","path":"/api/settings","status":200}}
{"ts":"2026-09-03T19:01:39.334Z","level":"info","service":"portfolio-api","message":"request","meta":{"method":"GET","path":"/api/about","status":200}}
{"ts":"2026-09-03T19:01:39.335Z","level":"info","service":"portfolio-api","message":"request","meta":{"method":"GET","path":"/api/research-interests","status":200}}
{"ts":"2026-09-03T19:01:39.336Z","level":"info","service":"portfolio-api","message":"request","meta":{"method":"GET","path":"/api/projects","status":200}}
{"ts":"2026-09-03T19:01:39.337Z","level":"info","service":"portfolio-api","message":"request","meta":{"method":"GET","path":"/api/publications","status":200}}
{"ts":"2026-09-03T19:01:39.337Z","level":"info","service":"portfolio-api","message":"request","meta":{"method":"GET","path":"/api/education","status":200}}
{"ts":"2026-09-03T19:01:39.514Z","level":"info","service":"portfolio-api","message":"request","meta":{"method":"GET","path":"/api/experience","status":200}}
{"ts":"2026-09-03T19:01:39.823Z","level":"info","service":"portfolio-api","message":"request","meta":{"method":"GET","path":"/api/internships","status":200}}
{"ts":"2026-09-03T19:01:39.825Z","level":"info","service":"portfolio-api","message":"request","meta":{"method":"GET","path":"/api/research-experience","status":200}}
{"ts":"2026-09-03T19:01:39.826Z","level":"info","service":"portfolio-api","message":"request","meta":{"method":"GET","path":"/api/skills","status":200}}
{"ts":"2026-09-03T19:01:39.828Z","level":"info","service":"portfolio-api","message":"request","meta":{"method":"GET","path":"/api/conferences","status":200}}
{"ts":"2026-09-03T19:01:39.830Z","level":"info","service":"portfolio-api","message":"request","meta":{"method":"GET","path":"/api/training","status":200}}
{"ts":"2026-09-03T19:01:39.997Z","level":"info","service":"portfolio-api","message":"request","meta":{"method":"GET","path":"/api/memberships","status":200}}
{"ts":"2026-09-03T19:01:40.303Z","level":"info","service":"portfolio-api","message":"request","meta":{"method":"GET","path":"/api/languages","status":200}}
{"ts":"2026-09-03T19:01:40.308Z","level":"info","service":"portfolio-api","message":"request","meta":{"method":"GET","path":"/api/recommendations","status":200}}
{"ts":"2026-09-03T19:01:40.309Z","level":"info","service":"portfolio-api","message":"request","meta":{"method":"GET","path":"/api/hobbies","status":200}}
{"ts":"2026-09-03T19:01:40.921Z","level":"info","service":"portfolio-api","message":"request","meta":{"method":"GET","path":"/api/settings","status":200}}
{"ts":"2026-09-03T19:01:41.989Z","level":"info","service":"portfolio-api","message":"request","meta":{"method":"GET","path":"/api/settings","status":200}}
{"ts":"2026-09-03T19:01:42.296Z","level":"info","service":"portfolio-api","message":"request","meta":{"method":"GET","path":"/api/about","status":200}}
{"ts":"2026-09-03T19:01:42.297Z","level":"info","service":"portfolio-api","message":"request","meta":{"method":"GET","path":"/api/research-interests","status":200}}
{"ts":"2026-09-03T19:01:42.298Z","level":"info","service":"portfolio-api","message":"request","meta":{"method":"GET","path":"/api/projects","status":200}}
{"ts":"2026-09-03T19:01:42.299Z","level":"info","service":"portfolio-api","message":"request","meta":{"method":"GET","path":"/api/publications","status":200}}
{"ts":"2026-09-03T19:01:42.299Z","level":"info","service":"portfolio-api","message":"request","meta":{"method":"GET","path":"/api/education","status":200}}
{"ts":"2026-09-03T19:01:42.482Z","level":"info","service":"portfolio-api","message":"request","meta":{"method":"GET","path":"/api/experience","status":200}}
{"ts":"2026-09-03T19:01:42.784Z","level":"info","service":"portfolio-api","message":"request","meta":{"method":"GET","path":"/api/internships","status":200}}
{"ts":"2026-09-03T19:01:42.785Z","level":"info","service":"portfolio-api","message":"request","meta":{"method":"GET","path":"/api/research-experience","status":200}}
{"ts":"2026-09-03T19:01:42.786Z","level":"info","service":"portfolio-api","message":"request","meta":{"method":"GET","path":"/api/skills","status":200}}
{"ts":"2026-09-03T19:01:42.787Z","level":"info","service":"portfolio-api","message":"request","meta":{"method":"GET","path":"/api/conferences","status":200}}
{"ts":"2026-09-03T19:01:42.794Z","level":"info","service":"portfolio-api","message":"request","meta":{"method":"GET","path":"/api/training","status":200}}
{"ts":"2026-09-03T19:01:42.966Z","level":"info","service":"portfolio-api","message":"request","meta":{"method":"GET","path":"/api/memberships","status":200}}
{"ts":"2026-09-03T19:01:43.270Z","level":"info","service":"portfolio-api","message":"request","meta":{"method":"GET","path":"/api/languages","status":200}}
{"ts":"2026-09-03T19:01:43.270Z","level":"info","service":"portfolio-api","message":"request","meta":{"method":"GET","path":"/api/hobbies","status":200}}
{"ts":"2026-09-03T19:01:43.271Z","level":"info","service":"portfolio-api","message":"request","meta":{"method":"GET","path":"/api/recommendations","status":200}}
{"ts":"2026-09-03T19:01:46.068Z","level":"info","service":"portfolio-api","message":"request","meta":{"method":"GET","path":"/api/settings","status":200}}
{"ts":"2026-09-03T19:01:56.755Z","level":"info","service":"portfolio-api","message":"request","meta":{"method":"PUT","path":"/api/training/b2d3f57456f8ce7234720d12","status":200}}
{"ts":"2026-09-03T19:01:56.945Z","level":"info","service":"portfolio-api","message":"Record updated","meta":{"resource":"training","id":"b2d3f57456f8ce7234720d12"}}
{"ts":"2026-09-03T19:01:57.452Z","level":"info","service":"portfolio-api","message":"request","meta":{"method":"GET","path":"/api/training/all","status":200}}
{"ts":"2026-09-03T19:01:58.088Z","level":"info","service":"portfolio-api","message":"request","meta":{"method":"GET","path":"/api/settings","status":200}}
{"ts":"2026-09-03T19:01:58.404Z","level":"info","service":"portfolio-api","message":"request","meta":{"method":"GET","path":"/api/about","status":200}}
{"ts":"2026-09-03T19:01:58.405Z","level":"info","service":"portfolio-api","message":"request","meta":{"method":"GET","path":"/api/research-interests","status":200}}
{"ts":"2026-09-03T19:01:58.406Z","level":"info","service":"portfolio-api","message":"request","meta":{"method":"GET","path":"/api/projects","status":200}}
{"ts":"2026-09-03T19:01:58.407Z","level":"info","service":"portfolio-api","message":"request","meta":{"method":"GET","path":"/api/publications","status":200}}
{"ts":"2026-09-03T19:01:58.408Z","level":"info","service":"portfolio-api","message":"request","meta":{"method":"GET","path":"/api/education","status":200}}
{"ts":"2026-09-03T19:01:58.585Z","level":"info","service":"portfolio-api","message":"request","meta":{"method":"GET","path":"/api/experience","status":200}}
{"ts":"2026-09-03T19:01:58.905Z","level":"info","service":"portfolio-api","message":"request","meta":{"method":"GET","path":"/api/internships","status":200}}
{"ts":"2026-09-03T19:01:58.906Z","level":"info","service":"portfolio-api","message":"request","meta":{"method":"GET","path":"/api/research-experience","status":200}}
{"ts":"2026-09-03T19:01:58.907Z","level":"info","service":"portfolio-api","message":"request","meta":{"method":"GET","path":"/api/skills","status":200}}
{"ts":"2026-09-03T19:01:58.908Z","level":"info","service":"portfolio-api","message":"request","meta":{"method":"GET","path":"/api/conferences","status":200}}
{"ts":"2026-09-03T19:01:58.910Z","level":"info","service":"portfolio-api","message":"request","meta":{"method":"GET","path":"/api/training","status":200}}
{"ts":"2026-09-03T19:01:59.063Z","level":"info","service":"portfolio-api","message":"request","meta":{"method":"GET","path":"/api/memberships","status":200}}
{"ts":"2026-09-03T19:01:59.393Z","level":"info","service":"portfolio-api","message":"request","meta":{"method":"GET","path":"/api/languages","status":200}}
{"ts":"2026-09-03T19:01:59.395Z","level":"info","service":"portfolio-api","message":"request","meta":{"method":"GET","path":"/api/hobbies","status":200}}
{"ts":"2026-09-03T19:01:59.395Z","level":"info","service":"portfolio-api","message":"request","meta":{"method":"GET","path":"/api/recommendations","status":200}}
{"ts":"2026-09-03T19:02:04.092Z","level":"info","service":"portfolio-api","message":"request","meta":{"method":"GET","path":"/api/settings","status":200}}
{"ts":"2026-09-03T19:02:08.074Z","level":"info","service":"portfolio-api","message":"request","meta":{"method":"PUT","path":"/api/training/b2d3f57456f8ce7234720d12","status":200}}
{"ts":"2026-09-03T19:02:08.261Z","level":"info","service":"portfolio-api","message":"Record updated","meta":{"resource":"training","id":"b2d3f57456f8ce7234720d12"}}
{"ts":"2026-09-03T19:02:08.756Z","level":"info","service":"portfolio-api","message":"request","meta":{"method":"GET","path":"/api/training/all","status":200}}
{"ts":"2026-09-03T19:02:16.939Z","level":"info","service":"portfolio-api","message":"request","meta":{"method":"PUT","path":"/api/training/b865264f4a0df07355ab536d","status":200}}
{"ts":"2026-09-03T19:02:17.125Z","level":"info","service":"portfolio-api","message":"Record updated","meta":{"resource":"training","id":"b865264f4a0df07355ab536d"}}
{"ts":"2026-09-03T19:02:17.624Z","level":"info","service":"portfolio-api","message":"request","meta":{"method":"GET","path":"/api/training/all","status":200}}
{"ts":"2026-09-03T19:02:19.518Z","level":"info","service":"portfolio-api","message":"request","meta":{"method":"GET","path":"/api/settings","status":200}}
{"ts":"2026-09-03T19:02:19.826Z","level":"info","service":"portfolio-api","message":"request","meta":{"method":"GET","path":"/api/about","status":200}}
{"ts":"2026-09-03T19:02:19.828Z","level":"info","service":"portfolio-api","message":"request","meta":{"method":"GET","path":"/api/research-interests","status":200}}
{"ts":"2026-09-03T19:02:19.829Z","level":"info","service":"portfolio-api","message":"request","meta":{"method":"GET","path":"/api/projects","status":200}}
{"ts":"2026-09-03T19:02:19.829Z","level":"info","service":"portfolio-api","message":"request","meta":{"method":"GET","path":"/api/publications","status":200}}
{"ts":"2026-09-03T19:02:19.829Z","level":"info","service":"portfolio-api","message":"request","meta":{"method":"GET","path":"/api/education","status":200}}
{"ts":"2026-09-03T19:02:20.010Z","level":"info","service":"portfolio-api","message":"request","meta":{"method":"GET","path":"/api/experience","status":200}}
{"ts":"2026-09-03T19:02:20.323Z","level":"info","service":"portfolio-api","message":"request","meta":{"method":"GET","path":"/api/internships","status":200}}
{"ts":"2026-09-03T19:02:20.324Z","level":"info","service":"portfolio-api","message":"request","meta":{"method":"GET","path":"/api/research-experience","status":200}}
{"ts":"2026-09-03T19:02:20.325Z","level":"info","service":"portfolio-api","message":"request","meta":{"method":"GET","path":"/api/skills","status":200}}
{"ts":"2026-09-03T19:02:20.325Z","level":"info","service":"portfolio-api","message":"request","meta":{"method":"GET","path":"/api/conferences","status":200}}
{"ts":"2026-09-03T19:02:20.325Z","level":"info","service":"portfolio-api","message":"request","meta":{"method":"GET","path":"/api/training","status":200}}
{"ts":"2026-09-03T19:02:20.501Z","level":"info","service":"portfolio-api","message":"request","meta":{"method":"GET","path":"/api/memberships","status":200}}
{"ts":"2026-09-03T19:02:20.805Z","level":"info","service":"portfolio-api","message":"request","meta":{"method":"GET","path":"/api/hobbies","status":200}}
{"ts":"2026-09-03T19:02:20.806Z","level":"info","service":"portfolio-api","message":"request","meta":{"method":"GET","path":"/api/languages","status":200}}
{"ts":"2026-09-03T19:02:20.809Z","level":"info","service":"portfolio-api","message":"request","meta":{"method":"GET","path":"/api/recommendations","status":200}}
{"ts":"2026-09-03T19:02:24.565Z","level":"info","service":"portfolio-api","message":"request","meta":{"method":"GET","path":"/api/settings","status":200}}
{"ts":"2026-09-03T19:02:29.995Z","level":"info","service":"portfolio-api","message":"request","meta":{"method":"PUT","path":"/api/training/be27c87737b3fa50cd14dd12","status":200}}
{"ts":"2026-09-03T19:02:30.191Z","level":"info","service":"portfolio-api","message":"Record updated","meta":{"resource":"training","id":"be27c87737b3fa50cd14dd12"}}
{"ts":"2026-09-03T19:02:30.695Z","level":"info","service":"portfolio-api","message":"request","meta":{"method":"GET","path":"/api/training/all","status":200}}
{"ts":"2026-09-03T19:02:30.954Z","level":"info","service":"portfolio-api","message":"request","meta":{"method":"GET","path":"/api/settings","status":200}}
{"ts":"2026-09-03T19:02:31.147Z","level":"info","service":"portfolio-api","message":"request","meta":{"method":"GET","path":"/api/about","status":200}}
{"ts":"2026-09-03T19:02:31.148Z","level":"info","service":"portfolio-api","message":"request","meta":{"method":"GET","path":"/api/research-interests","status":200}}
{"ts":"2026-09-03T19:02:31.148Z","level":"info","service":"portfolio-api","message":"request","meta":{"method":"GET","path":"/api/projects","status":200}}
{"ts":"2026-09-03T19:02:31.149Z","level":"info","service":"portfolio-api","message":"request","meta":{"method":"GET","path":"/api/publications","status":200}}
{"ts":"2026-09-03T19:02:31.190Z","level":"info","service":"portfolio-api","message":"request","meta":{"method":"GET","path":"/api/education","status":200}}
{"ts":"2026-09-03T19:02:31.447Z","level":"info","service":"portfolio-api","message":"request","meta":{"method":"GET","path":"/api/experience","status":200}}
{"ts":"2026-09-03T19:02:31.628Z","level":"info","service":"portfolio-api","message":"request","meta":{"method":"GET","path":"/api/internships","status":200}}
{"ts":"2026-09-03T19:02:31.637Z","level":"info","service":"portfolio-api","message":"request","meta":{"method":"GET","path":"/api/research-experience","status":200}}
{"ts":"2026-09-03T19:02:31.639Z","level":"info","service":"portfolio-api","message":"request","meta":{"method":"GET","path":"/api/skills","status":200}}
{"ts":"2026-09-03T19:02:31.641Z","level":"info","service":"portfolio-api","message":"request","meta":{"method":"GET","path":"/api/conferences","status":200}}
{"ts":"2026-09-03T19:02:31.669Z","level":"info","service":"portfolio-api","message":"request","meta":{"method":"GET","path":"/api/training","status":200}}
{"ts":"2026-09-03T19:02:31.936Z","level":"info","service":"portfolio-api","message":"request","meta":{"method":"GET","path":"/api/memberships","status":200}}
{"ts":"2026-09-03T19:02:32.110Z","level":"info","service":"portfolio-api","message":"request","meta":{"method":"GET","path":"/api/languages","status":200}}
{"ts":"2026-09-03T19:02:32.123Z","level":"info","service":"portfolio-api","message":"request","meta":{"method":"GET","path":"/api/recommendations","status":200}}
{"ts":"2026-09-03T19:02:32.124Z","level":"info","service":"portfolio-api","message":"request","meta":{"method":"GET","path":"/api/hobbies","status":200}}
{"ts":"2026-09-03T19:02:33.907Z","level":"info","service":"portfolio-api","message":"request","meta":{"method":"GET","path":"/api/settings","status":200}}
{"ts":"2026-09-03T19:02:38.921Z","level":"info","service":"portfolio-api","message":"request","meta":{"method":"PUT","path":"/api/training/eb6fe1930f8f5e6df633a6f1","status":200}}
{"ts":"2026-09-03T19:02:39.110Z","level":"info","service":"portfolio-api","message":"Record updated","meta":{"resource":"training","id":"eb6fe1930f8f5e6df633a6f1"}}
{"ts":"2026-09-03T19:02:39.609Z","level":"info","service":"portfolio-api","message":"request","meta":{"method":"GET","path":"/api/training/all","status":200}}
{"ts":"2026-09-03T19:02:39.868Z","level":"info","service":"portfolio-api","message":"request","meta":{"method":"GET","path":"/api/settings","status":200}}
{"ts":"2026-09-03T19:02:39.937Z","level":"info","service":"portfolio-api","message":"request","meta":{"method":"GET","path":"/api/about","status":200}}
{"ts":"2026-09-03T19:02:39.937Z","level":"info","service":"portfolio-api","message":"request","meta":{"method":"GET","path":"/api/research-interests","status":200}}
{"ts":"2026-09-03T19:02:39.938Z","level":"info","service":"portfolio-api","message":"request","meta":{"method":"GET","path":"/api/projects","status":200}}
{"ts":"2026-09-03T19:02:39.938Z","level":"info","service":"portfolio-api","message":"request","meta":{"method":"GET","path":"/api/publications","status":200}}
{"ts":"2026-09-03T19:02:40.106Z","level":"info","service":"portfolio-api","message":"request","meta":{"method":"GET","path":"/api/education","status":200}}
{"ts":"2026-09-03T19:02:40.355Z","level":"info","service":"portfolio-api","message":"request","meta":{"method":"GET","path":"/api/experience","status":200}}
{"ts":"2026-09-03T19:02:40.430Z","level":"info","service":"portfolio-api","message":"request","meta":{"method":"GET","path":"/api/internships","status":200}}
{"ts":"2026-09-03T19:02:40.430Z","level":"info","service":"portfolio-api","message":"request","meta":{"method":"GET","path":"/api/research-experience","status":200}}
{"ts":"2026-09-03T19:02:40.431Z","level":"info","service":"portfolio-api","message":"request","meta":{"method":"GET","path":"/api/skills","status":200}}
{"ts":"2026-09-03T19:02:40.431Z","level":"info","service":"portfolio-api","message":"request","meta":{"method":"GET","path":"/api/conferences","status":200}}
{"ts":"2026-09-03T19:02:40.617Z","level":"info","service":"portfolio-api","message":"request","meta":{"method":"GET","path":"/api/training","status":200}}
{"ts":"2026-09-03T19:02:40.845Z","level":"info","service":"portfolio-api","message":"request","meta":{"method":"GET","path":"/api/memberships","status":200}}
{"ts":"2026-09-03T19:02:40.913Z","level":"info","service":"portfolio-api","message":"request","meta":{"method":"GET","path":"/api/languages","status":200}}
{"ts":"2026-09-03T19:02:40.914Z","level":"info","service":"portfolio-api","message":"request","meta":{"method":"GET","path":"/api/hobbies","status":200}}
{"ts":"2026-09-03T19:02:40.918Z","level":"info","service":"portfolio-api","message":"request","meta":{"method":"GET","path":"/api/recommendations","status":200}}
{"ts":"2026-09-03T19:02:42.181Z","level":"info","service":"portfolio-api","message":"request","meta":{"method":"GET","path":"/api/settings","status":200}}
{"ts":"2026-09-03T19:02:48.009Z","level":"info","service":"portfolio-api","message":"request","meta":{"method":"PUT","path":"/api/training/d663195b08f8d6ee0920391f","status":200}}
{"ts":"2026-09-03T19:02:48.185Z","level":"info","service":"portfolio-api","message":"Record updated","meta":{"resource":"training","id":"d663195b08f8d6ee0920391f"}}
{"ts":"2026-09-03T19:02:48.673Z","level":"info","service":"portfolio-api","message":"request","meta":{"method":"GET","path":"/api/training/all","status":200}}
{"ts":"2026-09-03T19:02:48.971Z","level":"info","service":"portfolio-api","message":"request","meta":{"method":"GET","path":"/api/settings","status":200}}
{"ts":"2026-09-03T19:02:49.275Z","level":"info","service":"portfolio-api","message":"request","meta":{"method":"GET","path":"/api/about","status":200}}
{"ts":"2026-09-03T19:02:49.276Z","level":"info","service":"portfolio-api","message":"request","meta":{"method":"GET","path":"/api/research-interests","status":200}}
{"ts":"2026-09-03T19:02:49.277Z","level":"info","service":"portfolio-api","message":"request","meta":{"method":"GET","path":"/api/projects","status":200}}
{"ts":"2026-09-03T19:02:49.277Z","level":"info","service":"portfolio-api","message":"request","meta":{"method":"GET","path":"/api/publications","status":200}}
{"ts":"2026-09-03T19:02:49.278Z","level":"info","service":"portfolio-api","message":"request","meta":{"method":"GET","path":"/api/education","status":200}}
{"ts":"2026-09-03T19:02:49.453Z","level":"info","service":"portfolio-api","message":"request","meta":{"method":"GET","path":"/api/experience","status":200}}
{"ts":"2026-09-03T19:02:49.761Z","level":"info","service":"portfolio-api","message":"request","meta":{"method":"GET","path":"/api/internships","status":200}}
{"ts":"2026-09-03T19:02:49.762Z","level":"info","service":"portfolio-api","message":"request","meta":{"method":"GET","path":"/api/research-experience","status":200}}
{"ts":"2026-09-03T19:02:49.764Z","level":"info","service":"portfolio-api","message":"request","meta":{"method":"GET","path":"/api/skills","status":200}}
{"ts":"2026-09-03T19:02:49.767Z","level":"info","service":"portfolio-api","message":"request","meta":{"method":"GET","path":"/api/conferences","status":200}}
{"ts":"2026-09-03T19:02:49.770Z","level":"info","service":"portfolio-api","message":"request","meta":{"method":"GET","path":"/api/training","status":200}}
{"ts":"2026-09-03T19:02:49.933Z","level":"info","service":"portfolio-api","message":"request","meta":{"method":"GET","path":"/api/memberships","status":200}}
{"ts":"2026-09-03T19:02:50.243Z","level":"info","service":"portfolio-api","message":"request","meta":{"method":"GET","path":"/api/languages","status":200}}
{"ts":"2026-09-03T19:02:50.257Z","level":"info","service":"portfolio-api","message":"request","meta":{"method":"GET","path":"/api/recommendations","status":200}}
{"ts":"2026-09-03T19:02:50.258Z","level":"info","service":"portfolio-api","message":"request","meta":{"method":"GET","path":"/api/hobbies","status":200}}
{"ts":"2026-09-03T19:02:53.251Z","level":"info","service":"portfolio-api","message":"request","meta":{"method":"GET","path":"/api/settings","status":200}}
{"ts":"2026-09-03T19:02:58.513Z","level":"info","service":"portfolio-api","message":"request","meta":{"method":"PUT","path":"/api/training/419e3178d4ae39fd526f1ff4","status":200}}
{"ts":"2026-09-03T19:02:58.702Z","level":"info","service":"portfolio-api","message":"Record updated","meta":{"resource":"training","id":"419e3178d4ae39fd526f1ff4"}}
{"ts":"2026-09-03T19:02:59.198Z","level":"info","service":"portfolio-api","message":"request","meta":{"method":"GET","path":"/api/training/all","status":200}}
{"ts":"2026-09-03T19:02:59.457Z","level":"info","service":"portfolio-api","message":"request","meta":{"method":"GET","path":"/api/settings","status":200}}
{"ts":"2026-09-03T19:02:59.475Z","level":"info","service":"portfolio-api","message":"request","meta":{"method":"GET","path":"/api/about","status":200}}
{"ts":"2026-09-03T19:02:59.476Z","level":"info","service":"portfolio-api","message":"request","meta":{"method":"GET","path":"/api/research-interests","status":200}}
{"ts":"2026-09-03T19:02:59.476Z","level":"info","service":"portfolio-api","message":"request","meta":{"method":"GET","path":"/api/projects","status":200}}
{"ts":"2026-09-03T19:02:59.476Z","level":"info","service":"portfolio-api","message":"request","meta":{"method":"GET","path":"/api/publications","status":200}}
{"ts":"2026-09-03T19:02:59.693Z","level":"info","service":"portfolio-api","message":"request","meta":{"method":"GET","path":"/api/education","status":200}}
{"ts":"2026-09-03T19:02:59.955Z","level":"info","service":"portfolio-api","message":"request","meta":{"method":"GET","path":"/api/experience","status":200}}
{"ts":"2026-09-03T19:02:59.957Z","level":"info","service":"portfolio-api","message":"request","meta":{"method":"GET","path":"/api/internships","status":200}}
{"ts":"2026-09-03T19:02:59.959Z","level":"info","service":"portfolio-api","message":"request","meta":{"method":"GET","path":"/api/research-experience","status":200}}
{"ts":"2026-09-03T19:02:59.966Z","level":"info","service":"portfolio-api","message":"request","meta":{"method":"GET","path":"/api/skills","status":200}}
{"ts":"2026-09-03T19:02:59.969Z","level":"info","service":"portfolio-api","message":"request","meta":{"method":"GET","path":"/api/conferences","status":200}}
{"ts":"2026-09-03T19:03:00.178Z","level":"info","service":"portfolio-api","message":"request","meta":{"method":"GET","path":"/api/training","status":200}}
{"ts":"2026-09-03T19:03:00.443Z","level":"info","service":"portfolio-api","message":"request","meta":{"method":"GET","path":"/api/memberships","status":200}}
{"ts":"2026-09-03T19:03:00.444Z","level":"info","service":"portfolio-api","message":"request","meta":{"method":"GET","path":"/api/languages","status":200}}
{"ts":"2026-09-03T19:03:00.445Z","level":"info","service":"portfolio-api","message":"request","meta":{"method":"GET","path":"/api/hobbies","status":200}}
{"ts":"2026-09-03T19:03:00.451Z","level":"info","service":"portfolio-api","message":"request","meta":{"method":"GET","path":"/api/recommendations","status":200}}
{"ts":"2026-09-03T19:03:07.228Z","level":"info","service":"portfolio-api","message":"request","meta":{"method":"GET","path":"/api/settings","status":200}}
{"ts":"2026-09-03T19:03:13.610Z","level":"info","service":"portfolio-api","message":"request","meta":{"method":"PUT","path":"/api/training/c1b272eb3985c952e3e342cb","status":200}}
{"ts":"2026-09-03T19:03:13.797Z","level":"info","service":"portfolio-api","message":"Record updated","meta":{"resource":"training","id":"c1b272eb3985c952e3e342cb"}}
{"ts":"2026-09-03T19:03:14.302Z","level":"info","service":"portfolio-api","message":"request","meta":{"method":"GET","path":"/api/training/all","status":200}}
{"ts":"2026-09-03T19:03:14.637Z","level":"info","service":"portfolio-api","message":"request","meta":{"method":"GET","path":"/api/settings","status":200}}
{"ts":"2026-09-03T19:03:14.946Z","level":"info","service":"portfolio-api","message":"request","meta":{"method":"GET","path":"/api/about","status":200}}
{"ts":"2026-09-03T19:03:14.946Z","level":"info","service":"portfolio-api","message":"request","meta":{"method":"GET","path":"/api/research-interests","status":200}}
{"ts":"2026-09-03T19:03:14.947Z","level":"info","service":"portfolio-api","message":"request","meta":{"method":"GET","path":"/api/projects","status":200}}
{"ts":"2026-09-03T19:03:14.947Z","level":"info","service":"portfolio-api","message":"request","meta":{"method":"GET","path":"/api/publications","status":200}}
{"ts":"2026-09-03T19:03:14.947Z","level":"info","service":"portfolio-api","message":"request","meta":{"method":"GET","path":"/api/education","status":200}}
{"ts":"2026-09-03T19:03:15.132Z","level":"info","service":"portfolio-api","message":"request","meta":{"method":"GET","path":"/api/experience","status":200}}
{"ts":"2026-09-03T19:03:15.429Z","level":"info","service":"portfolio-api","message":"request","meta":{"method":"GET","path":"/api/internships","status":200}}
{"ts":"2026-09-03T19:03:15.430Z","level":"info","service":"portfolio-api","message":"request","meta":{"method":"GET","path":"/api/research-experience","status":200}}
{"ts":"2026-09-03T19:03:15.430Z","level":"info","service":"portfolio-api","message":"request","meta":{"method":"GET","path":"/api/skills","status":200}}
{"ts":"2026-09-03T19:03:15.431Z","level":"info","service":"portfolio-api","message":"request","meta":{"method":"GET","path":"/api/conferences","status":200}}
{"ts":"2026-09-03T19:03:15.446Z","level":"info","service":"portfolio-api","message":"request","meta":{"method":"GET","path":"/api/training","status":200}}
{"ts":"2026-09-03T19:03:15.622Z","level":"info","service":"portfolio-api","message":"request","meta":{"method":"GET","path":"/api/memberships","status":200}}
{"ts":"2026-09-03T19:03:15.915Z","level":"info","service":"portfolio-api","message":"request","meta":{"method":"GET","path":"/api/languages","status":200}}
{"ts":"2026-09-03T19:03:15.916Z","level":"info","service":"portfolio-api","message":"request","meta":{"method":"GET","path":"/api/hobbies","status":200}}
{"ts":"2026-09-03T19:03:15.917Z","level":"info","service":"portfolio-api","message":"request","meta":{"method":"GET","path":"/api/recommendations","status":200}}
{"ts":"2026-09-03T19:03:21.860Z","level":"info","service":"portfolio-api","message":"request","meta":{"method":"GET","path":"/api/settings","status":200}}
{"ts":"2026-09-03T19:04:08.622Z","level":"info","service":"portfolio-api","message":"request","meta":{"method":"GET","path":"/api/settings","status":200}}
{"ts":"2026-09-03T19:06:28.364Z","level":"info","service":"portfolio-api","message":"request","meta":{"method":"GET","path":"/api/settings","status":200}}
{"ts":"2026-09-03T19:06:38.590Z","level":"info","service":"portfolio-api","message":"request","meta":{"method":"DELETE","path":"/api/training/80ee77b1d2324f7c88b38f7f","status":200}}
{"ts":"2026-09-03T19:06:38.777Z","level":"info","service":"portfolio-api","message":"Record deleted","meta":{"resource":"training","id":"80ee77b1d2324f7c88b38f7f"}}
{"ts":"2026-09-03T19:06:39.286Z","level":"info","service":"portfolio-api","message":"request","meta":{"method":"GET","path":"/api/training/all","status":200}}
{"ts":"2026-09-03T19:06:39.989Z","level":"info","service":"portfolio-api","message":"request","meta":{"method":"PATCH","path":"/api/training/792ca788469c92aeb0ffbff3","status":200}}
{"ts":"2026-09-03T19:06:40.683Z","level":"info","service":"portfolio-api","message":"request","meta":{"method":"GET","path":"/api/training/all","status":200}}
{"ts":"2026-09-03T19:06:44.604Z","level":"info","service":"portfolio-api","message":"request","meta":{"method":"GET","path":"/api/settings","status":200}}
{"ts":"2026-09-03T19:06:44.913Z","level":"info","service":"portfolio-api","message":"request","meta":{"method":"GET","path":"/api/about","status":200}}
{"ts":"2026-09-03T19:06:44.914Z","level":"info","service":"portfolio-api","message":"request","meta":{"method":"GET","path":"/api/research-interests","status":200}}
{"ts":"2026-09-03T19:06:44.915Z","level":"info","service":"portfolio-api","message":"request","meta":{"method":"GET","path":"/api/projects","status":200}}
{"ts":"2026-09-03T19:06:44.915Z","level":"info","service":"portfolio-api","message":"request","meta":{"method":"GET","path":"/api/publications","status":200}}
{"ts":"2026-09-03T19:06:44.916Z","level":"info","service":"portfolio-api","message":"request","meta":{"method":"GET","path":"/api/education","status":200}}
{"ts":"2026-09-03T19:06:45.093Z","level":"info","service":"portfolio-api","message":"request","meta":{"method":"GET","path":"/api/experience","status":200}}
{"ts":"2026-09-03T19:06:45.396Z","level":"info","service":"portfolio-api","message":"request","meta":{"method":"GET","path":"/api/internships","status":200}}
{"ts":"2026-09-03T19:06:45.397Z","level":"info","service":"portfolio-api","message":"request","meta":{"method":"GET","path":"/api/research-experience","status":200}}
{"ts":"2026-09-03T19:06:45.398Z","level":"info","service":"portfolio-api","message":"request","meta":{"method":"GET","path":"/api/skills","status":200}}
{"ts":"2026-09-03T19:06:45.399Z","level":"info","service":"portfolio-api","message":"request","meta":{"method":"GET","path":"/api/conferences","status":200}}
{"ts":"2026-09-03T19:06:45.417Z","level":"info","service":"portfolio-api","message":"request","meta":{"method":"GET","path":"/api/training","status":200}}
{"ts":"2026-09-03T19:06:45.577Z","level":"info","service":"portfolio-api","message":"request","meta":{"method":"GET","path":"/api/memberships","status":200}}
{"ts":"2026-09-03T19:06:45.892Z","level":"info","service":"portfolio-api","message":"request","meta":{"method":"GET","path":"/api/languages","status":200}}
{"ts":"2026-09-03T19:06:45.894Z","level":"info","service":"portfolio-api","message":"request","meta":{"method":"GET","path":"/api/hobbies","status":200}}
{"ts":"2026-09-03T19:06:45.894Z","level":"info","service":"portfolio-api","message":"request","meta":{"method":"GET","path":"/api/recommendations","status":200}}
{"ts":"2026-09-03T19:06:51.732Z","level":"info","service":"portfolio-api","message":"request","meta":{"method":"GET","path":"/api/settings","status":200}}
{"ts":"2026-09-03T19:06:54.160Z","level":"info","service":"portfolio-api","message":"request","meta":{"method":"GET","path":"/api/settings","status":200}}
{"ts":"2026-09-03T19:06:54.468Z","level":"info","service":"portfolio-api","message":"request","meta":{"method":"GET","path":"/api/about","status":200}}
{"ts":"2026-09-03T19:06:54.469Z","level":"info","service":"portfolio-api","message":"request","meta":{"method":"GET","path":"/api/research-interests","status":200}}
{"ts":"2026-09-03T19:06:54.469Z","level":"info","service":"portfolio-api","message":"request","meta":{"method":"GET","path":"/api/projects","status":200}}
{"ts":"2026-09-03T19:06:54.470Z","level":"info","service":"portfolio-api","message":"request","meta":{"method":"GET","path":"/api/publications","status":200}}
{"ts":"2026-09-03T19:06:54.471Z","level":"info","service":"portfolio-api","message":"request","meta":{"method":"GET","path":"/api/education","status":200}}
{"ts":"2026-09-03T19:06:54.663Z","level":"info","service":"portfolio-api","message":"request","meta":{"method":"GET","path":"/api/experience","status":200}}
{"ts":"2026-09-03T19:06:54.958Z","level":"info","service":"portfolio-api","message":"request","meta":{"method":"GET","path":"/api/internships","status":200}}
{"ts":"2026-09-03T19:06:54.958Z","level":"info","service":"portfolio-api","message":"request","meta":{"method":"GET","path":"/api/research-experience","status":200}}
{"ts":"2026-09-03T19:06:54.966Z","level":"info","service":"portfolio-api","message":"request","meta":{"method":"GET","path":"/api/conferences","status":200}}
{"ts":"2026-09-03T19:06:54.966Z","level":"info","service":"portfolio-api","message":"request","meta":{"method":"GET","path":"/api/skills","status":200}}
{"ts":"2026-09-03T19:06:54.970Z","level":"info","service":"portfolio-api","message":"request","meta":{"method":"GET","path":"/api/training","status":200}}
{"ts":"2026-09-03T19:06:55.157Z","level":"info","service":"portfolio-api","message":"request","meta":{"method":"GET","path":"/api/memberships","status":200}}
{"ts":"2026-09-03T19:06:55.454Z","level":"info","service":"portfolio-api","message":"request","meta":{"method":"GET","path":"/api/languages","status":200}}
{"ts":"2026-09-03T19:06:55.455Z","level":"info","service":"portfolio-api","message":"request","meta":{"method":"GET","path":"/api/hobbies","status":200}}
{"ts":"2026-09-03T19:06:55.455Z","level":"info","service":"portfolio-api","message":"request","meta":{"method":"GET","path":"/api/recommendations","status":200}}
{"ts":"2026-09-03T19:06:57.453Z","level":"info","service":"portfolio-api","message":"request","meta":{"method":"GET","path":"/api/settings","status":200}}
{"ts":"2026-09-03T19:07:46.667Z","level":"info","service":"portfolio-api","message":"request","meta":{"method":"GET","path":"/api/settings","status":200}}
{"ts":"2026-09-03T19:07:50.920Z","level":"info","service":"portfolio-api","message":"request","meta":{"method":"GET","path":"/api/settings","status":200}}
{"ts":"2026-09-03T19:07:50.920Z","level":"info","service":"portfolio-api","message":"request","meta":{"method":"GET","path":"/api/about","status":200}}
{"ts":"2026-09-03T19:07:50.921Z","level":"info","service":"portfolio-api","message":"request","meta":{"method":"GET","path":"/api/research-interests","status":200}}
{"ts":"2026-09-03T19:07:50.921Z","level":"info","service":"portfolio-api","message":"request","meta":{"method":"GET","path":"/api/projects","status":200}}
{"ts":"2026-09-03T19:07:50.923Z","level":"info","service":"portfolio-api","message":"request","meta":{"method":"GET","path":"/api/publications","status":200}}
{"ts":"2026-09-03T19:07:50.924Z","level":"info","service":"portfolio-api","message":"request","meta":{"method":"GET","path":"/api/education","status":200}}
{"ts":"2026-09-03T19:07:51.404Z","level":"info","service":"portfolio-api","message":"request","meta":{"method":"GET","path":"/api/experience","status":200}}
{"ts":"2026-09-03T19:07:51.405Z","level":"info","service":"portfolio-api","message":"request","meta":{"method":"GET","path":"/api/internships","status":200}}
{"ts":"2026-09-03T19:07:51.406Z","level":"info","service":"portfolio-api","message":"request","meta":{"method":"GET","path":"/api/research-experience","status":200}}
{"ts":"2026-09-03T19:07:51.407Z","level":"info","service":"portfolio-api","message":"request","meta":{"method":"GET","path":"/api/skills","status":200}}
{"ts":"2026-09-03T19:07:51.409Z","level":"info","service":"portfolio-api","message":"request","meta":{"method":"GET","path":"/api/conferences","status":200}}
{"ts":"2026-09-03T19:07:51.412Z","level":"info","service":"portfolio-api","message":"request","meta":{"method":"GET","path":"/api/training","status":200}}
{"ts":"2026-09-03T19:07:51.886Z","level":"info","service":"portfolio-api","message":"request","meta":{"method":"GET","path":"/api/languages","status":200}}
{"ts":"2026-09-03T19:07:51.886Z","level":"info","service":"portfolio-api","message":"request","meta":{"method":"GET","path":"/api/memberships","status":200}}
{"ts":"2026-09-03T19:07:51.892Z","level":"info","service":"portfolio-api","message":"request","meta":{"method":"GET","path":"/api/recommendations","status":200}}
{"ts":"2026-09-03T19:07:51.893Z","level":"info","service":"portfolio-api","message":"request","meta":{"method":"GET","path":"/api/hobbies","status":200}}
{"ts":"2026-09-03T19:07:55.834Z","level":"info","service":"portfolio-api","message":"request","meta":{"method":"GET","path":"/api/settings","status":200}}
{"ts":"2026-09-03T19:08:33.409Z","level":"info","service":"portfolio-api","message":"request","meta":{"method":"GET","path":"/api/settings","status":200}}
{"ts":"2026-09-03T19:08:33.725Z","level":"info","service":"portfolio-api","message":"request","meta":{"method":"GET","path":"/api/about","status":200}}
{"ts":"2026-09-03T19:08:33.726Z","level":"info","service":"portfolio-api","message":"request","meta":{"method":"GET","path":"/api/research-interests","status":200}}
{"ts":"2026-09-03T19:08:33.726Z","level":"info","service":"portfolio-api","message":"request","meta":{"method":"GET","path":"/api/projects","status":200}}
{"ts":"2026-09-03T19:08:33.727Z","level":"info","service":"portfolio-api","message":"request","meta":{"method":"GET","path":"/api/publications","status":200}}
{"ts":"2026-09-03T19:08:33.727Z","level":"info","service":"portfolio-api","message":"request","meta":{"method":"GET","path":"/api/education","status":200}}
{"ts":"2026-09-03T19:08:33.906Z","level":"info","service":"portfolio-api","message":"request","meta":{"method":"GET","path":"/api/experience","status":200}}
{"ts":"2026-09-03T19:08:34.208Z","level":"info","service":"portfolio-api","message":"request","meta":{"method":"GET","path":"/api/internships","status":200}}
{"ts":"2026-09-03T19:08:34.210Z","level":"info","service":"portfolio-api","message":"request","meta":{"method":"GET","path":"/api/research-experience","status":200}}
{"ts":"2026-09-03T19:08:34.211Z","level":"info","service":"portfolio-api","message":"request","meta":{"method":"GET","path":"/api/skills","status":200}}
{"ts":"2026-09-03T19:08:34.211Z","level":"info","service":"portfolio-api","message":"request","meta":{"method":"GET","path":"/api/conferences","status":200}}
{"ts":"2026-09-03T19:08:34.227Z","level":"info","service":"portfolio-api","message":"request","meta":{"method":"GET","path":"/api/training","status":200}}
{"ts":"2026-09-03T19:08:34.400Z","level":"info","service":"portfolio-api","message":"request","meta":{"method":"GET","path":"/api/memberships","status":200}}
{"ts":"2026-09-03T19:08:34.695Z","level":"info","service":"portfolio-api","message":"request","meta":{"method":"GET","path":"/api/languages","status":200}}
{"ts":"2026-09-03T19:08:34.697Z","level":"info","service":"portfolio-api","message":"request","meta":{"method":"GET","path":"/api/hobbies","status":200}}
{"ts":"2026-09-03T19:08:34.698Z","level":"info","service":"portfolio-api","message":"request","meta":{"method":"GET","path":"/api/recommendations","status":200}}
{"ts":"2026-09-03T19:08:34.705Z","level":"info","service":"portfolio-api","message":"request","meta":{"method":"GET","path":"/api/settings","status":200}}
{"ts":"2026-09-03T19:08:35.636Z","level":"info","service":"portfolio-api","message":"request","meta":{"method":"GET","path":"/api/media","status":200}}
{"ts":"2026-09-03T19:08:40.760Z","level":"info","service":"portfolio-api","message":"request","meta":{"method":"POST","path":"/api/media","status":200}}
{"ts":"2026-09-03T19:08:41.483Z","level":"info","service":"portfolio-api","message":"request","meta":{"method":"GET","path":"/api/media","status":200}}
{"ts":"2026-09-03T19:08:41.754Z","level":"info","service":"portfolio-api","message":"request","meta":{"method":"GET","path":"/uploads/screenshot-2026-09-04-005235-1788462520762-b4cf191f.png","status":200}}
{"ts":"2026-09-03T19:08:48.604Z","level":"info","service":"portfolio-api","message":"request","meta":{"method":"POST","path":"/api/media","status":200}}
{"ts":"2026-09-03T19:08:49.303Z","level":"info","service":"portfolio-api","message":"request","meta":{"method":"GET","path":"/api/media","status":200}}
{"ts":"2026-09-03T19:08:49.559Z","level":"info","service":"portfolio-api","message":"request","meta":{"method":"GET","path":"/uploads/screenshot-2026-09-04-005309-1788462528605-cb3a655b.png","status":200}}
{"ts":"2026-09-03T19:08:51.937Z","level":"info","service":"portfolio-api","message":"request","meta":{"method":"POST","path":"/api/media","status":200}}
{"ts":"2026-09-03T19:08:52.629Z","level":"info","service":"portfolio-api","message":"request","meta":{"method":"GET","path":"/api/media","status":200}}
{"ts":"2026-09-03T19:08:52.883Z","level":"info","service":"portfolio-api","message":"request","meta":{"method":"GET","path":"/uploads/screenshot-2026-09-04-005323-1788462531938-68001cd8.png","status":200}}
{"ts":"2026-09-03T19:09:02.433Z","level":"info","service":"portfolio-api","message":"request","meta":{"method":"GET","path":"/api/training/all","status":200}}
{"ts":"2026-09-03T19:09:12.443Z","level":"info","service":"portfolio-api","message":"request","meta":{"method":"GET","path":"/api/settings","status":200}}
{"ts":"2026-09-03T19:09:24.309Z","level":"info","service":"portfolio-api","message":"request","meta":{"method":"GET","path":"/api/settings","status":200}}
{"ts":"2026-09-03T19:09:26.703Z","level":"info","service":"portfolio-api","message":"request","meta":{"method":"GET","path":"/api/media","status":200}}
{"ts":"2026-09-03T19:09:29.527Z","level":"info","service":"portfolio-api","message":"request","meta":{"method":"PUT","path":"/api/training/64a322bf0cf2e81b2843ff23","status":200}}
{"ts":"2026-09-03T19:09:29.715Z","level":"info","service":"portfolio-api","message":"Record updated","meta":{"resource":"training","id":"64a322bf0cf2e81b2843ff23"}}
{"ts":"2026-09-03T19:09:29.910Z","level":"info","service":"portfolio-api","message":"request","meta":{"method":"GET","path":"/api/training/all","status":200}}
{"ts":"2026-09-03T19:09:50.931Z","level":"info","service":"portfolio-api","message":"request","meta":{"method":"GET","path":"/api/settings","status":200}}
{"ts":"2026-09-03T19:10:21.802Z","level":"info","service":"portfolio-api","message":"request","meta":{"method":"PUT","path":"/api/training/de8f729bfce636e5ae704ddd","status":200}}
{"ts":"2026-09-03T19:10:21.991Z","level":"info","service":"portfolio-api","message":"Record updated","meta":{"resource":"training","id":"de8f729bfce636e5ae704ddd"}}
{"ts":"2026-09-03T19:10:22.489Z","level":"info","service":"portfolio-api","message":"request","meta":{"method":"GET","path":"/api/training/all","status":200}}
{"ts":"2026-09-03T19:10:25.724Z","level":"info","service":"portfolio-api","message":"request","meta":{"method":"GET","path":"/api/settings","status":200}}
{"ts":"2026-09-03T19:10:26.041Z","level":"info","service":"portfolio-api","message":"request","meta":{"method":"GET","path":"/api/about","status":200}}
{"ts":"2026-09-03T19:10:26.042Z","level":"info","service":"portfolio-api","message":"request","meta":{"method":"GET","path":"/api/research-interests","status":200}}
{"ts":"2026-09-03T19:10:26.042Z","level":"info","service":"portfolio-api","message":"request","meta":{"method":"GET","path":"/api/projects","status":200}}
{"ts":"2026-09-03T19:10:26.043Z","level":"info","service":"portfolio-api","message":"request","meta":{"method":"GET","path":"/api/publications","status":200}}
{"ts":"2026-09-03T19:10:26.043Z","level":"info","service":"portfolio-api","message":"request","meta":{"method":"GET","path":"/api/education","status":200}}
{"ts":"2026-09-03T19:10:26.224Z","level":"info","service":"portfolio-api","message":"request","meta":{"method":"GET","path":"/api/experience","status":200}}
{"ts":"2026-09-03T19:10:26.523Z","level":"info","service":"portfolio-api","message":"request","meta":{"method":"GET","path":"/api/internships","status":200}}
{"ts":"2026-09-03T19:10:26.523Z","level":"info","service":"portfolio-api","message":"request","meta":{"method":"GET","path":"/api/research-experience","status":200}}
{"ts":"2026-09-03T19:10:26.524Z","level":"info","service":"portfolio-api","message":"request","meta":{"method":"GET","path":"/api/skills","status":200}}
{"ts":"2026-09-03T19:10:26.524Z","level":"info","service":"portfolio-api","message":"request","meta":{"method":"GET","path":"/api/conferences","status":200}}
{"ts":"2026-09-03T19:10:26.528Z","level":"info","service":"portfolio-api","message":"request","meta":{"method":"GET","path":"/api/training","status":200}}
{"ts":"2026-09-03T19:10:26.717Z","level":"info","service":"portfolio-api","message":"request","meta":{"method":"GET","path":"/api/memberships","status":200}}
{"ts":"2026-09-03T19:10:27.014Z","level":"info","service":"portfolio-api","message":"request","meta":{"method":"GET","path":"/api/languages","status":200}}
{"ts":"2026-09-03T19:10:27.015Z","level":"info","service":"portfolio-api","message":"request","meta":{"method":"GET","path":"/api/hobbies","status":200}}
{"ts":"2026-09-03T19:10:27.017Z","level":"info","service":"portfolio-api","message":"request","meta":{"method":"GET","path":"/api/recommendations","status":200}}
{"ts":"2026-09-03T19:10:43.849Z","level":"info","service":"portfolio-api","message":"request","meta":{"method":"GET","path":"/api/settings","status":200}}
{"ts":"2026-09-03T19:10:51.787Z","level":"info","service":"portfolio-api","message":"request","meta":{"method":"PUT","path":"/api/training/7d7e848e878df9d2fcb4c5f5","status":200}}
{"ts":"2026-09-03T19:10:51.985Z","level":"info","service":"portfolio-api","message":"Record updated","meta":{"resource":"training","id":"7d7e848e878df9d2fcb4c5f5"}}
{"ts":"2026-09-03T19:10:52.493Z","level":"info","service":"portfolio-api","message":"request","meta":{"method":"GET","path":"/api/training/all","status":200}}
{"ts":"2026-09-03T19:10:52.956Z","level":"info","service":"portfolio-api","message":"request","meta":{"method":"GET","path":"/api/settings","status":200}}
{"ts":"2026-09-03T19:10:53.263Z","level":"info","service":"portfolio-api","message":"request","meta":{"method":"GET","path":"/api/about","status":200}}
{"ts":"2026-09-03T19:10:53.263Z","level":"info","service":"portfolio-api","message":"request","meta":{"method":"GET","path":"/api/research-interests","status":200}}
{"ts":"2026-09-03T19:10:53.264Z","level":"info","service":"portfolio-api","message":"request","meta":{"method":"GET","path":"/api/projects","status":200}}
{"ts":"2026-09-03T19:10:53.264Z","level":"info","service":"portfolio-api","message":"request","meta":{"method":"GET","path":"/api/publications","status":200}}
{"ts":"2026-09-03T19:10:53.264Z","level":"info","service":"portfolio-api","message":"request","meta":{"method":"GET","path":"/api/education","status":200}}
{"ts":"2026-09-03T19:10:53.445Z","level":"info","service":"portfolio-api","message":"request","meta":{"method":"GET","path":"/api/experience","status":200}}
{"ts":"2026-09-03T19:10:53.743Z","level":"info","service":"portfolio-api","message":"request","meta":{"method":"GET","path":"/api/internships","status":200}}
{"ts":"2026-09-03T19:10:53.744Z","level":"info","service":"portfolio-api","message":"request","meta":{"method":"GET","path":"/api/research-experience","status":200}}
{"ts":"2026-09-03T19:10:53.745Z","level":"info","service":"portfolio-api","message":"request","meta":{"method":"GET","path":"/api/skills","status":200}}
{"ts":"2026-09-03T19:10:53.747Z","level":"info","service":"portfolio-api","message":"request","meta":{"method":"GET","path":"/api/conferences","status":200}}
{"ts":"2026-09-03T19:10:53.757Z","level":"info","service":"portfolio-api","message":"request","meta":{"method":"GET","path":"/api/training","status":200}}
{"ts":"2026-09-03T19:10:53.927Z","level":"info","service":"portfolio-api","message":"request","meta":{"method":"GET","path":"/api/memberships","status":200}}
{"ts":"2026-09-03T19:10:54.230Z","level":"info","service":"portfolio-api","message":"request","meta":{"method":"GET","path":"/api/languages","status":200}}
{"ts":"2026-09-03T19:10:54.231Z","level":"info","service":"portfolio-api","message":"request","meta":{"method":"GET","path":"/api/hobbies","status":200}}
{"ts":"2026-09-03T19:10:54.231Z","level":"info","service":"portfolio-api","message":"request","meta":{"method":"GET","path":"/api/recommendations","status":200}}
{"ts":"2026-09-03T19:10:57.284Z","level":"info","service":"portfolio-api","message":"request","meta":{"method":"GET","path":"/api/settings","status":200}}
{"ts":"2026-09-03T19:10:57.285Z","level":"info","service":"portfolio-api","message":"request","meta":{"method":"GET","path":"/api/about","status":200}}
{"ts":"2026-09-03T19:10:57.592Z","level":"info","service":"portfolio-api","message":"request","meta":{"method":"GET","path":"/api/research-interests","status":200}}
{"ts":"2026-09-03T19:10:57.593Z","level":"info","service":"portfolio-api","message":"request","meta":{"method":"GET","path":"/api/projects","status":200}}
{"ts":"2026-09-03T19:10:57.593Z","level":"info","service":"portfolio-api","message":"request","meta":{"method":"GET","path":"/api/publications","status":200}}
{"ts":"2026-09-03T19:10:57.593Z","level":"info","service":"portfolio-api","message":"request","meta":{"method":"GET","path":"/api/education","status":200}}
{"ts":"2026-09-03T19:10:57.767Z","level":"info","service":"portfolio-api","message":"request","meta":{"method":"GET","path":"/api/experience","status":200}}
{"ts":"2026-09-03T19:10:57.778Z","level":"info","service":"portfolio-api","message":"request","meta":{"method":"GET","path":"/api/internships","status":200}}
{"ts":"2026-09-03T19:10:58.069Z","level":"info","service":"portfolio-api","message":"request","meta":{"method":"GET","path":"/api/research-experience","status":200}}
{"ts":"2026-09-03T19:10:58.073Z","level":"info","service":"portfolio-api","message":"request","meta":{"method":"GET","path":"/api/skills","status":200}}
{"ts":"2026-09-03T19:10:58.090Z","level":"info","service":"portfolio-api","message":"request","meta":{"method":"GET","path":"/api/training","status":200}}
{"ts":"2026-09-03T19:10:58.091Z","level":"info","service":"portfolio-api","message":"request","meta":{"method":"GET","path":"/api/conferences","status":200}}
{"ts":"2026-09-03T19:10:58.250Z","level":"info","service":"portfolio-api","message":"request","meta":{"method":"GET","path":"/api/memberships","status":200}}
{"ts":"2026-09-03T19:10:58.269Z","level":"info","service":"portfolio-api","message":"request","meta":{"method":"GET","path":"/api/languages","status":200}}
{"ts":"2026-09-03T19:10:58.556Z","level":"info","service":"portfolio-api","message":"request","meta":{"method":"GET","path":"/api/hobbies","status":200}}
{"ts":"2026-09-03T19:10:58.567Z","level":"info","service":"portfolio-api","message":"request","meta":{"method":"GET","path":"/api/recommendations","status":200}}
{"ts":"2026-09-03T19:11:05.851Z","level":"info","service":"portfolio-api","message":"request","meta":{"method":"GET","path":"/api/settings","status":200}}
{"ts":"2026-09-03T19:11:06.520Z","level":"info","service":"portfolio-api","message":"request","meta":{"method":"GET","path":"/api/memberships/all","status":200}}
{"ts":"2026-09-03T19:11:20.493Z","level":"info","service":"portfolio-api","message":"request","meta":{"method":"PUT","path":"/api/memberships/6f71b243cfe1c0acd7b0efca","status":200}}
{"ts":"2026-09-03T19:11:20.683Z","level":"info","service":"portfolio-api","message":"Record updated","meta":{"resource":"memberships","id":"6f71b243cfe1c0acd7b0efca"}}
{"ts":"2026-09-03T19:11:20.869Z","level":"info","service":"portfolio-api","message":"request","meta":{"method":"GET","path":"/api/memberships/all","status":200}}
{"ts":"2026-09-03T19:11:21.820Z","level":"info","service":"portfolio-api","message":"request","meta":{"method":"GET","path":"/api/settings","status":200}}
{"ts":"2026-09-03T19:11:21.820Z","level":"info","service":"portfolio-api","message":"request","meta":{"method":"GET","path":"/api/about","status":200}}
{"ts":"2026-09-03T19:11:21.821Z","level":"info","service":"portfolio-api","message":"request","meta":{"method":"GET","path":"/api/research-interests","status":200}}
{"ts":"2026-09-03T19:11:21.821Z","level":"info","service":"portfolio-api","message":"request","meta":{"method":"GET","path":"/api/projects","status":200}}
{"ts":"2026-09-03T19:11:21.821Z","level":"info","service":"portfolio-api","message":"request","meta":{"method":"GET","path":"/api/publications","status":200}}
{"ts":"2026-09-03T19:11:21.822Z","level":"info","service":"portfolio-api","message":"request","meta":{"method":"GET","path":"/api/education","status":200}}
{"ts":"2026-09-03T19:11:22.306Z","level":"info","service":"portfolio-api","message":"request","meta":{"method":"GET","path":"/api/experience","status":200}}
{"ts":"2026-09-03T19:11:22.308Z","level":"info","service":"portfolio-api","message":"request","meta":{"method":"GET","path":"/api/internships","status":200}}
{"ts":"2026-09-03T19:11:22.309Z","level":"info","service":"portfolio-api","message":"request","meta":{"method":"GET","path":"/api/research-experience","status":200}}
{"ts":"2026-09-03T19:11:22.311Z","level":"info","service":"portfolio-api","message":"request","meta":{"method":"GET","path":"/api/skills","status":200}}
{"ts":"2026-09-03T19:11:22.313Z","level":"info","service":"portfolio-api","message":"request","meta":{"method":"GET","path":"/api/conferences","status":200}}
{"ts":"2026-09-03T19:11:22.314Z","level":"info","service":"portfolio-api","message":"request","meta":{"method":"GET","path":"/api/training","status":200}}
{"ts":"2026-09-03T19:11:22.796Z","level":"info","service":"portfolio-api","message":"request","meta":{"method":"GET","path":"/api/memberships","status":200}}
{"ts":"2026-09-03T19:11:22.797Z","level":"info","service":"portfolio-api","message":"request","meta":{"method":"GET","path":"/api/languages","status":200}}
{"ts":"2026-09-03T19:11:22.798Z","level":"info","service":"portfolio-api","message":"request","meta":{"method":"GET","path":"/api/hobbies","status":200}}
{"ts":"2026-09-03T19:11:22.798Z","level":"info","service":"portfolio-api","message":"request","meta":{"method":"GET","path":"/api/recommendations","status":200}}
{"ts":"2026-09-03T19:11:28.125Z","level":"info","service":"portfolio-api","message":"request","meta":{"method":"GET","path":"/api/settings","status":200}}
{"ts":"2026-09-03T19:11:28.765Z","level":"info","service":"portfolio-api","message":"request","meta":{"method":"GET","path":"/api/languages/all","status":200}}
{"ts":"2026-09-03T19:11:39.522Z","level":"info","service":"portfolio-api","message":"request","meta":{"method":"PUT","path":"/api/languages/037c54cca3175c7ea449ba81","status":200}}
{"ts":"2026-09-03T19:11:39.713Z","level":"info","service":"portfolio-api","message":"Record updated","meta":{"resource":"languages","id":"037c54cca3175c7ea449ba81"}}
{"ts":"2026-09-03T19:11:39.913Z","level":"info","service":"portfolio-api","message":"request","meta":{"method":"GET","path":"/api/languages/all","status":200}}
{"ts":"2026-09-03T19:11:44.166Z","level":"info","service":"portfolio-api","message":"request","meta":{"method":"PUT","path":"/api/languages/a81bfd9e35914cca9711fbf3","status":200}}
{"ts":"2026-09-03T19:11:44.353Z","level":"info","service":"portfolio-api","message":"Record updated","meta":{"resource":"languages","id":"a81bfd9e35914cca9711fbf3"}}
{"ts":"2026-09-03T19:11:44.548Z","level":"info","service":"portfolio-api","message":"request","meta":{"method":"GET","path":"/api/languages/all","status":200}}
{"ts":"2026-09-03T19:11:49.904Z","level":"info","service":"portfolio-api","message":"request","meta":{"method":"PUT","path":"/api/languages/5ad42a1051188ba5903d0bca","status":200}}
{"ts":"2026-09-03T19:11:50.094Z","level":"info","service":"portfolio-api","message":"Record updated","meta":{"resource":"languages","id":"5ad42a1051188ba5903d0bca"}}
{"ts":"2026-09-03T19:11:50.290Z","level":"info","service":"portfolio-api","message":"request","meta":{"method":"GET","path":"/api/languages/all","status":200}}
{"ts":"2026-09-03T19:11:50.912Z","level":"info","service":"portfolio-api","message":"request","meta":{"method":"GET","path":"/api/settings","status":200}}
{"ts":"2026-09-03T19:11:50.913Z","level":"info","service":"portfolio-api","message":"request","meta":{"method":"GET","path":"/api/about","status":200}}
{"ts":"2026-09-03T19:11:50.913Z","level":"info","service":"portfolio-api","message":"request","meta":{"method":"GET","path":"/api/research-interests","status":200}}
{"ts":"2026-09-03T19:11:50.913Z","level":"info","service":"portfolio-api","message":"request","meta":{"method":"GET","path":"/api/projects","status":200}}
{"ts":"2026-09-03T19:11:50.913Z","level":"info","service":"portfolio-api","message":"request","meta":{"method":"GET","path":"/api/publications","status":200}}
{"ts":"2026-09-03T19:11:50.914Z","level":"info","service":"portfolio-api","message":"request","meta":{"method":"GET","path":"/api/education","status":200}}
{"ts":"2026-09-03T19:11:51.394Z","level":"info","service":"portfolio-api","message":"request","meta":{"method":"GET","path":"/api/experience","status":200}}
{"ts":"2026-09-03T19:11:51.405Z","level":"info","service":"portfolio-api","message":"request","meta":{"method":"GET","path":"/api/internships","status":200}}
{"ts":"2026-09-03T19:11:51.406Z","level":"info","service":"portfolio-api","message":"request","meta":{"method":"GET","path":"/api/research-experience","status":200}}
{"ts":"2026-09-03T19:11:51.407Z","level":"info","service":"portfolio-api","message":"request","meta":{"method":"GET","path":"/api/skills","status":200}}
{"ts":"2026-09-03T19:11:51.408Z","level":"info","service":"portfolio-api","message":"request","meta":{"method":"GET","path":"/api/conferences","status":200}}
{"ts":"2026-09-03T19:11:51.411Z","level":"info","service":"portfolio-api","message":"request","meta":{"method":"GET","path":"/api/training","status":200}}
{"ts":"2026-09-03T19:11:51.895Z","level":"info","service":"portfolio-api","message":"request","meta":{"method":"GET","path":"/api/memberships","status":200}}
{"ts":"2026-09-03T19:11:51.898Z","level":"info","service":"portfolio-api","message":"request","meta":{"method":"GET","path":"/api/languages","status":200}}
{"ts":"2026-09-03T19:11:51.898Z","level":"info","service":"portfolio-api","message":"request","meta":{"method":"GET","path":"/api/hobbies","status":200}}
{"ts":"2026-09-03T19:11:51.900Z","level":"info","service":"portfolio-api","message":"request","meta":{"method":"GET","path":"/api/recommendations","status":200}}
{"ts":"2026-09-03T19:11:57.268Z","level":"info","service":"portfolio-api","message":"request","meta":{"method":"GET","path":"/api/settings","status":200}}
{"ts":"2026-09-03T19:11:57.771Z","level":"info","service":"portfolio-api","message":"request","meta":{"method":"GET","path":"/api/hobbies/all","status":200}}
{"ts":"2026-09-03T19:11:58.914Z","level":"info","service":"portfolio-api","message":"request","meta":{"method":"GET","path":"/api/settings","status":200}}
{"ts":"2026-09-03T19:11:58.915Z","level":"info","service":"portfolio-api","message":"request","meta":{"method":"GET","path":"/api/about","status":200}}
{"ts":"2026-09-03T19:11:58.915Z","level":"info","service":"portfolio-api","message":"request","meta":{"method":"GET","path":"/api/research-interests","status":200}}
{"ts":"2026-09-03T19:11:58.916Z","level":"info","service":"portfolio-api","message":"request","meta":{"method":"GET","path":"/api/projects","status":200}}
{"ts":"2026-09-03T19:11:58.916Z","level":"info","service":"portfolio-api","message":"request","meta":{"method":"GET","path":"/api/publications","status":200}}
{"ts":"2026-09-03T19:11:58.917Z","level":"info","service":"portfolio-api","message":"request","meta":{"method":"GET","path":"/api/education","status":200}}
{"ts":"2026-09-03T19:11:59.401Z","level":"info","service":"portfolio-api","message":"request","meta":{"method":"GET","path":"/api/experience","status":200}}
{"ts":"2026-09-03T19:11:59.402Z","level":"info","service":"portfolio-api","message":"request","meta":{"method":"GET","path":"/api/internships","status":200}}
{"ts":"2026-09-03T19:11:59.403Z","level":"info","service":"portfolio-api","message":"request","meta":{"method":"GET","path":"/api/research-experience","status":200}}
{"ts":"2026-09-03T19:11:59.404Z","level":"info","service":"portfolio-api","message":"request","meta":{"method":"GET","path":"/api/skills","status":200}}
{"ts":"2026-09-03T19:11:59.406Z","level":"info","service":"portfolio-api","message":"request","meta":{"method":"GET","path":"/api/conferences","status":200}}
{"ts":"2026-09-03T19:11:59.415Z","level":"info","service":"portfolio-api","message":"request","meta":{"method":"GET","path":"/api/training","status":200}}
{"ts":"2026-09-03T19:11:59.884Z","level":"info","service":"portfolio-api","message":"request","meta":{"method":"GET","path":"/api/memberships","status":200}}
{"ts":"2026-09-03T19:11:59.886Z","level":"info","service":"portfolio-api","message":"request","meta":{"method":"GET","path":"/api/languages","status":200}}
{"ts":"2026-09-03T19:11:59.887Z","level":"info","service":"portfolio-api","message":"request","meta":{"method":"GET","path":"/api/hobbies","status":200}}
{"ts":"2026-09-03T19:11:59.891Z","level":"info","service":"portfolio-api","message":"request","meta":{"method":"GET","path":"/api/recommendations","status":200}}
{"ts":"2026-09-03T19:12:01.148Z","level":"info","service":"portfolio-api","message":"request","meta":{"method":"GET","path":"/api/settings","status":200}}
{"ts":"2026-09-03T19:12:01.979Z","level":"info","service":"portfolio-api","message":"request","meta":{"method":"GET","path":"/api/recommendations/all","status":200}}
{"ts":"2026-09-03T19:12:06.259Z","level":"info","service":"portfolio-api","message":"request","meta":{"method":"GET","path":"/api/settings","status":200}}
{"ts":"2026-09-03T19:12:06.260Z","level":"info","service":"portfolio-api","message":"request","meta":{"method":"GET","path":"/api/about","status":200}}
{"ts":"2026-09-03T19:12:06.261Z","level":"info","service":"portfolio-api","message":"request","meta":{"method":"GET","path":"/api/research-interests","status":200}}
{"ts":"2026-09-03T19:12:06.262Z","level":"info","service":"portfolio-api","message":"request","meta":{"method":"GET","path":"/api/projects","status":200}}
{"ts":"2026-09-03T19:12:06.262Z","level":"info","service":"portfolio-api","message":"request","meta":{"method":"GET","path":"/api/publications","status":200}}
{"ts":"2026-09-03T19:12:06.263Z","level":"info","service":"portfolio-api","message":"request","meta":{"method":"GET","path":"/api/education","status":200}}
{"ts":"2026-09-03T19:12:06.757Z","level":"info","service":"portfolio-api","message":"request","meta":{"method":"GET","path":"/api/experience","status":200}}
{"ts":"2026-09-03T19:12:06.758Z","level":"info","service":"portfolio-api","message":"request","meta":{"method":"GET","path":"/api/internships","status":200}}
{"ts":"2026-09-03T19:12:06.759Z","level":"info","service":"portfolio-api","message":"request","meta":{"method":"GET","path":"/api/research-experience","status":200}}
{"ts":"2026-09-03T19:12:06.760Z","level":"info","service":"portfolio-api","message":"request","meta":{"method":"GET","path":"/api/skills","status":200}}
{"ts":"2026-09-03T19:12:06.761Z","level":"info","service":"portfolio-api","message":"request","meta":{"method":"GET","path":"/api/conferences","status":200}}
{"ts":"2026-09-03T19:12:06.763Z","level":"info","service":"portfolio-api","message":"request","meta":{"method":"GET","path":"/api/training","status":200}}
{"ts":"2026-09-03T19:12:07.238Z","level":"info","service":"portfolio-api","message":"request","meta":{"method":"GET","path":"/api/memberships","status":200}}
{"ts":"2026-09-03T19:12:07.239Z","level":"info","service":"portfolio-api","message":"request","meta":{"method":"GET","path":"/api/languages","status":200}}
{"ts":"2026-09-03T19:12:07.252Z","level":"info","service":"portfolio-api","message":"request","meta":{"method":"GET","path":"/api/hobbies","status":200}}
{"ts":"2026-09-03T19:12:07.252Z","level":"info","service":"portfolio-api","message":"request","meta":{"method":"GET","path":"/api/recommendations","status":200}}
{"ts":"2026-09-03T19:12:38.734Z","level":"info","service":"portfolio-api","message":"request","meta":{"method":"GET","path":"/api/settings","status":200}}
{"ts":"2026-09-03T19:12:38.735Z","level":"info","service":"portfolio-api","message":"request","meta":{"method":"GET","path":"/api/about","status":200}}
{"ts":"2026-09-03T19:12:38.736Z","level":"info","service":"portfolio-api","message":"request","meta":{"method":"GET","path":"/api/research-interests","status":200}}
{"ts":"2026-09-03T19:12:38.737Z","level":"info","service":"portfolio-api","message":"request","meta":{"method":"GET","path":"/api/projects","status":200}}
{"ts":"2026-09-03T19:12:38.737Z","level":"info","service":"portfolio-api","message":"request","meta":{"method":"GET","path":"/api/publications","status":200}}
{"ts":"2026-09-03T19:12:38.738Z","level":"info","service":"portfolio-api","message":"request","meta":{"method":"GET","path":"/api/education","status":200}}
{"ts":"2026-09-03T19:12:39.214Z","level":"info","service":"portfolio-api","message":"request","meta":{"method":"GET","path":"/api/experience","status":200}}
{"ts":"2026-09-03T19:12:39.225Z","level":"info","service":"portfolio-api","message":"request","meta":{"method":"GET","path":"/api/internships","status":200}}
{"ts":"2026-09-03T19:12:39.226Z","level":"info","service":"portfolio-api","message":"request","meta":{"method":"GET","path":"/api/research-experience","status":200}}
{"ts":"2026-09-03T19:12:39.227Z","level":"info","service":"portfolio-api","message":"request","meta":{"method":"GET","path":"/api/skills","status":200}}
{"ts":"2026-09-03T19:12:39.227Z","level":"info","service":"portfolio-api","message":"request","meta":{"method":"GET","path":"/api/conferences","status":200}}
{"ts":"2026-09-03T19:12:39.229Z","level":"info","service":"portfolio-api","message":"request","meta":{"method":"GET","path":"/api/training","status":200}}
{"ts":"2026-09-03T19:12:39.713Z","level":"info","service":"portfolio-api","message":"request","meta":{"method":"GET","path":"/api/memberships","status":200}}
{"ts":"2026-09-03T19:12:39.714Z","level":"info","service":"portfolio-api","message":"request","meta":{"method":"GET","path":"/api/languages","status":200}}
{"ts":"2026-09-03T19:12:39.715Z","level":"info","service":"portfolio-api","message":"request","meta":{"method":"GET","path":"/api/hobbies","status":200}}
{"ts":"2026-09-03T19:12:39.717Z","level":"info","service":"portfolio-api","message":"request","meta":{"method":"GET","path":"/api/recommendations","status":200}}
{"ts":"2026-09-03T19:12:41.561Z","level":"info","service":"portfolio-api","message":"request","meta":{"method":"GET","path":"/api/settings","status":200}}
{"ts":"2026-09-03T19:12:41.561Z","level":"info","service":"portfolio-api","message":"request","meta":{"method":"GET","path":"/api/about","status":200}}
{"ts":"2026-09-03T19:12:41.562Z","level":"info","service":"portfolio-api","message":"request","meta":{"method":"GET","path":"/api/research-interests","status":200}}
{"ts":"2026-09-03T19:12:41.563Z","level":"info","service":"portfolio-api","message":"request","meta":{"method":"GET","path":"/api/projects","status":200}}
{"ts":"2026-09-03T19:12:41.563Z","level":"info","service":"portfolio-api","message":"request","meta":{"method":"GET","path":"/api/publications","status":200}}
{"ts":"2026-09-03T19:12:41.564Z","level":"info","service":"portfolio-api","message":"request","meta":{"method":"GET","path":"/api/education","status":200}}
{"ts":"2026-09-03T19:12:42.044Z","level":"info","service":"portfolio-api","message":"request","meta":{"method":"GET","path":"/api/experience","status":200}}
{"ts":"2026-09-03T19:12:42.045Z","level":"info","service":"portfolio-api","message":"request","meta":{"method":"GET","path":"/api/internships","status":200}}
{"ts":"2026-09-03T19:12:42.047Z","level":"info","service":"portfolio-api","message":"request","meta":{"method":"GET","path":"/api/research-experience","status":200}}
{"ts":"2026-09-03T19:12:42.048Z","level":"info","service":"portfolio-api","message":"request","meta":{"method":"GET","path":"/api/skills","status":200}}
{"ts":"2026-09-03T19:12:42.058Z","level":"info","service":"portfolio-api","message":"request","meta":{"method":"GET","path":"/api/conferences","status":200}}
{"ts":"2026-09-03T19:12:42.058Z","level":"info","service":"portfolio-api","message":"request","meta":{"method":"GET","path":"/api/training","status":200}}
{"ts":"2026-09-03T19:12:42.529Z","level":"info","service":"portfolio-api","message":"request","meta":{"method":"GET","path":"/api/memberships","status":200}}
{"ts":"2026-09-03T19:12:42.530Z","level":"info","service":"portfolio-api","message":"request","meta":{"method":"GET","path":"/api/languages","status":200}}
{"ts":"2026-09-03T19:12:42.531Z","level":"info","service":"portfolio-api","message":"request","meta":{"method":"GET","path":"/api/hobbies","status":200}}
{"ts":"2026-09-03T19:12:42.533Z","level":"info","service":"portfolio-api","message":"request","meta":{"method":"GET","path":"/api/recommendations","status":200}}
{"ts":"2026-09-03T19:12:44.841Z","level":"info","service":"portfolio-api","message":"request","meta":{"method":"GET","path":"/api/settings","status":200}}
{"ts":"2026-09-03T19:12:44.842Z","level":"info","service":"portfolio-api","message":"request","meta":{"method":"GET","path":"/api/about","status":200}}
{"ts":"2026-09-03T19:12:44.843Z","level":"info","service":"portfolio-api","message":"request","meta":{"method":"GET","path":"/api/research-interests","status":200}}
{"ts":"2026-09-03T19:12:44.843Z","level":"info","service":"portfolio-api","message":"request","meta":{"method":"GET","path":"/api/projects","status":200}}
{"ts":"2026-09-03T19:12:44.844Z","level":"info","service":"portfolio-api","message":"request","meta":{"method":"GET","path":"/api/publications","status":200}}
{"ts":"2026-09-03T19:12:44.844Z","level":"info","service":"portfolio-api","message":"request","meta":{"method":"GET","path":"/api/education","status":200}}
{"ts":"2026-09-03T19:12:45.328Z","level":"info","service":"portfolio-api","message":"request","meta":{"method":"GET","path":"/api/experience","status":200}}
{"ts":"2026-09-03T19:12:45.329Z","level":"info","service":"portfolio-api","message":"request","meta":{"method":"GET","path":"/api/internships","status":200}}
{"ts":"2026-09-03T19:12:45.331Z","level":"info","service":"portfolio-api","message":"request","meta":{"method":"GET","path":"/api/research-experience","status":200}}
{"ts":"2026-09-03T19:12:45.332Z","level":"info","service":"portfolio-api","message":"request","meta":{"method":"GET","path":"/api/skills","status":200}}
{"ts":"2026-09-03T19:12:45.335Z","level":"info","service":"portfolio-api","message":"request","meta":{"method":"GET","path":"/api/conferences","status":200}}
{"ts":"2026-09-03T19:12:45.337Z","level":"info","service":"portfolio-api","message":"request","meta":{"method":"GET","path":"/api/training","status":200}}
{"ts":"2026-09-03T19:12:45.827Z","level":"info","service":"portfolio-api","message":"request","meta":{"method":"GET","path":"/api/memberships","status":200}}
{"ts":"2026-09-03T19:12:45.828Z","level":"info","service":"portfolio-api","message":"request","meta":{"method":"GET","path":"/api/languages","status":200}}
{"ts":"2026-09-03T19:12:45.829Z","level":"info","service":"portfolio-api","message":"request","meta":{"method":"GET","path":"/api/hobbies","status":200}}
{"ts":"2026-09-03T19:12:45.830Z","level":"info","service":"portfolio-api","message":"request","meta":{"method":"GET","path":"/api/recommendations","status":200}}
{"ts":"2026-09-03T19:13:12.091Z","level":"info","service":"portfolio-api","message":"request","meta":{"method":"GET","path":"/api/settings","status":200}}
{"ts":"2026-09-03T19:13:14.351Z","level":"info","service":"portfolio-api","message":"request","meta":{"method":"GET","path":"/api/settings","status":200}}
{"ts":"2026-09-03T19:13:48.294Z","level":"info","service":"portfolio-api","message":"request","meta":{"method":"GET","path":"/api/settings","status":200}}
{"ts":"2026-09-03T19:13:57.810Z","level":"info","service":"portfolio-api","message":"request","meta":{"method":"GET","path":"/api/settings","status":200}}
{"ts":"2026-09-03T19:13:58.117Z","level":"info","service":"portfolio-api","message":"request","meta":{"method":"GET","path":"/api/about","status":200}}
{"ts":"2026-09-03T19:13:58.118Z","level":"info","service":"portfolio-api","message":"request","meta":{"method":"GET","path":"/api/research-interests","status":200}}
{"ts":"2026-09-03T19:13:58.118Z","level":"info","service":"portfolio-api","message":"request","meta":{"method":"GET","path":"/api/projects","status":200}}
{"ts":"2026-09-03T19:13:58.118Z","level":"info","service":"portfolio-api","message":"request","meta":{"method":"GET","path":"/api/publications","status":200}}
{"ts":"2026-09-03T19:13:58.119Z","level":"info","service":"portfolio-api","message":"request","meta":{"method":"GET","path":"/api/education","status":200}}
{"ts":"2026-09-03T19:13:58.300Z","level":"info","service":"portfolio-api","message":"request","meta":{"method":"GET","path":"/api/experience","status":200}}
{"ts":"2026-09-03T19:13:58.600Z","level":"info","service":"portfolio-api","message":"request","meta":{"method":"GET","path":"/api/skills","status":200}}
{"ts":"2026-09-03T19:13:58.601Z","level":"info","service":"portfolio-api","message":"request","meta":{"method":"GET","path":"/api/internships","status":200}}
{"ts":"2026-09-03T19:13:58.602Z","level":"info","service":"portfolio-api","message":"request","meta":{"method":"GET","path":"/api/research-experience","status":200}}
{"ts":"2026-09-03T19:13:58.605Z","level":"info","service":"portfolio-api","message":"request","meta":{"method":"GET","path":"/api/conferences","status":200}}
{"ts":"2026-09-03T19:13:58.609Z","level":"info","service":"portfolio-api","message":"request","meta":{"method":"GET","path":"/api/training","status":200}}
{"ts":"2026-09-03T19:13:58.786Z","level":"info","service":"portfolio-api","message":"request","meta":{"method":"GET","path":"/api/memberships","status":200}}
{"ts":"2026-09-03T19:13:59.087Z","level":"info","service":"portfolio-api","message":"request","meta":{"method":"GET","path":"/api/languages","status":200}}
{"ts":"2026-09-03T19:13:59.088Z","level":"info","service":"portfolio-api","message":"request","meta":{"method":"GET","path":"/api/hobbies","status":200}}
{"ts":"2026-09-03T19:13:59.090Z","level":"info","service":"portfolio-api","message":"request","meta":{"method":"GET","path":"/api/recommendations","status":200}}
{"ts":"2026-09-03T19:14:05.901Z","level":"info","service":"portfolio-api","message":"request","meta":{"method":"GET","path":"/api/settings","status":200}}
{"ts":"2026-09-03T19:15:16.861Z","level":"info","service":"portfolio-api","message":"request","meta":{"method":"GET","path":"/api/settings","status":200}}
{"ts":"2026-09-03T19:16:04.533Z","level":"info","service":"portfolio-api","message":"request","meta":{"method":"PUT","path":"/api/settings","status":200}}
{"ts":"2026-09-03T19:16:13.672Z","level":"info","service":"portfolio-api","message":"request","meta":{"method":"GET","path":"/api/settings","status":200}}
{"ts":"2026-09-03T19:16:13.674Z","level":"info","service":"portfolio-api","message":"request","meta":{"method":"GET","path":"/api/about","status":200}}
{"ts":"2026-09-03T19:16:13.675Z","level":"info","service":"portfolio-api","message":"request","meta":{"method":"GET","path":"/api/research-interests","status":200}}
{"ts":"2026-09-03T19:16:13.677Z","level":"info","service":"portfolio-api","message":"request","meta":{"method":"GET","path":"/api/projects","status":200}}
{"ts":"2026-09-03T19:16:13.678Z","level":"info","service":"portfolio-api","message":"request","meta":{"method":"GET","path":"/api/publications","status":200}}
{"ts":"2026-09-03T19:16:13.680Z","level":"info","service":"portfolio-api","message":"request","meta":{"method":"GET","path":"/api/education","status":200}}
{"ts":"2026-09-03T19:16:14.157Z","level":"info","service":"portfolio-api","message":"request","meta":{"method":"GET","path":"/api/internships","status":200}}
{"ts":"2026-09-03T19:16:14.158Z","level":"info","service":"portfolio-api","message":"request","meta":{"method":"GET","path":"/api/experience","status":200}}
{"ts":"2026-09-03T19:16:14.172Z","level":"info","service":"portfolio-api","message":"request","meta":{"method":"GET","path":"/api/research-experience","status":200}}
{"ts":"2026-09-03T19:16:14.173Z","level":"info","service":"portfolio-api","message":"request","meta":{"method":"GET","path":"/api/skills","status":200}}
{"ts":"2026-09-03T19:16:14.173Z","level":"info","service":"portfolio-api","message":"request","meta":{"method":"GET","path":"/api/conferences","status":200}}
{"ts":"2026-09-03T19:16:14.174Z","level":"info","service":"portfolio-api","message":"request","meta":{"method":"GET","path":"/api/training","status":200}}
{"ts":"2026-09-03T19:16:14.641Z","level":"info","service":"portfolio-api","message":"request","meta":{"method":"GET","path":"/api/memberships","status":200}}
{"ts":"2026-09-03T19:16:14.642Z","level":"info","service":"portfolio-api","message":"request","meta":{"method":"GET","path":"/api/languages","status":200}}
{"ts":"2026-09-03T19:16:14.655Z","level":"info","service":"portfolio-api","message":"request","meta":{"method":"GET","path":"/api/hobbies","status":200}}
{"ts":"2026-09-03T19:16:14.657Z","level":"info","service":"portfolio-api","message":"request","meta":{"method":"GET","path":"/api/recommendations","status":200}}
{"ts":"2026-09-03T19:16:18.689Z","level":"info","service":"portfolio-api","message":"request","meta":{"method":"GET","path":"/api/settings","status":200}}
{"ts":"2026-09-03T19:16:18.859Z","level":"info","service":"portfolio-api","message":"request","meta":{"method":"GET","path":"/api/research-interests","status":200}}
{"ts":"2026-09-03T19:16:18.861Z","level":"info","service":"portfolio-api","message":"request","meta":{"method":"GET","path":"/api/projects","status":200}}
{"ts":"2026-09-03T19:16:18.862Z","level":"info","service":"portfolio-api","message":"request","meta":{"method":"GET","path":"/api/publications","status":200}}
{"ts":"2026-09-03T19:16:18.862Z","level":"info","service":"portfolio-api","message":"request","meta":{"method":"GET","path":"/api/education","status":200}}
{"ts":"2026-09-03T19:16:18.863Z","level":"info","service":"portfolio-api","message":"request","meta":{"method":"GET","path":"/api/experience","status":200}}
{"ts":"2026-09-03T19:16:19.164Z","level":"info","service":"portfolio-api","message":"request","meta":{"method":"GET","path":"/api/internships","status":200}}
{"ts":"2026-09-03T19:16:19.345Z","level":"info","service":"portfolio-api","message":"request","meta":{"method":"GET","path":"/api/research-experience","status":200}}
{"ts":"2026-09-03T19:16:19.346Z","level":"info","service":"portfolio-api","message":"request","meta":{"method":"GET","path":"/api/skills","status":200}}
{"ts":"2026-09-03T19:16:19.348Z","level":"info","service":"portfolio-api","message":"request","meta":{"method":"GET","path":"/api/conferences","status":200}}
{"ts":"2026-09-03T19:16:19.349Z","level":"info","service":"portfolio-api","message":"request","meta":{"method":"GET","path":"/api/training","status":200}}
{"ts":"2026-09-03T19:16:19.358Z","level":"info","service":"portfolio-api","message":"request","meta":{"method":"GET","path":"/api/memberships","status":200}}
{"ts":"2026-09-03T19:16:19.667Z","level":"info","service":"portfolio-api","message":"request","meta":{"method":"GET","path":"/api/languages","status":200}}
{"ts":"2026-09-03T19:16:19.839Z","level":"info","service":"portfolio-api","message":"request","meta":{"method":"GET","path":"/api/hobbies","status":200}}
{"ts":"2026-09-03T19:16:19.839Z","level":"info","service":"portfolio-api","message":"request","meta":{"method":"GET","path":"/api/recommendations","status":200}}
{"ts":"2026-09-03T19:16:19.840Z","level":"info","service":"portfolio-api","message":"request","meta":{"method":"GET","path":"/api/about","status":200}}
{"ts":"2026-09-03T19:16:19.840Z","level":"info","service":"portfolio-api","message":"request","meta":{"method":"GET","path":"/api/media","status":200}}
{"ts":"2026-09-03T19:16:19.851Z","level":"info","service":"portfolio-api","message":"request","meta":{"method":"GET","path":"/api/auth/me","status":200}}
{"ts":"2026-09-03T19:16:20.163Z","level":"info","service":"portfolio-api","message":"request","meta":{"method":"GET","path":"/api/auth/me","status":200}}
{"ts":"2026-09-03T19:16:27.451Z","level":"info","service":"portfolio-api","message":"request","meta":{"method":"GET","path":"/api/settings","status":200}}
{"ts":"2026-09-03T19:16:29.292Z","level":"info","service":"portfolio-api","message":"request","meta":{"method":"PUT","path":"/api/settings","status":200}}
{"ts":"2026-09-03T19:16:39.796Z","level":"info","service":"portfolio-api","message":"request","meta":{"method":"PUT","path":"/api/settings","status":200}}
{"ts":"2026-09-03T19:16:40.497Z","level":"info","service":"portfolio-api","message":"request","meta":{"method":"GET","path":"/api/settings","status":200}}
{"ts":"2026-09-03T19:16:42.067Z","level":"info","service":"portfolio-api","message":"request","meta":{"method":"GET","path":"/api/settings","status":200}}
{"ts":"2026-09-03T19:16:42.378Z","level":"info","service":"portfolio-api","message":"request","meta":{"method":"GET","path":"/api/about","status":200}}
{"ts":"2026-09-03T19:16:42.378Z","level":"info","service":"portfolio-api","message":"request","meta":{"method":"GET","path":"/api/research-interests","status":200}}
{"ts":"2026-09-03T19:16:42.379Z","level":"info","service":"portfolio-api","message":"request","meta":{"method":"GET","path":"/api/projects","status":200}}
{"ts":"2026-09-03T19:16:42.380Z","level":"info","service":"portfolio-api","message":"request","meta":{"method":"GET","path":"/api/publications","status":200}}
{"ts":"2026-09-03T19:16:42.382Z","level":"info","service":"portfolio-api","message":"request","meta":{"method":"GET","path":"/api/education","status":200}}
{"ts":"2026-09-03T19:16:42.552Z","level":"info","service":"portfolio-api","message":"request","meta":{"method":"GET","path":"/api/experience","status":200}}
{"ts":"2026-09-03T19:16:42.860Z","level":"info","service":"portfolio-api","message":"request","meta":{"method":"GET","path":"/api/internships","status":200}}
{"ts":"2026-09-03T19:16:42.875Z","level":"info","service":"portfolio-api","message":"request","meta":{"method":"GET","path":"/api/research-experience","status":200}}
{"ts":"2026-09-03T19:16:42.876Z","level":"info","service":"portfolio-api","message":"request","meta":{"method":"GET","path":"/api/skills","status":200}}
{"ts":"2026-09-03T19:16:42.879Z","level":"info","service":"portfolio-api","message":"request","meta":{"method":"GET","path":"/api/conferences","status":200}}
{"ts":"2026-09-03T19:16:42.880Z","level":"info","service":"portfolio-api","message":"request","meta":{"method":"GET","path":"/api/training","status":200}}
{"ts":"2026-09-03T19:16:43.044Z","level":"info","service":"portfolio-api","message":"request","meta":{"method":"GET","path":"/api/memberships","status":200}}
{"ts":"2026-09-03T19:16:43.357Z","level":"info","service":"portfolio-api","message":"request","meta":{"method":"GET","path":"/api/languages","status":200}}
{"ts":"2026-09-03T19:16:43.358Z","level":"info","service":"portfolio-api","message":"request","meta":{"method":"GET","path":"/api/hobbies","status":200}}
{"ts":"2026-09-03T19:16:43.359Z","level":"info","service":"portfolio-api","message":"request","meta":{"method":"GET","path":"/api/recommendations","status":200}}
{"ts":"2026-09-03T19:16:54.280Z","level":"info","service":"portfolio-api","message":"request","meta":{"method":"GET","path":"/api/settings","status":200}}
{"ts":"2026-09-03T19:16:54.281Z","level":"info","service":"portfolio-api","message":"request","meta":{"method":"GET","path":"/api/about","status":200}}
{"ts":"2026-09-03T19:16:54.283Z","level":"info","service":"portfolio-api","message":"request","meta":{"method":"GET","path":"/api/research-interests","status":200}}
{"ts":"2026-09-03T19:16:54.284Z","level":"info","service":"portfolio-api","message":"request","meta":{"method":"GET","path":"/api/projects","status":200}}
{"ts":"2026-09-03T19:16:54.285Z","level":"info","service":"portfolio-api","message":"request","meta":{"method":"GET","path":"/api/publications","status":200}}
{"ts":"2026-09-03T19:16:54.286Z","level":"info","service":"portfolio-api","message":"request","meta":{"method":"GET","path":"/api/education","status":200}}
{"ts":"2026-09-03T19:16:54.770Z","level":"info","service":"portfolio-api","message":"request","meta":{"method":"GET","path":"/api/experience","status":200}}
{"ts":"2026-09-03T19:16:54.771Z","level":"info","service":"portfolio-api","message":"request","meta":{"method":"GET","path":"/api/internships","status":200}}
{"ts":"2026-09-03T19:16:54.772Z","level":"info","service":"portfolio-api","message":"request","meta":{"method":"GET","path":"/api/research-experience","status":200}}
{"ts":"2026-09-03T19:16:54.772Z","level":"info","service":"portfolio-api","message":"request","meta":{"method":"GET","path":"/api/skills","status":200}}
{"ts":"2026-09-03T19:16:54.773Z","level":"info","service":"portfolio-api","message":"request","meta":{"method":"GET","path":"/api/conferences","status":200}}
{"ts":"2026-09-03T19:16:54.778Z","level":"info","service":"portfolio-api","message":"request","meta":{"method":"GET","path":"/api/training","status":200}}
{"ts":"2026-09-03T19:16:55.249Z","level":"info","service":"portfolio-api","message":"request","meta":{"method":"GET","path":"/api/memberships","status":200}}
{"ts":"2026-09-03T19:16:55.257Z","level":"info","service":"portfolio-api","message":"request","meta":{"method":"GET","path":"/api/languages","status":200}}
{"ts":"2026-09-03T19:16:55.258Z","level":"info","service":"portfolio-api","message":"request","meta":{"method":"GET","path":"/api/hobbies","status":200}}
{"ts":"2026-09-03T19:16:55.258Z","level":"info","service":"portfolio-api","message":"request","meta":{"method":"GET","path":"/api/recommendations","status":200}}
{"ts":"2026-09-03T19:16:59.482Z","level":"info","service":"portfolio-api","message":"request","meta":{"method":"GET","path":"/api/settings","status":200}}
{"ts":"2026-09-03T19:16:59.483Z","level":"info","service":"portfolio-api","message":"request","meta":{"method":"GET","path":"/api/about","status":200}}
{"ts":"2026-09-03T19:16:59.484Z","level":"info","service":"portfolio-api","message":"request","meta":{"method":"GET","path":"/api/research-interests","status":200}}
{"ts":"2026-09-03T19:16:59.486Z","level":"info","service":"portfolio-api","message":"request","meta":{"method":"GET","path":"/api/projects","status":200}}
{"ts":"2026-09-03T19:16:59.487Z","level":"info","service":"portfolio-api","message":"request","meta":{"method":"GET","path":"/api/publications","status":200}}
{"ts":"2026-09-03T19:16:59.489Z","level":"info","service":"portfolio-api","message":"request","meta":{"method":"GET","path":"/api/education","status":200}}
{"ts":"2026-09-03T19:16:59.967Z","level":"info","service":"portfolio-api","message":"request","meta":{"method":"GET","path":"/api/research-experience","status":200}}
{"ts":"2026-09-03T19:16:59.968Z","level":"info","service":"portfolio-api","message":"request","meta":{"method":"GET","path":"/api/experience","status":200}}
{"ts":"2026-09-03T19:16:59.968Z","level":"info","service":"portfolio-api","message":"request","meta":{"method":"GET","path":"/api/internships","status":200}}
{"ts":"2026-09-03T19:16:59.971Z","level":"info","service":"portfolio-api","message":"request","meta":{"method":"GET","path":"/api/skills","status":200}}
{"ts":"2026-09-03T19:16:59.972Z","level":"info","service":"portfolio-api","message":"request","meta":{"method":"GET","path":"/api/conferences","status":200}}
{"ts":"2026-09-03T19:16:59.978Z","level":"info","service":"portfolio-api","message":"request","meta":{"method":"GET","path":"/api/training","status":200}}
{"ts":"2026-09-03T19:17:00.458Z","level":"info","service":"portfolio-api","message":"request","meta":{"method":"GET","path":"/api/memberships","status":200}}
{"ts":"2026-09-03T19:17:00.459Z","level":"info","service":"portfolio-api","message":"request","meta":{"method":"GET","path":"/api/languages","status":200}}
{"ts":"2026-09-03T19:17:00.461Z","level":"info","service":"portfolio-api","message":"request","meta":{"method":"GET","path":"/api/hobbies","status":200}}
{"ts":"2026-09-03T19:17:00.463Z","level":"info","service":"portfolio-api","message":"request","meta":{"method":"GET","path":"/api/recommendations","status":200}}
{"ts":"2026-09-03T19:17:02.210Z","level":"info","service":"portfolio-api","message":"request","meta":{"method":"GET","path":"/api/settings","status":200}}
{"ts":"2026-09-03T19:17:02.211Z","level":"info","service":"portfolio-api","message":"request","meta":{"method":"GET","path":"/api/about","status":200}}
{"ts":"2026-09-03T19:17:02.212Z","level":"info","service":"portfolio-api","message":"request","meta":{"method":"GET","path":"/api/research-interests","status":200}}
{"ts":"2026-09-03T19:17:02.213Z","level":"info","service":"portfolio-api","message":"request","meta":{"method":"GET","path":"/api/projects","status":200}}
{"ts":"2026-09-03T19:17:02.213Z","level":"info","service":"portfolio-api","message":"request","meta":{"method":"GET","path":"/api/publications","status":200}}
{"ts":"2026-09-03T19:17:02.214Z","level":"info","service":"portfolio-api","message":"request","meta":{"method":"GET","path":"/api/education","status":200}}
{"ts":"2026-09-03T19:17:02.709Z","level":"info","service":"portfolio-api","message":"request","meta":{"method":"GET","path":"/api/experience","status":200}}
{"ts":"2026-09-03T19:17:02.710Z","level":"info","service":"portfolio-api","message":"request","meta":{"method":"GET","path":"/api/internships","status":200}}
{"ts":"2026-09-03T19:17:02.710Z","level":"info","service":"portfolio-api","message":"request","meta":{"method":"GET","path":"/api/research-experience","status":200}}
{"ts":"2026-09-03T19:17:02.711Z","level":"info","service":"portfolio-api","message":"request","meta":{"method":"GET","path":"/api/skills","status":200}}
{"ts":"2026-09-03T19:17:02.712Z","level":"info","service":"portfolio-api","message":"request","meta":{"method":"GET","path":"/api/conferences","status":200}}
{"ts":"2026-09-03T19:17:02.712Z","level":"info","service":"portfolio-api","message":"request","meta":{"method":"GET","path":"/api/training","status":200}}
{"ts":"2026-09-03T19:17:03.198Z","level":"info","service":"portfolio-api","message":"request","meta":{"method":"GET","path":"/api/memberships","status":200}}
{"ts":"2026-09-03T19:17:03.200Z","level":"info","service":"portfolio-api","message":"request","meta":{"method":"GET","path":"/api/languages","status":200}}
{"ts":"2026-09-03T19:17:03.201Z","level":"info","service":"portfolio-api","message":"request","meta":{"method":"GET","path":"/api/hobbies","status":200}}
{"ts":"2026-09-03T19:17:03.201Z","level":"info","service":"portfolio-api","message":"request","meta":{"method":"GET","path":"/api/recommendations","status":200}}
{"ts":"2026-09-03T19:17:13.576Z","level":"info","service":"portfolio-api","message":"request","meta":{"method":"GET","path":"/api/settings","status":200}}
{"ts":"2026-09-03T19:17:19.028Z","level":"info","service":"portfolio-api","message":"request","meta":{"method":"GET","path":"/api/settings","status":200}}
{"ts":"2026-09-03T19:17:34.707Z","level":"info","service":"portfolio-api","message":"request","meta":{"method":"PUT","path":"/api/settings","status":200}}
{"ts":"2026-09-03T19:17:35.091Z","level":"info","service":"portfolio-api","message":"request","meta":{"method":"GET","path":"/api/settings","status":200}}
{"ts":"2026-09-03T19:17:35.928Z","level":"info","service":"portfolio-api","message":"request","meta":{"method":"GET","path":"/api/settings","status":200}}
{"ts":"2026-09-03T19:17:45.629Z","level":"info","service":"portfolio-api","message":"request","meta":{"method":"GET","path":"/api/research-interests","status":200}}
{"ts":"2026-09-03T19:17:45.937Z","level":"info","service":"portfolio-api","message":"request","meta":{"method":"GET","path":"/api/projects","status":200}}
{"ts":"2026-09-03T19:17:45.938Z","level":"info","service":"portfolio-api","message":"request","meta":{"method":"GET","path":"/api/internships","status":200}}
{"ts":"2026-09-03T19:17:45.939Z","level":"info","service":"portfolio-api","message":"request","meta":{"method":"GET","path":"/api/publications","status":200}}
{"ts":"2026-09-03T19:17:45.939Z","level":"info","service":"portfolio-api","message":"request","meta":{"method":"GET","path":"/api/education","status":200}}
{"ts":"2026-09-03T19:17:45.939Z","level":"info","service":"portfolio-api","message":"request","meta":{"method":"GET","path":"/api/experience","status":200}}
{"ts":"2026-09-03T19:17:46.117Z","level":"info","service":"portfolio-api","message":"request","meta":{"method":"GET","path":"/api/research-experience","status":200}}
{"ts":"2026-09-03T19:17:46.422Z","level":"info","service":"portfolio-api","message":"request","meta":{"method":"GET","path":"/api/skills","status":200}}
{"ts":"2026-09-03T19:17:46.423Z","level":"info","service":"portfolio-api","message":"request","meta":{"method":"GET","path":"/api/conferences","status":200}}
{"ts":"2026-09-03T19:17:46.424Z","level":"info","service":"portfolio-api","message":"request","meta":{"method":"GET","path":"/api/training","status":200}}
{"ts":"2026-09-03T19:17:46.426Z","level":"info","service":"portfolio-api","message":"request","meta":{"method":"GET","path":"/api/memberships","status":200}}
{"ts":"2026-09-03T19:17:46.432Z","level":"info","service":"portfolio-api","message":"request","meta":{"method":"GET","path":"/api/languages","status":200}}
{"ts":"2026-09-03T19:17:46.604Z","level":"info","service":"portfolio-api","message":"request","meta":{"method":"GET","path":"/api/hobbies","status":200}}
{"ts":"2026-09-03T19:17:46.906Z","level":"info","service":"portfolio-api","message":"request","meta":{"method":"GET","path":"/api/recommendations","status":200}}
{"ts":"2026-09-03T19:17:46.907Z","level":"info","service":"portfolio-api","message":"request","meta":{"method":"GET","path":"/api/about","status":200}}
{"ts":"2026-09-03T19:17:46.908Z","level":"info","service":"portfolio-api","message":"request","meta":{"method":"GET","path":"/api/settings","status":200}}
{"ts":"2026-09-03T19:17:47.618Z","level":"info","service":"portfolio-api","message":"request","meta":{"method":"GET","path":"/api/publications","status":200}}
{"ts":"2026-09-03T19:17:48.221Z","level":"info","service":"portfolio-api","message":"request","meta":{"method":"GET","path":"/api/research-interests","status":200}}
{"ts":"2026-09-03T19:17:48.536Z","level":"info","service":"portfolio-api","message":"request","meta":{"method":"GET","path":"/api/projects","status":200}}
{"ts":"2026-09-03T19:17:48.536Z","level":"info","service":"portfolio-api","message":"request","meta":{"method":"GET","path":"/api/publications","status":200}}
{"ts":"2026-09-03T19:17:48.537Z","level":"info","service":"portfolio-api","message":"request","meta":{"method":"GET","path":"/api/education","status":200}}
{"ts":"2026-09-03T19:17:48.538Z","level":"info","service":"portfolio-api","message":"request","meta":{"method":"GET","path":"/api/experience","status":200}}
{"ts":"2026-09-03T19:17:48.539Z","level":"info","service":"portfolio-api","message":"request","meta":{"method":"GET","path":"/api/internships","status":200}}
{"ts":"2026-09-03T19:17:48.718Z","level":"info","service":"portfolio-api","message":"request","meta":{"method":"GET","path":"/api/research-experience","status":200}}
{"ts":"2026-09-03T19:17:49.013Z","level":"info","service":"portfolio-api","message":"request","meta":{"method":"GET","path":"/api/conferences","status":200}}
{"ts":"2026-09-03T19:17:49.014Z","level":"info","service":"portfolio-api","message":"request","meta":{"method":"GET","path":"/api/skills","status":200}}
{"ts":"2026-09-03T19:17:49.021Z","level":"info","service":"portfolio-api","message":"request","meta":{"method":"GET","path":"/api/memberships","status":200}}
{"ts":"2026-09-03T19:17:49.022Z","level":"info","service":"portfolio-api","message":"request","meta":{"method":"GET","path":"/api/training","status":200}}
{"ts":"2026-09-03T19:17:49.041Z","level":"info","service":"portfolio-api","message":"request","meta":{"method":"GET","path":"/api/languages","status":200}}
{"ts":"2026-09-03T19:17:49.205Z","level":"info","service":"portfolio-api","message":"request","meta":{"method":"GET","path":"/api/hobbies","status":200}}
{"ts":"2026-09-03T19:17:49.501Z","level":"info","service":"portfolio-api","message":"request","meta":{"method":"GET","path":"/api/recommendations","status":200}}
{"ts":"2026-09-03T19:17:49.502Z","level":"info","service":"portfolio-api","message":"request","meta":{"method":"GET","path":"/api/about","status":200}}
{"ts":"2026-09-03T19:17:49.509Z","level":"info","service":"portfolio-api","message":"request","meta":{"method":"GET","path":"/api/settings","status":200}}
{"ts":"2026-09-03T19:17:50.086Z","level":"info","service":"portfolio-api","message":"request","meta":{"method":"GET","path":"/api/projects/ae716cb9039c51e5a8ae81b6","status":200}}
{"ts":"2026-09-03T19:17:50.087Z","level":"info","service":"portfolio-api","message":"request","meta":{"method":"GET","path":"/api/publications","status":200}}
{"ts":"2026-09-03T19:17:57.442Z","level":"info","service":"portfolio-api","message":"request","meta":{"method":"GET","path":"/api/research-interests","status":200}}
{"ts":"2026-09-03T19:17:57.751Z","level":"info","service":"portfolio-api","message":"request","meta":{"method":"GET","path":"/api/projects","status":200}}
{"ts":"2026-09-03T19:17:57.752Z","level":"info","service":"portfolio-api","message":"request","meta":{"method":"GET","path":"/api/publications","status":200}}
{"ts":"2026-09-03T19:17:57.753Z","level":"info","service":"portfolio-api","message":"request","meta":{"method":"GET","path":"/api/education","status":200}}
{"ts":"2026-09-03T19:17:57.754Z","level":"info","service":"portfolio-api","message":"request","meta":{"method":"GET","path":"/api/experience","status":200}}
{"ts":"2026-09-03T19:17:57.754Z","level":"info","service":"portfolio-api","message":"request","meta":{"method":"GET","path":"/api/internships","status":200}}
{"ts":"2026-09-03T19:17:57.933Z","level":"info","service":"portfolio-api","message":"request","meta":{"method":"GET","path":"/api/research-experience","status":200}}
{"ts":"2026-09-03T19:17:58.249Z","level":"info","service":"portfolio-api","message":"request","meta":{"method":"GET","path":"/api/skills","status":200}}
{"ts":"2026-09-03T19:17:58.250Z","level":"info","service":"portfolio-api","message":"request","meta":{"method":"GET","path":"/api/conferences","status":200}}
{"ts":"2026-09-03T19:17:58.250Z","level":"info","service":"portfolio-api","message":"request","meta":{"method":"GET","path":"/api/training","status":200}}
{"ts":"2026-09-03T19:17:58.251Z","level":"info","service":"portfolio-api","message":"request","meta":{"method":"GET","path":"/api/memberships","status":200}}
{"ts":"2026-09-03T19:17:58.251Z","level":"info","service":"portfolio-api","message":"request","meta":{"method":"GET","path":"/api/languages","status":200}}
{"ts":"2026-09-03T19:17:58.416Z","level":"info","service":"portfolio-api","message":"request","meta":{"method":"GET","path":"/api/hobbies","status":200}}
{"ts":"2026-09-03T19:17:58.740Z","level":"info","service":"portfolio-api","message":"request","meta":{"method":"GET","path":"/api/recommendations","status":200}}
{"ts":"2026-09-03T19:17:58.741Z","level":"info","service":"portfolio-api","message":"request","meta":{"method":"GET","path":"/api/about","status":200}}
{"ts":"2026-09-03T19:17:58.743Z","level":"info","service":"portfolio-api","message":"request","meta":{"method":"GET","path":"/api/settings","status":200}}
{"ts":"2026-09-03T19:17:59.001Z","level":"info","service":"portfolio-api","message":"request","meta":{"method":"GET","path":"/api/publications","status":200}}
{"ts":"2026-09-03T19:17:59.001Z","level":"info","service":"portfolio-api","message":"request","meta":{"method":"GET","path":"/api/projects/7c139a0d5575add9dd5617a5","status":200}}
{"ts":"2026-09-03T19:18:02.574Z","level":"info","service":"portfolio-api","message":"request","meta":{"method":"GET","path":"/api/research-interests","status":200}}
{"ts":"2026-09-03T19:18:02.574Z","level":"info","service":"portfolio-api","message":"request","meta":{"method":"GET","path":"/api/projects","status":200}}
{"ts":"2026-09-03T19:18:02.575Z","level":"info","service":"portfolio-api","message":"request","meta":{"method":"GET","path":"/api/publications","status":200}}
{"ts":"2026-09-03T19:18:02.575Z","level":"info","service":"portfolio-api","message":"request","meta":{"method":"GET","path":"/api/education","status":200}}
{"ts":"2026-09-03T19:18:02.575Z","level":"info","service":"portfolio-api","message":"request","meta":{"method":"GET","path":"/api/experience","status":200}}
{"ts":"2026-09-03T19:18:02.576Z","level":"info","service":"portfolio-api","message":"request","meta":{"method":"GET","path":"/api/internships","status":200}}
{"ts":"2026-09-03T19:18:03.054Z","level":"info","service":"portfolio-api","message":"request","meta":{"method":"GET","path":"/api/research-experience","status":200}}
{"ts":"2026-09-03T19:18:03.065Z","level":"info","service":"portfolio-api","message":"request","meta":{"method":"GET","path":"/api/skills","status":200}}
{"ts":"2026-09-03T19:18:03.067Z","level":"info","service":"portfolio-api","message":"request","meta":{"method":"GET","path":"/api/conferences","status":200}}
{"ts":"2026-09-03T19:18:03.069Z","level":"info","service":"portfolio-api","message":"request","meta":{"method":"GET","path":"/api/training","status":200}}
{"ts":"2026-09-03T19:18:03.070Z","level":"info","service":"portfolio-api","message":"request","meta":{"method":"GET","path":"/api/memberships","status":200}}
{"ts":"2026-09-03T19:18:03.072Z","level":"info","service":"portfolio-api","message":"request","meta":{"method":"GET","path":"/api/languages","status":200}}
{"ts":"2026-09-03T19:18:03.552Z","level":"info","service":"portfolio-api","message":"request","meta":{"method":"GET","path":"/api/hobbies","status":200}}
{"ts":"2026-09-03T19:18:03.552Z","level":"info","service":"portfolio-api","message":"request","meta":{"method":"GET","path":"/api/recommendations","status":200}}
{"ts":"2026-09-03T19:18:03.553Z","level":"info","service":"portfolio-api","message":"request","meta":{"method":"GET","path":"/api/about","status":200}}
{"ts":"2026-09-03T19:18:03.553Z","level":"info","service":"portfolio-api","message":"request","meta":{"method":"GET","path":"/api/settings","status":200}}
{"ts":"2026-09-03T19:18:04.492Z","level":"info","service":"portfolio-api","message":"request","meta":{"method":"GET","path":"/api/projects/5d1b4226cb4c08863ab5021e","status":200}}
{"ts":"2026-09-03T19:18:04.493Z","level":"info","service":"portfolio-api","message":"request","meta":{"method":"GET","path":"/api/publications","status":200}}
{"ts":"2026-09-03T19:18:07.466Z","level":"info","service":"portfolio-api","message":"request","meta":{"method":"GET","path":"/api/research-interests","status":200}}
{"ts":"2026-09-03T19:18:07.781Z","level":"info","service":"portfolio-api","message":"request","meta":{"method":"GET","path":"/api/projects","status":200}}
{"ts":"2026-09-03T19:18:07.781Z","level":"info","service":"portfolio-api","message":"request","meta":{"method":"GET","path":"/api/publications","status":200}}
{"ts":"2026-09-03T19:18:07.782Z","level":"info","service":"portfolio-api","message":"request","meta":{"method":"GET","path":"/api/education","status":200}}
{"ts":"2026-09-03T19:18:07.782Z","level":"info","service":"portfolio-api","message":"request","meta":{"method":"GET","path":"/api/experience","status":200}}
{"ts":"2026-09-03T19:18:07.782Z","level":"info","service":"portfolio-api","message":"request","meta":{"method":"GET","path":"/api/internships","status":200}}
{"ts":"2026-09-03T19:18:07.960Z","level":"info","service":"portfolio-api","message":"request","meta":{"method":"GET","path":"/api/research-experience","status":200}}
{"ts":"2026-09-03T19:18:08.257Z","level":"info","service":"portfolio-api","message":"request","meta":{"method":"GET","path":"/api/skills","status":200}}
{"ts":"2026-09-03T19:18:08.264Z","level":"info","service":"portfolio-api","message":"request","meta":{"method":"GET","path":"/api/conferences","status":200}}
{"ts":"2026-09-03T19:18:08.265Z","level":"info","service":"portfolio-api","message":"request","meta":{"method":"GET","path":"/api/training","status":200}}
{"ts":"2026-09-03T19:18:08.266Z","level":"info","service":"portfolio-api","message":"request","meta":{"method":"GET","path":"/api/memberships","status":200}}
{"ts":"2026-09-03T19:18:08.266Z","level":"info","service":"portfolio-api","message":"request","meta":{"method":"GET","path":"/api/languages","status":200}}
{"ts":"2026-09-03T19:18:08.442Z","level":"info","service":"portfolio-api","message":"request","meta":{"method":"GET","path":"/api/hobbies","status":200}}
{"ts":"2026-09-03T19:18:08.745Z","level":"info","service":"portfolio-api","message":"request","meta":{"method":"GET","path":"/api/settings","status":200}}
{"ts":"2026-09-03T19:18:08.746Z","level":"info","service":"portfolio-api","message":"request","meta":{"method":"GET","path":"/api/recommendations","status":200}}
{"ts":"2026-09-03T19:18:08.746Z","level":"info","service":"portfolio-api","message":"request","meta":{"method":"GET","path":"/api/about","status":200}}
{"ts":"2026-09-03T19:18:09.281Z","level":"info","service":"portfolio-api","message":"request","meta":{"method":"GET","path":"/api/projects/a180ac31726240174e463c19","status":200}}
{"ts":"2026-09-03T19:18:09.283Z","level":"info","service":"portfolio-api","message":"request","meta":{"method":"GET","path":"/api/publications","status":200}}
{"ts":"2026-09-03T19:18:13.380Z","level":"info","service":"portfolio-api","message":"request","meta":{"method":"GET","path":"/api/research-interests","status":200}}
{"ts":"2026-09-03T19:18:13.700Z","level":"info","service":"portfolio-api","message":"request","meta":{"method":"GET","path":"/api/projects","status":200}}
{"ts":"2026-09-03T19:18:13.700Z","level":"info","service":"portfolio-api","message":"request","meta":{"method":"GET","path":"/api/publications","status":200}}
{"ts":"2026-09-03T19:18:13.701Z","level":"info","service":"portfolio-api","message":"request","meta":{"method":"GET","path":"/api/education","status":200}}
{"ts":"2026-09-03T19:18:13.702Z","level":"info","service":"portfolio-api","message":"request","meta":{"method":"GET","path":"/api/experience","status":200}}
{"ts":"2026-09-03T19:18:13.703Z","level":"info","service":"portfolio-api","message":"request","meta":{"method":"GET","path":"/api/internships","status":200}}
{"ts":"2026-09-03T19:18:13.859Z","level":"info","service":"portfolio-api","message":"request","meta":{"method":"GET","path":"/api/research-experience","status":200}}
{"ts":"2026-09-03T19:18:14.176Z","level":"info","service":"portfolio-api","message":"request","meta":{"method":"GET","path":"/api/skills","status":200}}
{"ts":"2026-09-03T19:18:14.185Z","level":"info","service":"portfolio-api","message":"request","meta":{"method":"GET","path":"/api/conferences","status":200}}
{"ts":"2026-09-03T19:18:14.186Z","level":"info","service":"portfolio-api","message":"request","meta":{"method":"GET","path":"/api/training","status":200}}
{"ts":"2026-09-03T19:18:14.186Z","level":"info","service":"portfolio-api","message":"request","meta":{"method":"GET","path":"/api/memberships","status":200}}
{"ts":"2026-09-03T19:18:14.187Z","level":"info","service":"portfolio-api","message":"request","meta":{"method":"GET","path":"/api/languages","status":200}}
{"ts":"2026-09-03T19:18:14.350Z","level":"info","service":"portfolio-api","message":"request","meta":{"method":"GET","path":"/api/hobbies","status":200}}
{"ts":"2026-09-03T19:18:14.665Z","level":"info","service":"portfolio-api","message":"request","meta":{"method":"GET","path":"/api/recommendations","status":200}}
{"ts":"2026-09-03T19:18:14.666Z","level":"info","service":"portfolio-api","message":"request","meta":{"method":"GET","path":"/api/about","status":200}}
{"ts":"2026-09-03T19:18:14.667Z","level":"info","service":"portfolio-api","message":"request","meta":{"method":"GET","path":"/api/settings","status":200}}
{"ts":"2026-09-03T19:18:27.159Z","level":"info","service":"portfolio-api","message":"request","meta":{"method":"GET","path":"/api/settings","status":200}}
{"ts":"2026-09-03T19:18:28.295Z","level":"info","service":"portfolio-api","message":"request","meta":{"method":"GET","path":"/api/projects/all","status":200}}
{"ts":"2026-09-03T19:18:31.461Z","level":"info","service":"portfolio-api","message":"request","meta":{"method":"GET","path":"/api/settings","status":200}}
{"ts":"2026-09-03T19:18:31.462Z","level":"info","service":"portfolio-api","message":"request","meta":{"method":"GET","path":"/api/about","status":200}}
{"ts":"2026-09-03T19:18:31.463Z","level":"info","service":"portfolio-api","message":"request","meta":{"method":"GET","path":"/api/research-interests","status":200}}
{"ts":"2026-09-03T19:18:31.464Z","level":"info","service":"portfolio-api","message":"request","meta":{"method":"GET","path":"/api/projects","status":200}}
{"ts":"2026-09-03T19:18:31.464Z","level":"info","service":"portfolio-api","message":"request","meta":{"method":"GET","path":"/api/publications","status":200}}
{"ts":"2026-09-03T19:18:31.465Z","level":"info","service":"portfolio-api","message":"request","meta":{"method":"GET","path":"/api/education","status":200}}
{"ts":"2026-09-03T19:18:31.959Z","level":"info","service":"portfolio-api","message":"request","meta":{"method":"GET","path":"/api/experience","status":200}}
{"ts":"2026-09-03T19:18:31.959Z","level":"info","service":"portfolio-api","message":"request","meta":{"method":"GET","path":"/api/internships","status":200}}
{"ts":"2026-09-03T19:18:31.960Z","level":"info","service":"portfolio-api","message":"request","meta":{"method":"GET","path":"/api/research-experience","status":200}}
{"ts":"2026-09-03T19:18:31.960Z","level":"info","service":"portfolio-api","message":"request","meta":{"method":"GET","path":"/api/skills","status":200}}
{"ts":"2026-09-03T19:18:31.960Z","level":"info","service":"portfolio-api","message":"request","meta":{"method":"GET","path":"/api/conferences","status":200}}
{"ts":"2026-09-03T19:18:31.961Z","level":"info","service":"portfolio-api","message":"request","meta":{"method":"GET","path":"/api/training","status":200}}
{"ts":"2026-09-03T19:18:32.449Z","level":"info","service":"portfolio-api","message":"request","meta":{"method":"GET","path":"/api/memberships","status":200}}
{"ts":"2026-09-03T19:18:32.450Z","level":"info","service":"portfolio-api","message":"request","meta":{"method":"GET","path":"/api/languages","status":200}}
{"ts":"2026-09-03T19:18:32.452Z","level":"info","service":"portfolio-api","message":"request","meta":{"method":"GET","path":"/api/hobbies","status":200}}
{"ts":"2026-09-03T19:18:32.453Z","level":"info","service":"portfolio-api","message":"request","meta":{"method":"GET","path":"/api/recommendations","status":200}}
{"ts":"2026-09-03T19:18:37.267Z","level":"info","service":"portfolio-api","message":"request","meta":{"method":"GET","path":"/api/settings","status":200}}
{"ts":"2026-09-03T19:18:49.416Z","level":"info","service":"portfolio-api","message":"request","meta":{"method":"PUT","path":"/api/projects/a180ac31726240174e463c19","status":200}}
{"ts":"2026-09-03T19:18:49.621Z","level":"info","service":"portfolio-api","message":"Record updated","meta":{"resource":"projects","id":"a180ac31726240174e463c19"}}
{"ts":"2026-09-03T19:18:50.117Z","level":"info","service":"portfolio-api","message":"request","meta":{"method":"GET","path":"/api/projects/all","status":200}}
{"ts":"2026-09-03T19:18:50.379Z","level":"info","service":"portfolio-api","message":"request","meta":{"method":"GET","path":"/api/settings","status":200}}
{"ts":"2026-09-03T19:18:50.586Z","level":"info","service":"portfolio-api","message":"request","meta":{"method":"GET","path":"/api/about","status":200}}
{"ts":"2026-09-03T19:18:50.588Z","level":"info","service":"portfolio-api","message":"request","meta":{"method":"GET","path":"/api/research-interests","status":200}}
{"ts":"2026-09-03T19:18:50.590Z","level":"info","service":"portfolio-api","message":"request","meta":{"method":"GET","path":"/api/projects","status":200}}
{"ts":"2026-09-03T19:18:50.592Z","level":"info","service":"portfolio-api","message":"request","meta":{"method":"GET","path":"/api/publications","status":200}}
{"ts":"2026-09-03T19:18:50.615Z","level":"info","service":"portfolio-api","message":"request","meta":{"method":"GET","path":"/api/education","status":200}}
{"ts":"2026-09-03T19:18:50.880Z","level":"info","service":"portfolio-api","message":"request","meta":{"method":"GET","path":"/api/experience","status":200}}
{"ts":"2026-09-03T19:18:51.067Z","level":"info","service":"portfolio-api","message":"request","meta":{"method":"GET","path":"/api/internships","status":200}}
{"ts":"2026-09-03T19:18:51.075Z","level":"info","service":"portfolio-api","message":"request","meta":{"method":"GET","path":"/api/research-experience","status":200}}
{"ts":"2026-09-03T19:18:51.075Z","level":"info","service":"portfolio-api","message":"request","meta":{"method":"GET","path":"/api/skills","status":200}}
{"ts":"2026-09-03T19:18:51.080Z","level":"info","service":"portfolio-api","message":"request","meta":{"method":"GET","path":"/api/conferences","status":200}}
{"ts":"2026-09-03T19:18:51.094Z","level":"info","service":"portfolio-api","message":"request","meta":{"method":"GET","path":"/api/training","status":200}}
{"ts":"2026-09-03T19:18:51.365Z","level":"info","service":"portfolio-api","message":"request","meta":{"method":"GET","path":"/api/memberships","status":200}}
{"ts":"2026-09-03T19:18:51.562Z","level":"info","service":"portfolio-api","message":"request","meta":{"method":"GET","path":"/api/languages","status":200}}
{"ts":"2026-09-03T19:18:51.564Z","level":"info","service":"portfolio-api","message":"request","meta":{"method":"GET","path":"/api/hobbies","status":200}}
{"ts":"2026-09-03T19:18:51.566Z","level":"info","service":"portfolio-api","message":"request","meta":{"method":"GET","path":"/api/recommendations","status":200}}
{"ts":"2026-09-03T19:18:55.718Z","level":"info","service":"portfolio-api","message":"request","meta":{"method":"GET","path":"/api/settings","status":200}}
{"ts":"2026-09-03T19:19:04.191Z","level":"info","service":"portfolio-api","message":"request","meta":{"method":"PUT","path":"/api/projects/539285a298c501d8321c612c","status":200}}
{"ts":"2026-09-03T19:19:04.380Z","level":"info","service":"portfolio-api","message":"Record updated","meta":{"resource":"projects","id":"539285a298c501d8321c612c"}}
{"ts":"2026-09-03T19:19:04.878Z","level":"info","service":"portfolio-api","message":"request","meta":{"method":"GET","path":"/api/projects/all","status":200}}
{"ts":"2026-09-03T19:19:05.407Z","level":"info","service":"portfolio-api","message":"request","meta":{"method":"GET","path":"/api/settings","status":200}}
{"ts":"2026-09-03T19:19:05.719Z","level":"info","service":"portfolio-api","message":"request","meta":{"method":"GET","path":"/api/about","status":200}}
{"ts":"2026-09-03T19:19:05.721Z","level":"info","service":"portfolio-api","message":"request","meta":{"method":"GET","path":"/api/research-interests","status":200}}
{"ts":"2026-09-03T19:19:05.723Z","level":"info","service":"portfolio-api","message":"request","meta":{"method":"GET","path":"/api/projects","status":200}}
{"ts":"2026-09-03T19:19:05.725Z","level":"info","service":"portfolio-api","message":"request","meta":{"method":"GET","path":"/api/publications","status":200}}
{"ts":"2026-09-03T19:19:05.728Z","level":"info","service":"portfolio-api","message":"request","meta":{"method":"GET","path":"/api/education","status":200}}
{"ts":"2026-09-03T19:19:05.902Z","level":"info","service":"portfolio-api","message":"request","meta":{"method":"GET","path":"/api/experience","status":200}}
{"ts":"2026-09-03T19:19:06.204Z","level":"info","service":"portfolio-api","message":"request","meta":{"method":"GET","path":"/api/internships","status":200}}
{"ts":"2026-09-03T19:19:06.210Z","level":"info","service":"portfolio-api","message":"request","meta":{"method":"GET","path":"/api/research-experience","status":200}}
{"ts":"2026-09-03T19:19:06.211Z","level":"info","service":"portfolio-api","message":"request","meta":{"method":"GET","path":"/api/skills","status":200}}
{"ts":"2026-09-03T19:19:06.218Z","level":"info","service":"portfolio-api","message":"request","meta":{"method":"GET","path":"/api/conferences","status":200}}
{"ts":"2026-09-03T19:19:06.218Z","level":"info","service":"portfolio-api","message":"request","meta":{"method":"GET","path":"/api/training","status":200}}
{"ts":"2026-09-03T19:19:06.391Z","level":"info","service":"portfolio-api","message":"request","meta":{"method":"GET","path":"/api/memberships","status":200}}
{"ts":"2026-09-03T19:19:06.684Z","level":"info","service":"portfolio-api","message":"request","meta":{"method":"GET","path":"/api/languages","status":200}}
{"ts":"2026-09-03T19:19:06.701Z","level":"info","service":"portfolio-api","message":"request","meta":{"method":"GET","path":"/api/hobbies","status":200}}
{"ts":"2026-09-03T19:19:06.702Z","level":"info","service":"portfolio-api","message":"request","meta":{"method":"GET","path":"/api/recommendations","status":200}}
{"ts":"2026-09-03T19:19:06.734Z","level":"info","service":"portfolio-api","message":"request","meta":{"method":"GET","path":"/api/publications","status":200}}
{"ts":"2026-09-03T19:19:11.273Z","level":"info","service":"portfolio-api","message":"request","meta":{"method":"GET","path":"/api/research-interests","status":200}}
{"ts":"2026-09-03T19:19:11.274Z","level":"info","service":"portfolio-api","message":"request","meta":{"method":"GET","path":"/api/projects","status":200}}
{"ts":"2026-09-03T19:19:11.274Z","level":"info","service":"portfolio-api","message":"request","meta":{"method":"GET","path":"/api/publications","status":200}}
{"ts":"2026-09-03T19:19:11.275Z","level":"info","service":"portfolio-api","message":"request","meta":{"method":"GET","path":"/api/education","status":200}}
{"ts":"2026-09-03T19:19:11.277Z","level":"info","service":"portfolio-api","message":"request","meta":{"method":"GET","path":"/api/experience","status":200}}
{"ts":"2026-09-03T19:19:11.278Z","level":"info","service":"portfolio-api","message":"request","meta":{"method":"GET","path":"/api/internships","status":200}}
{"ts":"2026-09-03T19:19:11.750Z","level":"info","service":"portfolio-api","message":"request","meta":{"method":"GET","path":"/api/research-experience","status":200}}
{"ts":"2026-09-03T19:19:11.751Z","level":"info","service":"portfolio-api","message":"request","meta":{"method":"GET","path":"/api/skills","status":200}}
{"ts":"2026-09-03T19:19:11.759Z","level":"info","service":"portfolio-api","message":"request","meta":{"method":"GET","path":"/api/conferences","status":200}}
{"ts":"2026-09-03T19:19:11.759Z","level":"info","service":"portfolio-api","message":"request","meta":{"method":"GET","path":"/api/training","status":200}}
{"ts":"2026-09-03T19:19:11.760Z","level":"info","service":"portfolio-api","message":"request","meta":{"method":"GET","path":"/api/memberships","status":200}}
{"ts":"2026-09-03T19:19:11.765Z","level":"info","service":"portfolio-api","message":"request","meta":{"method":"GET","path":"/api/languages","status":200}}
{"ts":"2026-09-03T19:19:12.230Z","level":"info","service":"portfolio-api","message":"request","meta":{"method":"GET","path":"/api/hobbies","status":200}}
{"ts":"2026-09-03T19:19:12.238Z","level":"info","service":"portfolio-api","message":"request","meta":{"method":"GET","path":"/api/recommendations","status":200}}
{"ts":"2026-09-03T19:19:12.239Z","level":"info","service":"portfolio-api","message":"request","meta":{"method":"GET","path":"/api/about","status":200}}
{"ts":"2026-09-03T19:19:12.239Z","level":"info","service":"portfolio-api","message":"request","meta":{"method":"GET","path":"/api/settings","status":200}}
{"ts":"2026-09-03T19:19:12.243Z","level":"info","service":"portfolio-api","message":"request","meta":{"method":"GET","path":"/api/media","status":200}}
{"ts":"2026-09-03T19:19:13.300Z","level":"info","service":"portfolio-api","message":"request","meta":{"method":"GET","path":"/api/publications","status":200}}
{"ts":"2026-09-03T19:19:15.024Z","level":"info","service":"portfolio-api","message":"request","meta":{"method":"GET","path":"/api/research-interests","status":200}}
{"ts":"2026-09-03T19:19:15.331Z","level":"info","service":"portfolio-api","message":"request","meta":{"method":"GET","path":"/api/projects","status":200}}
{"ts":"2026-09-03T19:19:15.332Z","level":"info","service":"portfolio-api","message":"request","meta":{"method":"GET","path":"/api/publications","status":200}}
{"ts":"2026-09-03T19:19:15.333Z","level":"info","service":"portfolio-api","message":"request","meta":{"method":"GET","path":"/api/education","status":200}}
{"ts":"2026-09-03T19:19:15.333Z","level":"info","service":"portfolio-api","message":"request","meta":{"method":"GET","path":"/api/experience","status":200}}
{"ts":"2026-09-03T19:19:15.334Z","level":"info","service":"portfolio-api","message":"request","meta":{"method":"GET","path":"/api/internships","status":200}}
{"ts":"2026-09-03T19:19:15.514Z","level":"info","service":"portfolio-api","message":"request","meta":{"method":"GET","path":"/api/research-experience","status":200}}
{"ts":"2026-09-03T19:19:15.814Z","level":"info","service":"portfolio-api","message":"request","meta":{"method":"GET","path":"/api/skills","status":200}}
{"ts":"2026-09-03T19:19:15.815Z","level":"info","service":"portfolio-api","message":"request","meta":{"method":"GET","path":"/api/conferences","status":200}}
{"ts":"2026-09-03T19:19:15.815Z","level":"info","service":"portfolio-api","message":"request","meta":{"method":"GET","path":"/api/training","status":200}}
{"ts":"2026-09-03T19:19:15.820Z","level":"info","service":"portfolio-api","message":"request","meta":{"method":"GET","path":"/api/memberships","status":200}}
{"ts":"2026-09-03T19:19:15.820Z","level":"info","service":"portfolio-api","message":"request","meta":{"method":"GET","path":"/api/languages","status":200}}
{"ts":"2026-09-03T19:19:16.004Z","level":"info","service":"portfolio-api","message":"request","meta":{"method":"GET","path":"/api/hobbies","status":200}}
{"ts":"2026-09-03T19:19:16.302Z","level":"info","service":"portfolio-api","message":"request","meta":{"method":"GET","path":"/api/recommendations","status":200}}
{"ts":"2026-09-03T19:19:16.303Z","level":"info","service":"portfolio-api","message":"request","meta":{"method":"GET","path":"/api/about","status":200}}
{"ts":"2026-09-03T19:19:16.304Z","level":"info","service":"portfolio-api","message":"request","meta":{"method":"GET","path":"/api/settings","status":200}}
{"ts":"2026-09-03T19:20:09.929Z","level":"info","service":"portfolio-api","message":"request","meta":{"method":"GET","path":"/api/publications","status":200}}
{"ts":"2026-09-03T19:20:10.790Z","level":"info","service":"portfolio-api","message":"request","meta":{"method":"GET","path":"/api/blog","status":200}}
{"ts":"2026-09-03T19:20:13.307Z","level":"info","service":"portfolio-api","message":"request","meta":{"method":"GET","path":"/api/blog/amr-one-health-perspective","status":200}}
{"ts":"2026-09-03T19:20:22.797Z","level":"info","service":"portfolio-api","message":"request","meta":{"method":"GET","path":"/api/settings","status":200}}
{"ts":"2026-09-03T19:20:26.468Z","level":"info","service":"portfolio-api","message":"request","meta":{"method":"GET","path":"/api/settings","status":200}}
{"ts":"2026-09-03T19:20:28.228Z","level":"info","service":"portfolio-api","message":"request","meta":{"method":"GET","path":"/api/about","status":200}}
{"ts":"2026-09-03T19:21:02.970Z","level":"info","service":"portfolio-api","message":"request","meta":{"method":"GET","path":"/api/settings","status":200}}
{"ts":"2026-09-03T19:21:03.276Z","level":"info","service":"portfolio-api","message":"request","meta":{"method":"GET","path":"/api/about","status":200}}
{"ts":"2026-09-03T19:21:04.780Z","level":"info","service":"portfolio-api","message":"request","meta":{"method":"GET","path":"/api/settings","status":200}}
{"ts":"2026-09-03T19:21:07.543Z","level":"info","service":"portfolio-api","message":"request","meta":{"method":"GET","path":"/api/about","status":200}}
{"ts":"2026-09-03T19:21:07.853Z","level":"info","service":"portfolio-api","message":"request","meta":{"method":"GET","path":"/api/settings","status":200}}
{"ts":"2026-09-03T19:22:45.188Z","level":"info","service":"portfolio-api","message":"request","meta":{"method":"GET","path":"/api/settings","status":200}}
{"ts":"2026-09-03T19:22:45.189Z","level":"info","service":"portfolio-api","message":"request","meta":{"method":"GET","path":"/api/about","status":200}}
{"ts":"2026-09-03T19:22:49.643Z","level":"info","service":"portfolio-api","message":"request","meta":{"method":"PUT","path":"/api/about","status":200}}
{"ts":"2026-09-03T19:22:50.525Z","level":"info","service":"portfolio-api","message":"request","meta":{"method":"PUT","path":"/api/settings","status":200}}
{"ts":"2026-09-03T19:22:50.916Z","level":"info","service":"portfolio-api","message":"request","meta":{"method":"GET","path":"/api/about","status":200}}
{"ts":"2026-09-03T19:22:51.220Z","level":"info","service":"portfolio-api","message":"request","meta":{"method":"GET","path":"/api/settings","status":200}}
{"ts":"2026-09-03T19:22:52.140Z","level":"info","service":"portfolio-api","message":"request","meta":{"method":"GET","path":"/api/settings","status":200}}
{"ts":"2026-09-03T19:22:52.141Z","level":"info","service":"portfolio-api","message":"request","meta":{"method":"GET","path":"/api/about","status":200}}
{"ts":"2026-09-03T19:25:03.450Z","level":"info","service":"portfolio-api","message":"request","meta":{"method":"GET","path":"/api/settings","status":200}}
{"ts":"2026-09-03T19:25:03.451Z","level":"info","service":"portfolio-api","message":"request","meta":{"method":"GET","path":"/api/about","status":200}}
{"ts":"2026-09-03T19:25:41.043Z","level":"info","service":"portfolio-api","message":"request","meta":{"method":"PUT","path":"/api/about","status":200}}
{"ts":"2026-09-03T19:25:41.953Z","level":"info","service":"portfolio-api","message":"request","meta":{"method":"PUT","path":"/api/settings","status":200}}
{"ts":"2026-09-03T19:25:42.335Z","level":"info","service":"portfolio-api","message":"request","meta":{"method":"GET","path":"/api/about","status":200}}
{"ts":"2026-09-03T19:25:42.638Z","level":"info","service":"portfolio-api","message":"request","meta":{"method":"GET","path":"/api/settings","status":200}}
{"ts":"2026-09-03T19:25:44.324Z","level":"info","service":"portfolio-api","message":"request","meta":{"method":"GET","path":"/api/about","status":200}}
{"ts":"2026-09-03T19:25:44.325Z","level":"info","service":"portfolio-api","message":"request","meta":{"method":"GET","path":"/api/settings","status":200}}
{"ts":"2026-09-03T19:25:46.815Z","level":"info","service":"portfolio-api","message":"request","meta":{"method":"GET","path":"/api/settings","status":200}}
{"ts":"2026-09-03T19:25:47.122Z","level":"info","service":"portfolio-api","message":"request","meta":{"method":"GET","path":"/api/about","status":200}}
{"ts":"2026-09-03T19:26:14.252Z","level":"info","service":"portfolio-api","message":"request","meta":{"method":"GET","path":"/api/settings","status":200}}
{"ts":"2026-09-03T19:26:14.253Z","level":"info","service":"portfolio-api","message":"request","meta":{"method":"GET","path":"/api/about","status":200}}
{"ts":"2026-09-03T19:26:16.499Z","level":"info","service":"portfolio-api","message":"request","meta":{"method":"GET","path":"/api/settings","status":200}}
{"ts":"2026-09-03T19:26:16.803Z","level":"info","service":"portfolio-api","message":"request","meta":{"method":"GET","path":"/api/about","status":200}}
{"ts":"2026-09-03T19:26:30.572Z","level":"info","service":"portfolio-api","message":"request","meta":{"method":"GET","path":"/api/settings","status":200}}
{"ts":"2026-09-03T19:26:30.573Z","level":"info","service":"portfolio-api","message":"request","meta":{"method":"GET","path":"/api/about","status":200}}
{"ts":"2026-09-03T19:26:43.289Z","level":"info","service":"portfolio-api","message":"request","meta":{"method":"GET","path":"/api/settings","status":200}}
{"ts":"2026-09-03T19:26:43.603Z","level":"info","service":"portfolio-api","message":"request","meta":{"method":"GET","path":"/api/about","status":200}}
{"ts":"2026-09-03T19:26:50.092Z","level":"info","service":"portfolio-api","message":"request","meta":{"method":"GET","path":"/api/settings","status":200}}
{"ts":"2026-09-03T19:26:50.092Z","level":"info","service":"portfolio-api","message":"request","meta":{"method":"GET","path":"/api/about","status":200}}
{"ts":"2026-09-03T19:27:03.051Z","level":"info","service":"portfolio-api","message":"request","meta":{"method":"GET","path":"/api/settings","status":200}}
{"ts":"2026-09-03T19:27:03.362Z","level":"info","service":"portfolio-api","message":"request","meta":{"method":"GET","path":"/api/about","status":200}}
{"ts":"2026-09-03T19:27:14.710Z","level":"info","service":"portfolio-api","message":"request","meta":{"method":"GET","path":"/api/settings","status":200}}
{"ts":"2026-09-03T19:27:14.711Z","level":"info","service":"portfolio-api","message":"request","meta":{"method":"GET","path":"/api/about","status":200}}
{"ts":"2026-09-03T19:27:26.683Z","level":"info","service":"portfolio-api","message":"request","meta":{"method":"GET","path":"/api/settings","status":200}}
{"ts":"2026-09-03T19:27:26.990Z","level":"info","service":"portfolio-api","message":"request","meta":{"method":"GET","path":"/api/about","status":200}}
{"ts":"2026-09-03T19:27:43.477Z","level":"info","service":"portfolio-api","message":"request","meta":{"method":"GET","path":"/api/settings","status":200}}
{"ts":"2026-09-03T19:27:43.478Z","level":"info","service":"portfolio-api","message":"request","meta":{"method":"GET","path":"/api/about","status":200}}
{"ts":"2026-09-03T19:27:56.237Z","level":"info","service":"portfolio-api","message":"request","meta":{"method":"GET","path":"/api/settings","status":200}}
{"ts":"2026-09-03T19:27:56.538Z","level":"info","service":"portfolio-api","message":"request","meta":{"method":"GET","path":"/api/about","status":200}}
{"ts":"2026-09-03T19:27:57.566Z","level":"info","service":"portfolio-api","message":"request","meta":{"method":"PUT","path":"/api/about","status":200}}
{"ts":"2026-09-03T19:27:58.150Z","level":"info","service":"portfolio-api","message":"request","meta":{"method":"PUT","path":"/api/settings","status":200}}
{"ts":"2026-09-03T19:27:58.844Z","level":"info","service":"portfolio-api","message":"request","meta":{"method":"GET","path":"/api/settings","status":200}}
{"ts":"2026-09-03T19:27:58.845Z","level":"info","service":"portfolio-api","message":"request","meta":{"method":"GET","path":"/api/about","status":200}}
{"ts":"2026-09-03T19:28:00.317Z","level":"info","service":"portfolio-api","message":"request","meta":{"method":"GET","path":"/api/settings","status":200}}
{"ts":"2026-09-03T19:28:00.619Z","level":"info","service":"portfolio-api","message":"request","meta":{"method":"GET","path":"/api/about","status":200}}
{"ts":"2026-09-03T19:28:11.799Z","level":"info","service":"portfolio-api","message":"request","meta":{"method":"GET","path":"/api/research-interests","status":200}}
{"ts":"2026-09-03T19:28:11.872Z","level":"info","service":"portfolio-api","message":"request","meta":{"method":"GET","path":"/api/projects","status":200}}
{"ts":"2026-09-03T19:28:11.873Z","level":"info","service":"portfolio-api","message":"request","meta":{"method":"GET","path":"/api/publications","status":200}}
{"ts":"2026-09-03T19:28:11.874Z","level":"info","service":"portfolio-api","message":"request","meta":{"method":"GET","path":"/api/education","status":200}}
{"ts":"2026-09-03T19:28:11.874Z","level":"info","service":"portfolio-api","message":"request","meta":{"method":"GET","path":"/api/experience","status":200}}
{"ts":"2026-09-03T19:28:11.875Z","level":"info","service":"portfolio-api","message":"request","meta":{"method":"GET","path":"/api/internships","status":200}}
{"ts":"2026-09-03T19:28:12.294Z","level":"info","service":"portfolio-api","message":"request","meta":{"method":"GET","path":"/api/research-experience","status":200}}
{"ts":"2026-09-03T19:28:12.358Z","level":"info","service":"portfolio-api","message":"request","meta":{"method":"GET","path":"/api/skills","status":200}}
{"ts":"2026-09-03T19:28:12.360Z","level":"info","service":"portfolio-api","message":"request","meta":{"method":"GET","path":"/api/conferences","status":200}}
{"ts":"2026-09-03T19:28:12.362Z","level":"info","service":"portfolio-api","message":"request","meta":{"method":"GET","path":"/api/training","status":200}}
{"ts":"2026-09-03T19:28:12.364Z","level":"info","service":"portfolio-api","message":"request","meta":{"method":"GET","path":"/api/memberships","status":200}}
{"ts":"2026-09-03T19:28:12.366Z","level":"info","service":"portfolio-api","message":"request","meta":{"method":"GET","path":"/api/languages","status":200}}
{"ts":"2026-09-03T19:28:12.775Z","level":"info","service":"portfolio-api","message":"request","meta":{"method":"GET","path":"/api/hobbies","status":200}}
{"ts":"2026-09-03T19:28:12.846Z","level":"info","service":"portfolio-api","message":"request","meta":{"method":"GET","path":"/api/recommendations","status":200}}
{"ts":"2026-09-03T19:28:12.847Z","level":"info","service":"portfolio-api","message":"request","meta":{"method":"GET","path":"/api/about","status":200}}
{"ts":"2026-09-03T19:28:12.848Z","level":"info","service":"portfolio-api","message":"request","meta":{"method":"GET","path":"/api/settings","status":200}}
{"ts":"2026-09-03T19:28:12.849Z","level":"info","service":"portfolio-api","message":"request","meta":{"method":"GET","path":"/api/media","status":200}}
{"ts":"2026-09-03T19:28:13.023Z","level":"info","service":"portfolio-api","message":"request","meta":{"method":"GET","path":"/api/about","status":200}}
{"ts":"2026-09-03T19:28:13.332Z","level":"info","service":"portfolio-api","message":"request","meta":{"method":"GET","path":"/api/settings","status":200}}
{"ts":"2026-09-03T19:28:14.704Z","level":"info","service":"portfolio-api","message":"request","meta":{"method":"GET","path":"/api/media","status":200}}
{"ts":"2026-09-03T19:28:18.455Z","level":"info","service":"portfolio-api","message":"request","meta":{"method":"GET","path":"/api/cv","status":200}}
{"ts":"2026-09-03T19:28:21.735Z","level":"info","service":"portfolio-api","message":"request","meta":{"method":"GET","path":"/api/blog","status":200}}
{"ts":"2026-09-03T19:28:24.523Z","level":"info","service":"portfolio-api","message":"request","meta":{"method":"DELETE","path":"/api/blog/433b3b3065074f1661400524","status":200}}
{"ts":"2026-09-03T19:28:24.696Z","level":"info","service":"portfolio-api","message":"Record deleted","meta":{"resource":"blog","id":"433b3b3065074f1661400524"}}
{"ts":"2026-09-03T19:28:24.877Z","level":"info","service":"portfolio-api","message":"request","meta":{"method":"GET","path":"/api/blog","status":200}}
{"ts":"2026-09-03T19:28:27.330Z","level":"info","service":"portfolio-api","message":"request","meta":{"method":"DELETE","path":"/api/blog/b977741ed3e61087477bbf44","status":200}}
{"ts":"2026-09-03T19:28:27.505Z","level":"info","service":"portfolio-api","message":"Record deleted","meta":{"resource":"blog","id":"b977741ed3e61087477bbf44"}}
{"ts":"2026-09-03T19:28:27.687Z","level":"info","service":"portfolio-api","message":"request","meta":{"method":"GET","path":"/api/blog","status":200}}
{"ts":"2026-09-03T19:28:39.323Z","level":"info","service":"portfolio-api","message":"request","meta":{"method":"GET","path":"/api/contact","status":200}}
{"ts":"2026-09-03T19:28:40.396Z","level":"info","service":"portfolio-api","message":"request","meta":{"method":"GET","path":"/api/audit-logs","status":200}}
{"ts":"2026-09-03T19:28:44.890Z","level":"info","service":"portfolio-api","message":"request","meta":{"method":"GET","path":"/api/settings","status":200}}
{"ts":"2026-09-03T19:28:47.832Z","level":"info","service":"portfolio-api","message":"request","meta":{"method":"GET","path":"/api/settings","status":200}}
{"ts":"2026-09-03T19:28:50.470Z","level":"info","service":"portfolio-api","message":"request","meta":{"method":"GET","path":"/api/education/all","status":200}}
{"ts":"2026-09-03T19:28:50.999Z","level":"info","service":"portfolio-api","message":"request","meta":{"method":"GET","path":"/api/projects/all","status":200}}
{"ts":"2026-09-03T19:28:51.312Z","level":"info","service":"portfolio-api","message":"request","meta":{"method":"GET","path":"/api/publications/all","status":200}}
{"ts":"2026-09-03T19:28:51.313Z","level":"info","service":"portfolio-api","message":"request","meta":{"method":"GET","path":"/api/education/all","status":200}}
{"ts":"2026-09-03T19:28:51.315Z","level":"info","service":"portfolio-api","message":"request","meta":{"method":"GET","path":"/api/experience/all","status":200}}
{"ts":"2026-09-03T19:28:51.317Z","level":"info","service":"portfolio-api","message":"request","meta":{"method":"GET","path":"/api/skills/all","status":200}}
{"ts":"2026-09-03T19:28:51.319Z","level":"info","service":"portfolio-api","message":"request","meta":{"method":"GET","path":"/api/media","status":200}}
{"ts":"2026-09-03T19:28:51.477Z","level":"info","service":"portfolio-api","message":"request","meta":{"method":"GET","path":"/api/cv","status":200}}
{"ts":"2026-09-03T19:29:06.291Z","level":"info","service":"portfolio-api","message":"request","meta":{"method":"GET","path":"/api/settings","status":200}}
{"ts":"2026-09-03T19:29:06.292Z","level":"info","service":"portfolio-api","message":"request","meta":{"method":"GET","path":"/api/media","status":200}}
{"ts":"2026-09-03T19:29:06.292Z","level":"info","service":"portfolio-api","message":"request","meta":{"method":"GET","path":"/api/cv","status":200}}
{"ts":"2026-09-03T19:29:11.907Z","level":"info","service":"portfolio-api","message":"request","meta":{"method":"GET","path":"/api/settings","status":200}}
{"ts":"2026-09-03T19:29:12.224Z","level":"info","service":"portfolio-api","message":"request","meta":{"method":"GET","path":"/api/cv","status":200}}
{"ts":"2026-09-03T19:29:12.225Z","level":"info","service":"portfolio-api","message":"request","meta":{"method":"GET","path":"/api/media","status":200}}
{"ts":"2026-09-03T19:29:13.537Z","level":"info","service":"portfolio-api","message":"request","meta":{"method":"GET","path":"/api/settings","status":200}}
{"ts":"2026-09-03T19:29:13.604Z","level":"info","service":"portfolio-api","message":"request","meta":{"method":"GET","path":"/api/research-interests","status":200}}
{"ts":"2026-09-03T19:29:13.605Z","level":"info","service":"portfolio-api","message":"request","meta":{"method":"GET","path":"/api/projects","status":200}}
{"ts":"2026-09-03T19:29:13.655Z","level":"info","service":"portfolio-api","message":"request","meta":{"method":"GET","path":"/api/publications","status":200}}
{"ts":"2026-09-03T19:29:13.655Z","level":"info","service":"portfolio-api","message":"request","meta":{"method":"GET","path":"/api/education","status":200}}
{"ts":"2026-09-03T19:29:13.656Z","level":"info","service":"portfolio-api","message":"request","meta":{"method":"GET","path":"/api/experience","status":200}}
{"ts":"2026-09-03T19:29:14.033Z","level":"info","service":"portfolio-api","message":"request","meta":{"method":"GET","path":"/api/internships","status":200}}
{"ts":"2026-09-03T19:29:14.087Z","level":"info","service":"portfolio-api","message":"request","meta":{"method":"GET","path":"/api/research-experience","status":200}}
{"ts":"2026-09-03T19:29:14.088Z","level":"info","service":"portfolio-api","message":"request","meta":{"method":"GET","path":"/api/skills","status":200}}
{"ts":"2026-09-03T19:29:14.139Z","level":"info","service":"portfolio-api","message":"request","meta":{"method":"GET","path":"/api/conferences","status":200}}
{"ts":"2026-09-03T19:29:14.140Z","level":"info","service":"portfolio-api","message":"request","meta":{"method":"GET","path":"/api/training","status":200}}
{"ts":"2026-09-03T19:29:14.142Z","level":"info","service":"portfolio-api","message":"request","meta":{"method":"GET","path":"/api/memberships","status":200}}
{"ts":"2026-09-03T19:29:14.510Z","level":"info","service":"portfolio-api","message":"request","meta":{"method":"GET","path":"/api/languages","status":200}}
{"ts":"2026-09-03T19:29:14.579Z","level":"info","service":"portfolio-api","message":"request","meta":{"method":"GET","path":"/api/hobbies","status":200}}
{"ts":"2026-09-03T19:29:14.580Z","level":"info","service":"portfolio-api","message":"request","meta":{"method":"GET","path":"/api/recommendations","status":200}}
{"ts":"2026-09-03T19:29:14.626Z","level":"info","service":"portfolio-api","message":"request","meta":{"method":"GET","path":"/api/media","status":200}}
{"ts":"2026-09-03T19:29:14.627Z","level":"info","service":"portfolio-api","message":"request","meta":{"method":"GET","path":"/api/about","status":200}}
{"ts":"2026-09-03T19:29:14.642Z","level":"info","service":"portfolio-api","message":"request","meta":{"method":"GET","path":"/api/auth/me","status":200}}
{"ts":"2026-09-03T19:29:15.129Z","level":"info","service":"portfolio-api","message":"request","meta":{"method":"GET","path":"/api/auth/me","status":200}}
{"ts":"2026-09-03T19:29:16.317Z","level":"info","service":"portfolio-api","message":"request","meta":{"method":"GET","path":"/api/blog","status":200}}
{"ts":"2026-09-03T19:29:18.516Z","level":"info","service":"portfolio-api","message":"request","meta":{"method":"GET","path":"/api/research-interests","status":200}}
{"ts":"2026-09-03T19:29:18.517Z","level":"info","service":"portfolio-api","message":"request","meta":{"method":"GET","path":"/api/projects","status":200}}
{"ts":"2026-09-03T19:29:18.518Z","level":"info","service":"portfolio-api","message":"request","meta":{"method":"GET","path":"/api/publications","status":200}}
{"ts":"2026-09-03T19:29:18.518Z","level":"info","service":"portfolio-api","message":"request","meta":{"method":"GET","path":"/api/education","status":200}}
{"ts":"2026-09-03T19:29:18.519Z","level":"info","service":"portfolio-api","message":"request","meta":{"method":"GET","path":"/api/experience","status":200}}
{"ts":"2026-09-03T19:29:18.519Z","level":"info","service":"portfolio-api","message":"request","meta":{"method":"GET","path":"/api/internships","status":200}}
{"ts":"2026-09-03T19:29:19.021Z","level":"info","service":"portfolio-api","message":"request","meta":{"method":"GET","path":"/api/research-experience","status":200}}
{"ts":"2026-09-03T19:29:19.023Z","level":"info","service":"portfolio-api","message":"request","meta":{"method":"GET","path":"/api/skills","status":200}}
{"ts":"2026-09-03T19:29:19.025Z","level":"info","service":"portfolio-api","message":"request","meta":{"method":"GET","path":"/api/conferences","status":200}}
{"ts":"2026-09-03T19:29:19.026Z","level":"info","service":"portfolio-api","message":"request","meta":{"method":"GET","path":"/api/training","status":200}}
{"ts":"2026-09-03T19:29:19.027Z","level":"info","service":"portfolio-api","message":"request","meta":{"method":"GET","path":"/api/memberships","status":200}}
{"ts":"2026-09-03T19:29:19.029Z","level":"info","service":"portfolio-api","message":"request","meta":{"method":"GET","path":"/api/languages","status":200}}
{"ts":"2026-09-03T19:29:19.510Z","level":"info","service":"portfolio-api","message":"request","meta":{"method":"GET","path":"/api/hobbies","status":200}}
{"ts":"2026-09-03T19:29:19.512Z","level":"info","service":"portfolio-api","message":"request","meta":{"method":"GET","path":"/api/recommendations","status":200}}
{"ts":"2026-09-03T19:29:19.513Z","level":"info","service":"portfolio-api","message":"request","meta":{"method":"GET","path":"/api/about","status":200}}
{"ts":"2026-09-03T19:29:19.525Z","level":"info","service":"portfolio-api","message":"request","meta":{"method":"GET","path":"/api/settings","status":200}}
{"ts":"2026-09-03T19:29:55.796Z","level":"info","service":"portfolio-api","message":"request","meta":{"method":"GET","path":"/api/settings","status":200}}
{"ts":"2026-09-03T19:29:55.797Z","level":"info","service":"portfolio-api","message":"request","meta":{"method":"GET","path":"/api/about","status":200}}
{"ts":"2026-09-03T19:29:55.798Z","level":"info","service":"portfolio-api","message":"request","meta":{"method":"GET","path":"/api/research-interests","status":200}}
{"ts":"2026-09-03T19:29:55.799Z","level":"info","service":"portfolio-api","message":"request","meta":{"method":"GET","path":"/api/projects","status":200}}
{"ts":"2026-09-03T19:29:55.801Z","level":"info","service":"portfolio-api","message":"request","meta":{"method":"GET","path":"/api/publications","status":200}}
{"ts":"2026-09-03T19:29:55.802Z","level":"info","service":"portfolio-api","message":"request","meta":{"method":"GET","path":"/api/education","status":200}}
{"ts":"2026-09-03T19:29:56.277Z","level":"info","service":"portfolio-api","message":"request","meta":{"method":"GET","path":"/api/internships","status":200}}
{"ts":"2026-09-03T19:29:56.278Z","level":"info","service":"portfolio-api","message":"request","meta":{"method":"GET","path":"/api/experience","status":200}}
{"ts":"2026-09-03T19:29:56.284Z","level":"info","service":"portfolio-api","message":"request","meta":{"method":"GET","path":"/api/research-experience","status":200}}
{"ts":"2026-09-03T19:29:56.285Z","level":"info","service":"portfolio-api","message":"request","meta":{"method":"GET","path":"/api/skills","status":200}}
{"ts":"2026-09-03T19:29:56.285Z","level":"info","service":"portfolio-api","message":"request","meta":{"method":"GET","path":"/api/conferences","status":200}}
{"ts":"2026-09-03T19:29:56.290Z","level":"info","service":"portfolio-api","message":"request","meta":{"method":"GET","path":"/api/training","status":200}}
{"ts":"2026-09-03T19:29:56.765Z","level":"info","service":"portfolio-api","message":"request","meta":{"method":"GET","path":"/api/memberships","status":200}}
{"ts":"2026-09-03T19:29:56.765Z","level":"info","service":"portfolio-api","message":"request","meta":{"method":"GET","path":"/api/languages","status":200}}
{"ts":"2026-09-03T19:29:56.766Z","level":"info","service":"portfolio-api","message":"request","meta":{"method":"GET","path":"/api/hobbies","status":200}}
{"ts":"2026-09-03T19:29:56.769Z","level":"info","service":"portfolio-api","message":"request","meta":{"method":"GET","path":"/api/recommendations","status":200}}
{"ts":"2026-09-03T19:29:59.026Z","level":"info","service":"portfolio-api","message":"request","meta":{"method":"GET","path":"/api/settings","status":200}}
{"ts":"2026-09-03T19:29:59.027Z","level":"info","service":"portfolio-api","message":"request","meta":{"method":"GET","path":"/api/about","status":200}}
{"ts":"2026-09-03T19:29:59.028Z","level":"info","service":"portfolio-api","message":"request","meta":{"method":"GET","path":"/api/research-interests","status":200}}
{"ts":"2026-09-03T19:29:59.029Z","level":"info","service":"portfolio-api","message":"request","meta":{"method":"GET","path":"/api/projects","status":200}}
{"ts":"2026-09-03T19:29:59.030Z","level":"info","service":"portfolio-api","message":"request","meta":{"method":"GET","path":"/api/publications","status":200}}
{"ts":"2026-09-03T19:29:59.030Z","level":"info","service":"portfolio-api","message":"request","meta":{"method":"GET","path":"/api/education","status":200}}
{"ts":"2026-09-03T19:29:59.504Z","level":"info","service":"portfolio-api","message":"request","meta":{"method":"GET","path":"/api/experience","status":200}}
{"ts":"2026-09-03T19:29:59.509Z","level":"info","service":"portfolio-api","message":"request","meta":{"method":"GET","path":"/api/internships","status":200}}
{"ts":"2026-09-03T19:29:59.511Z","level":"info","service":"portfolio-api","message":"request","meta":{"method":"GET","path":"/api/research-experience","status":200}}
{"ts":"2026-09-03T19:29:59.511Z","level":"info","service":"portfolio-api","message":"request","meta":{"method":"GET","path":"/api/skills","status":200}}
{"ts":"2026-09-03T19:29:59.512Z","level":"info","service":"portfolio-api","message":"request","meta":{"method":"GET","path":"/api/conferences","status":200}}
{"ts":"2026-09-03T19:29:59.521Z","level":"info","service":"portfolio-api","message":"request","meta":{"method":"GET","path":"/api/training","status":200}}
{"ts":"2026-09-03T19:29:59.997Z","level":"info","service":"portfolio-api","message":"request","meta":{"method":"GET","path":"/api/memberships","status":200}}
{"ts":"2026-09-03T19:29:59.998Z","level":"info","service":"portfolio-api","message":"request","meta":{"method":"GET","path":"/api/languages","status":200}}
{"ts":"2026-09-03T19:29:59.998Z","level":"info","service":"portfolio-api","message":"request","meta":{"method":"GET","path":"/api/hobbies","status":200}}
{"ts":"2026-09-03T19:29:59.999Z","level":"info","service":"portfolio-api","message":"request","meta":{"method":"GET","path":"/api/recommendations","status":200}}
{"ts":"2026-09-03T19:30:01.142Z","level":"info","service":"portfolio-api","message":"request","meta":{"method":"GET","path":"/api/settings","status":200}}
{"ts":"2026-09-03T19:30:01.143Z","level":"info","service":"portfolio-api","message":"request","meta":{"method":"GET","path":"/api/about","status":200}}
{"ts":"2026-09-03T19:30:01.144Z","level":"info","service":"portfolio-api","message":"request","meta":{"method":"GET","path":"/api/research-interests","status":200}}
{"ts":"2026-09-03T19:30:01.145Z","level":"info","service":"portfolio-api","message":"request","meta":{"method":"GET","path":"/api/projects","status":200}}
{"ts":"2026-09-03T19:30:01.146Z","level":"info","service":"portfolio-api","message":"request","meta":{"method":"GET","path":"/api/publications","status":200}}
{"ts":"2026-09-03T19:30:01.147Z","level":"info","service":"portfolio-api","message":"request","meta":{"method":"GET","path":"/api/education","status":200}}
{"ts":"2026-09-03T19:30:01.627Z","level":"info","service":"portfolio-api","message":"request","meta":{"method":"GET","path":"/api/experience","status":200}}
{"ts":"2026-09-03T19:30:01.628Z","level":"info","service":"portfolio-api","message":"request","meta":{"method":"GET","path":"/api/internships","status":200}}
{"ts":"2026-09-03T19:30:01.628Z","level":"info","service":"portfolio-api","message":"request","meta":{"method":"GET","path":"/api/research-experience","status":200}}
{"ts":"2026-09-03T19:30:01.629Z","level":"info","service":"portfolio-api","message":"request","meta":{"method":"GET","path":"/api/skills","status":200}}
{"ts":"2026-09-03T19:30:01.631Z","level":"info","service":"portfolio-api","message":"request","meta":{"method":"GET","path":"/api/conferences","status":200}}
{"ts":"2026-09-03T19:30:01.635Z","level":"info","service":"portfolio-api","message":"request","meta":{"method":"GET","path":"/api/training","status":200}}
{"ts":"2026-09-03T19:30:02.121Z","level":"info","service":"portfolio-api","message":"request","meta":{"method":"GET","path":"/api/memberships","status":200}}
{"ts":"2026-09-03T19:30:02.122Z","level":"info","service":"portfolio-api","message":"request","meta":{"method":"GET","path":"/api/languages","status":200}}
{"ts":"2026-09-03T19:30:02.123Z","level":"info","service":"portfolio-api","message":"request","meta":{"method":"GET","path":"/api/hobbies","status":200}}
{"ts":"2026-09-03T19:30:02.124Z","level":"info","service":"portfolio-api","message":"request","meta":{"method":"GET","path":"/api/recommendations","status":200}}
{"ts":"2026-09-03T19:30:04.315Z","level":"info","service":"portfolio-api","message":"request","meta":{"method":"GET","path":"/api/settings","status":200}}
{"ts":"2026-09-03T19:30:04.316Z","level":"info","service":"portfolio-api","message":"request","meta":{"method":"GET","path":"/api/about","status":200}}
{"ts":"2026-09-03T19:30:04.316Z","level":"info","service":"portfolio-api","message":"request","meta":{"method":"GET","path":"/api/research-interests","status":200}}
{"ts":"2026-09-03T19:30:04.317Z","level":"info","service":"portfolio-api","message":"request","meta":{"method":"GET","path":"/api/projects","status":200}}
{"ts":"2026-09-03T19:30:04.318Z","level":"info","service":"portfolio-api","message":"request","meta":{"method":"GET","path":"/api/publications","status":200}}
{"ts":"2026-09-03T19:30:04.318Z","level":"info","service":"portfolio-api","message":"request","meta":{"method":"GET","path":"/api/education","status":200}}
{"ts":"2026-09-03T19:30:04.798Z","level":"info","service":"portfolio-api","message":"request","meta":{"method":"GET","path":"/api/experience","status":200}}
{"ts":"2026-09-03T19:30:04.799Z","level":"info","service":"portfolio-api","message":"request","meta":{"method":"GET","path":"/api/internships","status":200}}
{"ts":"2026-09-03T19:30:04.800Z","level":"info","service":"portfolio-api","message":"request","meta":{"method":"GET","path":"/api/research-experience","status":200}}
{"ts":"2026-09-03T19:30:04.804Z","level":"info","service":"portfolio-api","message":"request","meta":{"method":"GET","path":"/api/skills","status":200}}
{"ts":"2026-09-03T19:30:04.805Z","level":"info","service":"portfolio-api","message":"request","meta":{"method":"GET","path":"/api/conferences","status":200}}
{"ts":"2026-09-03T19:30:04.806Z","level":"info","service":"portfolio-api","message":"request","meta":{"method":"GET","path":"/api/training","status":200}}
{"ts":"2026-09-03T19:30:05.296Z","level":"info","service":"portfolio-api","message":"request","meta":{"method":"GET","path":"/api/memberships","status":200}}
{"ts":"2026-09-03T19:30:05.297Z","level":"info","service":"portfolio-api","message":"request","meta":{"method":"GET","path":"/api/languages","status":200}}
{"ts":"2026-09-03T19:30:05.298Z","level":"info","service":"portfolio-api","message":"request","meta":{"method":"GET","path":"/api/hobbies","status":200}}
{"ts":"2026-09-03T19:30:05.303Z","level":"info","service":"portfolio-api","message":"request","meta":{"method":"GET","path":"/api/recommendations","status":200}}
{"ts":"2026-09-03T19:30:07.096Z","level":"info","service":"portfolio-api","message":"request","meta":{"method":"GET","path":"/api/settings","status":200}}
{"ts":"2026-09-03T19:30:07.097Z","level":"info","service":"portfolio-api","message":"request","meta":{"method":"GET","path":"/api/about","status":200}}
{"ts":"2026-09-03T19:30:07.097Z","level":"info","service":"portfolio-api","message":"request","meta":{"method":"GET","path":"/api/research-interests","status":200}}
{"ts":"2026-09-03T19:30:07.098Z","level":"info","service":"portfolio-api","message":"request","meta":{"method":"GET","path":"/api/projects","status":200}}
{"ts":"2026-09-03T19:30:07.099Z","level":"info","service":"portfolio-api","message":"request","meta":{"method":"GET","path":"/api/publications","status":200}}
{"ts":"2026-09-03T19:30:07.099Z","level":"info","service":"portfolio-api","message":"request","meta":{"method":"GET","path":"/api/education","status":200}}
{"ts":"2026-09-03T19:30:07.582Z","level":"info","service":"portfolio-api","message":"request","meta":{"method":"GET","path":"/api/experience","status":200}}
{"ts":"2026-09-03T19:30:07.582Z","level":"info","service":"portfolio-api","message":"request","meta":{"method":"GET","path":"/api/conferences","status":200}}
{"ts":"2026-09-03T19:30:07.583Z","level":"info","service":"portfolio-api","message":"request","meta":{"method":"GET","path":"/api/internships","status":200}}
{"ts":"2026-09-03T19:30:07.583Z","level":"info","service":"portfolio-api","message":"request","meta":{"method":"GET","path":"/api/research-experience","status":200}}
{"ts":"2026-09-03T19:30:07.584Z","level":"info","service":"portfolio-api","message":"request","meta":{"method":"GET","path":"/api/skills","status":200}}
{"ts":"2026-09-03T19:30:07.585Z","level":"info","service":"portfolio-api","message":"request","meta":{"method":"GET","path":"/api/training","status":200}}
{"ts":"2026-09-03T19:30:08.079Z","level":"info","service":"portfolio-api","message":"request","meta":{"method":"GET","path":"/api/memberships","status":200}}
{"ts":"2026-09-03T19:30:08.080Z","level":"info","service":"portfolio-api","message":"request","meta":{"method":"GET","path":"/api/languages","status":200}}
{"ts":"2026-09-03T19:30:08.081Z","level":"info","service":"portfolio-api","message":"request","meta":{"method":"GET","path":"/api/hobbies","status":200}}
{"ts":"2026-09-03T19:30:08.082Z","level":"info","service":"portfolio-api","message":"request","meta":{"method":"GET","path":"/api/recommendations","status":200}}
{"ts":"2026-09-03T19:30:10.866Z","level":"info","service":"portfolio-api","message":"request","meta":{"method":"GET","path":"/api/settings","status":200}}
{"ts":"2026-09-03T19:30:10.866Z","level":"info","service":"portfolio-api","message":"request","meta":{"method":"GET","path":"/api/about","status":200}}
{"ts":"2026-09-03T19:30:10.867Z","level":"info","service":"portfolio-api","message":"request","meta":{"method":"GET","path":"/api/research-interests","status":200}}
{"ts":"2026-09-03T19:30:10.868Z","level":"info","service":"portfolio-api","message":"request","meta":{"method":"GET","path":"/api/projects","status":200}}
{"ts":"2026-09-03T19:30:10.869Z","level":"info","service":"portfolio-api","message":"request","meta":{"method":"GET","path":"/api/publications","status":200}}
{"ts":"2026-09-03T19:30:10.870Z","level":"info","service":"portfolio-api","message":"request","meta":{"method":"GET","path":"/api/education","status":200}}
{"ts":"2026-09-03T19:30:11.343Z","level":"info","service":"portfolio-api","message":"request","meta":{"method":"GET","path":"/api/experience","status":200}}
{"ts":"2026-09-03T19:30:11.348Z","level":"info","service":"portfolio-api","message":"request","meta":{"method":"GET","path":"/api/internships","status":200}}
{"ts":"2026-09-03T19:30:11.365Z","level":"info","service":"portfolio-api","message":"request","meta":{"method":"GET","path":"/api/research-experience","status":200}}
{"ts":"2026-09-03T19:30:11.366Z","level":"info","service":"portfolio-api","message":"request","meta":{"method":"GET","path":"/api/skills","status":200}}
{"ts":"2026-09-03T19:30:11.366Z","level":"info","service":"portfolio-api","message":"request","meta":{"method":"GET","path":"/api/conferences","status":200}}
{"ts":"2026-09-03T19:30:11.366Z","level":"info","service":"portfolio-api","message":"request","meta":{"method":"GET","path":"/api/training","status":200}}
{"ts":"2026-09-03T19:30:11.831Z","level":"info","service":"portfolio-api","message":"request","meta":{"method":"GET","path":"/api/memberships","status":200}}
{"ts":"2026-09-03T19:30:11.852Z","level":"info","service":"portfolio-api","message":"request","meta":{"method":"GET","path":"/api/languages","status":200}}
{"ts":"2026-09-03T19:30:11.854Z","level":"info","service":"portfolio-api","message":"request","meta":{"method":"GET","path":"/api/hobbies","status":200}}
{"ts":"2026-09-03T19:30:11.855Z","level":"info","service":"portfolio-api","message":"request","meta":{"method":"GET","path":"/api/recommendations","status":200}}
{"ts":"2026-09-03T19:30:22.080Z","level":"info","service":"portfolio-api","message":"request","meta":{"method":"GET","path":"/api/projects/all","status":200}}
{"ts":"2026-09-03T19:30:22.081Z","level":"info","service":"portfolio-api","message":"request","meta":{"method":"GET","path":"/api/publications/all","status":200}}
{"ts":"2026-09-03T19:30:22.082Z","level":"info","service":"portfolio-api","message":"request","meta":{"method":"GET","path":"/api/education/all","status":200}}
{"ts":"2026-09-03T19:30:22.083Z","level":"info","service":"portfolio-api","message":"request","meta":{"method":"GET","path":"/api/experience/all","status":200}}
{"ts":"2026-09-03T19:30:22.083Z","level":"info","service":"portfolio-api","message":"request","meta":{"method":"GET","path":"/api/skills/all","status":200}}
{"ts":"2026-09-03T19:30:22.084Z","level":"info","service":"portfolio-api","message":"request","meta":{"method":"GET","path":"/api/contact","status":200}}
{"ts":"2026-09-03T19:30:22.565Z","level":"info","service":"portfolio-api","message":"request","meta":{"method":"GET","path":"/api/media","status":200}}
{"ts":"2026-09-03T19:30:22.566Z","level":"info","service":"portfolio-api","message":"request","meta":{"method":"GET","path":"/api/audit-logs","status":200}}
{"ts":"2026-09-03T19:30:22.567Z","level":"info","service":"portfolio-api","message":"request","meta":{"method":"GET","path":"/api/cv","status":200}}
{"ts":"2026-09-03T19:30:24.772Z","level":"info","service":"portfolio-api","message":"request","meta":{"method":"POST","path":"/api/auth/logout","status":200}}
{"ts":"2026-09-03T19:30:28.342Z","level":"info","service":"portfolio-api","message":"request","meta":{"method":"GET","path":"/api/settings","status":200}}
{"ts":"2026-09-03T19:30:28.394Z","level":"info","service":"portfolio-api","message":"request","meta":{"method":"GET","path":"/api/research-interests","status":200}}
{"ts":"2026-09-03T19:30:28.434Z","level":"info","service":"portfolio-api","message":"request","meta":{"method":"GET","path":"/api/projects","status":200}}
{"ts":"2026-09-03T19:30:28.434Z","level":"info","service":"portfolio-api","message":"request","meta":{"method":"GET","path":"/api/publications","status":200}}
{"ts":"2026-09-03T19:30:28.435Z","level":"info","service":"portfolio-api","message":"request","meta":{"method":"GET","path":"/api/education","status":200}}
{"ts":"2026-09-03T19:30:28.435Z","level":"info","service":"portfolio-api","message":"request","meta":{"method":"GET","path":"/api/experience","status":200}}
{"ts":"2026-09-03T19:30:28.835Z","level":"info","service":"portfolio-api","message":"request","meta":{"method":"GET","path":"/api/internships","status":200}}
{"ts":"2026-09-03T19:30:28.889Z","level":"info","service":"portfolio-api","message":"request","meta":{"method":"GET","path":"/api/research-experience","status":200}}
{"ts":"2026-09-03T19:30:28.911Z","level":"info","service":"portfolio-api","message":"request","meta":{"method":"GET","path":"/api/skills","status":200}}
{"ts":"2026-09-03T19:30:28.911Z","level":"info","service":"portfolio-api","message":"request","meta":{"method":"GET","path":"/api/conferences","status":200}}
{"ts":"2026-09-03T19:30:28.919Z","level":"info","service":"portfolio-api","message":"request","meta":{"method":"GET","path":"/api/training","status":200}}
{"ts":"2026-09-03T19:30:28.921Z","level":"info","service":"portfolio-api","message":"request","meta":{"method":"GET","path":"/api/memberships","status":200}}
{"ts":"2026-09-03T19:30:29.320Z","level":"info","service":"portfolio-api","message":"request","meta":{"method":"GET","path":"/api/languages","status":200}}
{"ts":"2026-09-03T19:30:29.382Z","level":"info","service":"portfolio-api","message":"request","meta":{"method":"GET","path":"/api/hobbies","status":200}}
{"ts":"2026-09-03T19:30:29.399Z","level":"info","service":"portfolio-api","message":"request","meta":{"method":"GET","path":"/api/recommendations","status":200}}
{"ts":"2026-09-03T19:30:29.402Z","level":"info","service":"portfolio-api","message":"request","meta":{"method":"GET","path":"/api/about","status":200}}
{"ts":"2026-09-03T19:30:29.414Z","level":"info","service":"portfolio-api","message":"request","meta":{"method":"GET","path":"/api/media","status":200}}
{"ts":"2026-09-03T19:31:06.196Z","level":"info","service":"portfolio-api","message":"request","meta":{"method":"GET","path":"/api/about","status":200}}
{"ts":"2026-09-03T19:31:07.990Z","level":"info","service":"portfolio-api","message":"request","meta":{"method":"GET","path":"/api/research-interests","status":200}}
{"ts":"2026-09-03T19:31:07.992Z","level":"info","service":"portfolio-api","message":"request","meta":{"method":"GET","path":"/api/projects","status":200}}
{"ts":"2026-09-03T19:31:07.994Z","level":"info","service":"portfolio-api","message":"request","meta":{"method":"GET","path":"/api/publications","status":200}}
{"ts":"2026-09-03T19:31:07.996Z","level":"info","service":"portfolio-api","message":"request","meta":{"method":"GET","path":"/api/education","status":200}}
{"ts":"2026-09-03T19:31:07.997Z","level":"info","service":"portfolio-api","message":"request","meta":{"method":"GET","path":"/api/experience","status":200}}
{"ts":"2026-09-03T19:31:08.000Z","level":"info","service":"portfolio-api","message":"request","meta":{"method":"GET","path":"/api/internships","status":200}}
{"ts":"2026-09-03T19:31:08.474Z","level":"info","service":"portfolio-api","message":"request","meta":{"method":"GET","path":"/api/research-experience","status":200}}
{"ts":"2026-09-03T19:31:08.475Z","level":"info","service":"portfolio-api","message":"request","meta":{"method":"GET","path":"/api/skills","status":200}}
{"ts":"2026-09-03T19:31:08.475Z","level":"info","service":"portfolio-api","message":"request","meta":{"method":"GET","path":"/api/conferences","status":200}}
{"ts":"2026-09-03T19:31:08.480Z","level":"info","service":"portfolio-api","message":"request","meta":{"method":"GET","path":"/api/training","status":200}}
{"ts":"2026-09-03T19:31:08.481Z","level":"info","service":"portfolio-api","message":"request","meta":{"method":"GET","path":"/api/memberships","status":200}}
{"ts":"2026-09-03T19:31:08.493Z","level":"info","service":"portfolio-api","message":"request","meta":{"method":"GET","path":"/api/languages","status":200}}
{"ts":"2026-09-03T19:31:08.964Z","level":"info","service":"portfolio-api","message":"request","meta":{"method":"GET","path":"/api/hobbies","status":200}}
{"ts":"2026-09-03T19:31:08.965Z","level":"info","service":"portfolio-api","message":"request","meta":{"method":"GET","path":"/api/recommendations","status":200}}
{"ts":"2026-09-03T19:31:08.967Z","level":"info","service":"portfolio-api","message":"request","meta":{"method":"GET","path":"/api/about","status":200}}
{"ts":"2026-09-03T19:31:08.968Z","level":"info","service":"portfolio-api","message":"request","meta":{"method":"GET","path":"/api/settings","status":200}}
{"ts":"2026-09-03T19:33:55.738Z","level":"info","service":"portfolio-api","message":"request","meta":{"method":"GET","path":"/api/about","status":200}}
{"ts":"2026-09-03T19:33:55.739Z","level":"info","service":"portfolio-api","message":"request","meta":{"method":"GET","path":"/api/settings","status":200}}
{"ts":"2026-09-03T19:33:55.740Z","level":"info","service":"portfolio-api","message":"request","meta":{"method":"GET","path":"/api/media","status":200}}
{"ts":"2026-09-03T19:34:01.872Z","level":"info","service":"portfolio-api","message":"request","meta":{"method":"GET","path":"/api/settings","status":200}}
{"ts":"2026-09-03T19:34:02.101Z","level":"info","service":"portfolio-api","message":"request","meta":{"method":"GET","path":"/api/research-interests","status":200}}
{"ts":"2026-09-03T19:34:02.102Z","level":"info","service":"portfolio-api","message":"request","meta":{"method":"GET","path":"/api/projects","status":200}}
{"ts":"2026-09-03T19:34:02.108Z","level":"info","service":"portfolio-api","message":"request","meta":{"method":"GET","path":"/api/publications","status":200}}
{"ts":"2026-09-03T19:34:02.415Z","level":"info","service":"portfolio-api","message":"request","meta":{"method":"GET","path":"/api/education","status":200}}
{"ts":"2026-09-03T19:34:02.416Z","level":"info","service":"portfolio-api","message":"request","meta":{"method":"GET","path":"/api/experience","status":200}}
{"ts":"2026-09-03T19:34:02.417Z","level":"info","service":"portfolio-api","message":"request","meta":{"method":"GET","path":"/api/internships","status":200}}
{"ts":"2026-09-03T19:34:02.586Z","level":"info","service":"portfolio-api","message":"request","meta":{"method":"GET","path":"/api/research-experience","status":200}}
{"ts":"2026-09-03T19:34:02.587Z","level":"info","service":"portfolio-api","message":"request","meta":{"method":"GET","path":"/api/skills","status":200}}
{"ts":"2026-09-03T19:34:02.596Z","level":"info","service":"portfolio-api","message":"request","meta":{"method":"GET","path":"/api/conferences","status":200}}
{"ts":"2026-09-03T19:34:02.898Z","level":"info","service":"portfolio-api","message":"request","meta":{"method":"GET","path":"/api/training","status":200}}
{"ts":"2026-09-03T19:34:02.899Z","level":"info","service":"portfolio-api","message":"request","meta":{"method":"GET","path":"/api/memberships","status":200}}
{"ts":"2026-09-03T19:34:02.919Z","level":"info","service":"portfolio-api","message":"request","meta":{"method":"GET","path":"/api/languages","status":200}}
{"ts":"2026-09-03T19:34:03.067Z","level":"info","service":"portfolio-api","message":"request","meta":{"method":"GET","path":"/api/hobbies","status":200}}
{"ts":"2026-09-03T19:34:03.067Z","level":"info","service":"portfolio-api","message":"request","meta":{"method":"GET","path":"/api/recommendations","status":200}}
{"ts":"2026-09-03T19:34:03.095Z","level":"info","service":"portfolio-api","message":"request","meta":{"method":"GET","path":"/api/about","status":200}}
{"ts":"2026-09-03T19:34:06.748Z","level":"info","service":"portfolio-api","message":"request","meta":{"method":"GET","path":"/api/about","status":200}}
{"ts":"2026-09-03T19:34:06.749Z","level":"info","service":"portfolio-api","message":"request","meta":{"method":"GET","path":"/api/settings","status":200}}
{"ts":"2026-09-03T19:34:09.745Z","level":"info","service":"portfolio-api","message":"request","meta":{"method":"GET","path":"/api/research-interests","status":200}}
{"ts":"2026-09-03T19:34:09.751Z","level":"info","service":"portfolio-api","message":"request","meta":{"method":"GET","path":"/api/about","status":200}}
{"ts":"2026-09-03T19:34:10.059Z","level":"info","service":"portfolio-api","message":"request","meta":{"method":"GET","path":"/api/settings","status":200}}
{"ts":"2026-09-03T19:34:12.694Z","level":"info","service":"portfolio-api","message":"request","meta":{"method":"GET","path":"/api/research-interests","status":200}}
{"ts":"2026-09-03T19:34:12.695Z","level":"info","service":"portfolio-api","message":"request","meta":{"method":"GET","path":"/api/research","status":200}}
{"ts":"2026-09-03T19:34:21.700Z","level":"info","service":"portfolio-api","message":"request","meta":{"method":"GET","path":"/api/settings","status":200}}
1:19:41 AM [tsx] change in ./server\src\validation\schemas.ts Restarting...
◇ injected env (9) from .env // tip: ◈ secrets for agents [www.dotenvx.com]
{"ts":"2026-09-03T19:34:44.106Z","level":"info","service":"portfolio-api","message":"Connected to MongoDB database: portfolio_db"}
{"ts":"2026-09-03T19:34:44.460Z","level":"info","service":"portfolio-api","message":"Connected to MongoDB with 26 collections."}
{"ts":"2026-09-03T19:34:44.462Z","level":"info","service":"portfolio-api","message":"Server running on port 5000","meta":{"environment":"development"}}
1:19:44 AM [tsx] change in ./server\src\db\database.ts Restarting...
◇ injected env (9) from .env // tip: ⌘ multiple files { path: ['.env.local', '.env'] }
{"ts":"2026-09-03T19:34:46.851Z","level":"info","service":"portfolio-api","message":"Connected to MongoDB database: portfolio_db"}
{"ts":"2026-09-03T19:34:47.211Z","level":"info","service":"portfolio-api","message":"Connected to MongoDB with 26 collections."}
{"ts":"2026-09-03T19:34:47.212Z","level":"info","service":"portfolio-api","message":"Server running on port 5000","meta":{"environment":"development"}}
1:19:52 AM [tsx] change in ./server\src\db\memory-seed.ts Restarting...
◇ injected env (9) from .env // tip: ◈ encrypted .env [www.dotenvx.com]
{"ts":"2026-09-03T19:34:54.839Z","level":"info","service":"portfolio-api","message":"Connected to MongoDB database: portfolio_db"}
{"ts":"2026-09-03T19:34:55.191Z","level":"info","service":"portfolio-api","message":"Connected to MongoDB with 26 collections."}
{"ts":"2026-09-03T19:34:55.196Z","level":"info","service":"portfolio-api","message":"Server running on port 5000","meta":{"environment":"development"}}
1:22:42 AM [tsx] change in ./server\src\validation\schemas.ts Restarting...
C:\Users\nites\Desktop\dipportfolio\server\src\validation\schemas.ts:391
  research: researchInterestSchema,
            ^

ReferenceError: researchInterestSchema is not defined
    at <anonymous> (C:\Users\nites\Desktop\dipportfolio\server\src\validation\schemas.ts:391:13)
    at Object.<anonymous> (C:\Users\nites\Desktop\dipportfolio\server\src\validation\schemas.ts:405:1)
    at Module._compile (node:internal/modules/cjs/loader:1856:14)
    at Object.transformer (C:\Users\nites\Desktop\dipportfolio\node_modules\tsx\dist\register-C557imBs.cjs:9:3619)
    at Module.load (node:internal/modules/cjs/loader:1579:32)
    at Module._load (node:internal/modules/cjs/loader:1381:12)
    at wrapModuleLoad (node:internal/modules/cjs/loader:255:19)
    at Module.require (node:internal/modules/cjs/loader:1602:12)
    at require (node:internal/modules/helpers:191:16)
    at <anonymous> (C:\Users\nites\Desktop\dipportfolio\server\src\routes\auth.routes.ts:8:65)

Node.js v26.1.0
1:22:46 AM [tsx] change in ./server\src\validation\schemas.ts Rerunning...
◇ injected env (9) from .env // tip: ⌘ custom filepath { path: '/custom/path/.env' }
{"ts":"2026-09-03T19:37:48.375Z","level":"info","service":"portfolio-api","message":"Connected to MongoDB database: portfolio_db"}
{"ts":"2026-09-03T19:37:48.746Z","level":"info","service":"portfolio-api","message":"Connected to MongoDB with 26 collections."}
{"ts":"2026-09-03T19:37:48.747Z","level":"info","service":"portfolio-api","message":"Server running on port 5000","meta":{"environment":"development"}}
1:22:51 AM [tsx] change in ./server\src\data\cv-seed-data.ts Restarting...
◇ injected env (9) from .env // tip: ◈ encrypted .env [www.dotenvx.com]
{"ts":"2026-09-03T19:37:54.023Z","level":"info","service":"portfolio-api","message":"Connected to MongoDB database: portfolio_db"}
{"ts":"2026-09-03T19:37:54.373Z","level":"info","service":"portfolio-api","message":"Connected to MongoDB with 26 collections."}
{"ts":"2026-09-03T19:37:54.374Z","level":"info","service":"portfolio-api","message":"Server running on port 5000","meta":{"environment":"development"}}
1:22:56 AM [tsx] change in ./server\src\db\database.ts Restarting...
◇ injected env (9) from .env // tip: ◈ encrypted .env [www.dotenvx.com]
{"ts":"2026-09-03T19:37:59.162Z","level":"info","service":"portfolio-api","message":"Connected to MongoDB database: portfolio_db"}
{"ts":"2026-09-03T19:37:59.514Z","level":"info","service":"portfolio-api","message":"Connected to MongoDB with 26 collections."}
{"ts":"2026-09-03T19:37:59.517Z","level":"info","service":"portfolio-api","message":"Server running on port 5000","meta":{"environment":"development"}}
1:23:00 AM [tsx] change in ./server\src\db\database.ts Restarting...
◇ injected env (9) from .env // tip: ⌘ enable debugging { debug: true }
{"ts":"2026-09-03T19:38:02.520Z","level":"info","service":"portfolio-api","message":"Connected to MongoDB database: portfolio_db"}
{"ts":"2026-09-03T19:38:02.898Z","level":"info","service":"portfolio-api","message":"Connected to MongoDB with 26 collections."}
{"ts":"2026-09-03T19:38:02.901Z","level":"info","service":"portfolio-api","message":"Server running on port 5000","meta":{"environment":"development"}}
1:23:06 AM [tsx] change in ./server\src\db\memory-seed.ts Restarting...
◇ injected env (9) from .env // tip: ⌁ auth for agents [www.vestauth.com]
{"ts":"2026-09-03T19:38:08.488Z","level":"info","service":"portfolio-api","message":"Connected to MongoDB database: portfolio_db"}
{"ts":"2026-09-03T19:38:08.860Z","level":"info","service":"portfolio-api","message":"Connected to MongoDB with 26 collections."}
{"ts":"2026-09-03T19:38:08.861Z","level":"info","service":"portfolio-api","message":"Server running on port 5000","meta":{"environment":"development"}}
1:23:13 AM [tsx] change in ./server\src\db\memory-seed.ts Restarting...
◇ injected env (9) from .env // tip: ◈ encrypted .env [www.dotenvx.com]
{"ts":"2026-09-03T19:38:15.998Z","level":"info","service":"portfolio-api","message":"Connected to MongoDB database: portfolio_db"}
{"ts":"2026-09-03T19:38:16.364Z","level":"info","service":"portfolio-api","message":"Connected to MongoDB with 26 collections."}
{"ts":"2026-09-03T19:38:16.366Z","level":"info","service":"portfolio-api","message":"Server running on port 5000","meta":{"environment":"development"}}
1:26:36 AM [tsx] change in ./server\src\data\cv-seed-data.ts Restarting...
◇ injected env (9) from .env // tip: ⌁ auth for agents [www.vestauth.com]
1:26:38 AM [tsx] change in ./server\src\data\cv-seed-data.ts Restarting...
◇ injected env (9) from .env // tip: ◈ secrets for agents [www.dotenvx.com]
{"ts":"2026-09-03T19:41:40.243Z","level":"info","service":"portfolio-api","message":"Connected to MongoDB database: portfolio_db"}
{"ts":"2026-09-03T19:41:40.623Z","level":"info","service":"portfolio-api","message":"Connected to MongoDB with 26 collections."}
{"ts":"2026-09-03T19:41:40.625Z","level":"info","service":"portfolio-api","message":"Server running on port 5000","meta":{"environment":"development"}}
